ID1	ID2	seq_len	begin_auth	end_auth	begin_label	end_label
1A12A	1A12.A	413	35	85	27	77
1A12A	1A12.A	413	86	137	78	129
1A12A	1A12.A	413	138	190	130	182
1A12A	1A12.A	413	191	258	183	250
1A12A	1A12.A	413	259	312	251	304
1A12A	1A12.A	413	313	363	305	355
1A12A	1A12.A	413	364	417	356	409
1BD8A	1BD8.A	156	7	33	1	27
1BD8A	1BD8.A	156	34	65	28	59
1BD8A	1BD8.A	156	66	98	60	92
1BD8A	1BD8.A	156	99	130	93	124
1BD8A	1BD8.A	156	131	162	125	156
1BDOA	1BDO.A	80	80	123	4	47
1BDOA	1BDO.A	80	124	156	48	80
1C3MA	1C3M.A	147	8	54	8	54
1C3MA	1C3M.A	147	56	104	56	104
1C3MA	1C3M.A	147	105	147	105	147
1CZAN	1CZA.N	917	16	463	16	463
1CZAN	1CZA.N	917	464	911	464	911
1DM5A	1DM5.A	315	5	156	4	155
1DM5A	1DM5.A	315	157	315	156	314
1DQGA	1DQG.A	135	5	43	5	43
1DQGA	1DQG.A	135	44	85	44	85
1DQGA	1DQG.A	135	86	124	86	124
1F1EA	1F1E.A	154	4	77	4	77
1F1EA	1F1E.A	154	82	154	82	154
1G61A	1G61.A	228	2003	2040	3	40
1G61A	1G61.A	228	2041	2084	41	84
1G61A	1G61.A	228	2085	2131	85	131
1G61A	1G61.A	228	2132	2175	132	175
1G61A	1G61.A	228	2176	2221	176	221
1GL2B	1GL2.B	65	169	179	5	15
1GL2B	1GL2.B	65	180	190	16	26
1GL2B	1GL2.B	65	191	201	27	37
1GL2B	1GL2.B	65	202	212	38	48
1GL2B	1GL2.B	65	213	223	49	59
1GL2D	1GL2.D	65	152	164	8	20
1GL2D	1GL2.D	65	165	178	21	34
1GL2D	1GL2.D	65	179	192	35	48
1GL2D	1GL2.D	65	193	206	49	62
1GU9A	1GU9.A	177	8	92	8	92
1GU9A	1GU9.A	177	95	175	95	175
1GUDA	1GUD.A	288	1	132	1	132
1GUDA	1GUD.A	288	133	265	133	265
1H9MA	1H9M.A	145	2	69	5	72
1H9MA	1H9M.A	145	74	141	77	144
1H9SA	1H9S.A	140	123	191	1	69
1H9SA	1H9S.A	140	195	260	73	138
1HFOA	1HFO.A	113	1	54	1	54
1HFOA	1HFO.A	113	57	113	57	113
1IHBA	1IHB.A	162	7	27	7	27
1IHBA	1IHB.A	162	28	59	28	59
1IHBA	1IHB.A	162	60	92	60	92
1IHBA	1IHB.A	162	93	125	93	125
1IHBA	1IHB.A	162	127	159	127	159
1IJTA	1IJT.A	128	81	120	3	42
1IJTA	1IJT.A	128	121	161	43	83
1IJTA	1IJT.A	128	162	206	84	128
1ITVA	1ITV.A	195	4	49	4	49
1ITVA	1ITV.A	195	50	94	50	94
1ITVA	1ITV.A	195	95	143	95	143
1ITVA	1ITV.A	195	144	190	144	190
1JCDA	1JCD.A	52	3	12	3	12
1JCDA	1JCD.A	52	13	22	13	22
1JCDA	1JCD.A	52	23	32	23	32
1JCDA	1JCD.A	52	33	42	33	42
1JCDA	1JCD.A	52	43	52	43	52
1JEKA	1JEK.A	42	546	553	2	9
1JEKA	1JEK.A	42	554	561	10	17
1JEKA	1JEK.A	42	562	569	18	25
1JEKA	1JEK.A	42	570	577	26	33
1JEKA	1JEK.A	42	578	585	34	41
1JFLA	1JFL.A	228	2	115	2	115
1JFLA	1JFL.A	228	116	225	116	225
1JYEA	1JYE.A	349	62	177	62	177
1JYEA	1JYE.A	349	180	307	180	307
1K1AA	1K1A.A	241	125	148	7	30
1K1AA	1K1A.A	241	152	185	34	67
1K1AA	1K1A.A	241	186	218	68	100
1K1AA	1K1A.A	241	220	255	102	137
1K1AA	1K1A.A	241	256	289	138	171
1K1AA	1K1A.A	241	290	322	172	204
1K1AA	1K1A.A	241	323	352	205	234
1K6KA	1K6K.A	143	1	62	1	62
1K6KA	1K6K.A	143	79	142	79	142
1KHYD	1KHY.D	148	4	70	4	70
1KHYD	1KHY.D	148	81	142	81	142
1KNMA	1KNM.A	130	7	46	7	46
1KNMA	1KNM.A	130	47	86	47	86
1KNMA	1KNM.A	130	87	129	87	129
1KZQA	1KZQ.A	289	6	130	7	131
1KZQA	1KZQ.A	289	136	255	137	256
1LSLA	1LSL.A	113	416	470	1	55
1LSLA	1LSL.A	113	473	528	58	113
1M2TB	1M2T.B	263	257	296	10	49
1M2TB	1M2T.B	263	297	337	50	90
1M2TB	1M2T.B	263	338	378	91	131
1M2TB	1M2T.B	263	388	420	141	173
1M2TB	1M2T.B	263	421	463	174	216
1M2TB	1M2T.B	263	464	505	217	258
1MOQA	1MOQ.A	368	250	429	10	189
1MOQA	1MOQ.A	368	431	595	191	355
1MP9A	1MP9.A	198	6	95	6	95
1MP9A	1MP9.A	198	97	186	97	186
1MZ9A	1MZ9.A	45	28	37	2	11
1MZ9A	1MZ9.A	45	38	47	12	21
1MZ9A	1MZ9.A	45	48	57	22	31
1MZ9A	1MZ9.A	45	58	67	32	41
1MZHA	1MZH.A	225	101	212	1	112
1MZHA	1MZH.A	225	213	314	113	214
1N2DC	1N2D.C	48	806	813	1	8
1N2DC	1N2D.C	48	814	821	9	16
1N2DC	1N2D.C	48	822	829	17	24
1N2DC	1N2D.C	48	830	837	25	32
1N2DC	1N2D.C	48	838	845	33	40
1N2DC	1N2D.C	48	846	853	41	48
1N7SA	1N7S.A	63	27	33	1	7
1N7SA	1N7S.A	63	34	47	8	21
1N7SA	1N7S.A	63	48	61	22	35
1N7SA	1N7S.A	63	62	75	36	49
1N7SA	1N7S.A	63	76	89	50	63
1N7SC	1N7S.C	79	7	17	3	13
1N7SC	1N7S.C	79	18	28	14	24
1N7SC	1N7S.C	79	29	39	25	35
1N7SC	1N7S.C	79	40	49	36	45
1N7SC	1N7S.C	79	50	60	46	56
1N7SC	1N7S.C	79	61	71	57	67
1N7SC	1N7S.C	79	72	82	68	78
1NKDA	1NKD.A	65	5	31	5	31
1NKDA	1NKD.A	65	33	59	33	59
1NPSA	1NPS.A	88	1	45	1	45
1NPSA	1NPS.A	88	47	85	47	85
1O6VA	1O6V.A	466	66	87	36	57
1O6VA	1O6V.A	466	89	109	59	79
1O6VA	1O6V.A	466	110	131	80	101
1O6VA	1O6V.A	466	132	153	102	123
1O6VA	1O6V.A	466	154	175	124	145
1O6VA	1O6V.A	466	176	196	146	166
1O6VA	1O6V.A	466	197	218	167	188
1O6VA	1O6V.A	466	219	240	189	210
1O6VA	1O6V.A	466	241	262	211	232
1O6VA	1O6V.A	466	263	284	233	254
1O6VA	1O6V.A	466	285	306	255	276
1O6VA	1O6V.A	466	307	328	277	298
1O6VA	1O6V.A	466	329	350	299	320
1O6VA	1O6V.A	466	351	372	321	342
1O6VA	1O6V.A	466	373	394	343	364
1O6VA	1O6V.A	466	395	416	365	386
1O6VA	1O6V.A	466	474	488	444	458
1OKIA	1OKI.A	210	57	96	16	55
1OKIA	1OKI.A	210	97	141	56	100
1OKIA	1OKI.A	210	147	188	106	147
1OKIA	1OKI.A	210	189	231	148	190
1OLLA	1OLL.A	188	2	95	2	95
1OLLA	1OLL.A	188	97	188	97	188
1OUVA	1OUV.A	273	28	59	5	36
1OUVA	1OUV.A	273	60	95	37	72
1OUVA	1OUV.A	273	96	131	73	108
1OUVA	1OUV.A	273	132	167	109	144
1OUVA	1OUV.A	273	168	203	145	180
1OUVA	1OUV.A	273	204	239	181	216
1OUVA	1OUV.A	273	240	275	217	252
1OZNA	1OZN.A	285	28	50	3	25
1OZNA	1OZN.A	285	51	71	26	46
1OZNA	1OZN.A	285	72	95	47	70
1OZNA	1OZN.A	285	96	120	71	95
1OZNA	1OZN.A	285	121	144	96	119
1OZNA	1OZN.A	285	145	168	120	143
1OZNA	1OZN.A	285	169	192	144	167
1OZNA	1OZN.A	285	193	216	168	191
1OZNA	1OZN.A	285	217	240	192	215
1OZNA	1OZN.A	285	241	264	216	239
1OZNA	1OZN.A	285	268	291	243	266
1PBJA	1PBJ.A	125	2	56	2	56
1PBJA	1PBJ.A	125	66	120	66	120
1Q1UA	1Q1U.A	144	10	49	10	49
1Q1UA	1Q1U.A	144	50	90	50	90
1Q1UA	1Q1U.A	144	92	141	92	141
1Q7FA	1Q7F.A	286	763	805	12	54
1Q7FA	1Q7F.A	286	806	854	55	103
1Q7FA	1Q7F.A	286	855	896	104	145
1Q7FA	1Q7F.A	286	897	939	146	188
1Q7FA	1Q7F.A	286	940	982	189	231
1Q7FA	1Q7F.A	286	984	1025	233	274
1QNAA	1QNA.A	200	19	107	19	107
1QNAA	1QNA.A	200	109	196	109	196
1QO2A	1QO2.A	241	1	117	1	117
1QO2A	1QO2.A	241	120	241	120	241
1QS1A	1QS1.A	462	60	261	60	261
1QS1A	1QS1.A	462	262	458	262	458
1RF6A	1RF6.A	427	1	189	1	189
1RF6A	1RF6.A	427	214	407	214	407
1RG8A	1RG8.A	146	9	49	15	55
1RG8A	1RG8.A	146	51	90	57	96
1RG8A	1RG8.A	146	92	137	98	143
1RWZA	1RWZ.A	245	1	58	1	58
1RWZA	1RWZ.A	245	64	113	64	113
1RWZA	1RWZ.A	245	128	183	128	183
1RWZA	1RWZ.A	245	188	243	188	243
1RXQA	1RXQ.A	178	6	86	6	86
1RXQA	1RXQ.A	178	88	175	88	175
1SUMB	1SUM.B	235	8	109	8	109
1SUMB	1SUM.B	235	112	209	112	209
1T61A	1T61.A	229	5	113	5	113
1T61A	1T61.A	229	115	227	115	227
1T9FA	1T9F.A	187	24	77	5	58
1T9FA	1T9F.A	187	86	141	67	122
1T9FA	1T9F.A	187	143	196	124	177
1UOHA	1UOH.A	226	7	27	7	27
1UOHA	1UOH.A	226	28	61	28	61
1UOHA	1UOH.A	226	62	94	62	94
1UOHA	1UOH.A	226	95	127	95	127
1UOHA	1UOH.A	226	128	160	128	160
1UOHA	1UOH.A	226	161	193	161	193
1UOHA	1UOH.A	226	194	222	194	222
1VR9A	1VR9.A	213	1	55	13	67
1VR9A	1VR9.A	213	57	114	69	126
1W7BA	1W7B.A	339	32	100	32	100
1W7BA	1W7B.A	339	104	172	104	172
1W7BA	1W7B.A	339	188	257	188	257
1W7BA	1W7B.A	339	261	332	261	332
1WQ6A	1WQ6.A	72	14	21	14	21
1WQ6A	1WQ6.A	72	22	29	22	29
1WQ6A	1WQ6.A	72	30	37	30	37
1WQ6A	1WQ6.A	72	38	45	38	45
1WQ6A	1WQ6.A	72	46	53	46	53
1WQ6A	1WQ6.A	72	54	61	54	61
1WQ6A	1WQ6.A	72	62	69	62	69
1XD5A	1XD5.A	112	19	48	19	48
1XD5A	1XD5.A	112	50	79	50	79
1XD5A	1XD5.A	112	81	111	81	111
1Y5HA	1Y5H.A	133	2	57	8	63
1Y5HA	1Y5H.A	133	68	122	74	128
1Y66A	1Y66.A	52	4	11	4	11
1Y66A	1Y66.A	52	12	19	12	19
1Y66A	1Y66.A	52	20	27	20	27
1Y66A	1Y66.A	52	28	35	28	35
1Y66A	1Y66.A	52	36	43	36	43
1Y66A	1Y66.A	52	44	51	44	51
1YBIA	1YBI.A	288	13	52	8	47
1YBIA	1YBI.A	288	56	99	51	94
1YBIA	1YBI.A	288	103	144	98	139
1YBIA	1YBI.A	288	152	194	147	189
1YBIA	1YBI.A	288	198	242	193	237
1YBIA	1YBI.A	288	247	292	242	287
1YBKA	1YBK.A	52	1	8	1	8
1YBKA	1YBK.A	52	9	19	9	19
1YBKA	1YBK.A	52	20	30	20	30
1YBKA	1YBK.A	52	31	41	31	41
1YBKA	1YBK.A	52	42	52	42	52
1YQTA	1YQT.A	538	78	321	26	269
1YQTA	1YQT.A	538	344	554	292	502
1Z7XW	1Z7X.W	461	3	27	4	28
1Z7XW	1Z7X.W	461	28	52	29	53
1Z7XW	1Z7X.W	461	53	80	54	81
1Z7XW	1Z7X.W	461	82	109	83	110
1Z7XW	1Z7X.W	461	110	137	111	138
1Z7XW	1Z7X.W	461	139	166	140	167
1Z7XW	1Z7X.W	461	167	194	168	195
1Z7XW	1Z7X.W	461	196	223	197	224
1Z7XW	1Z7X.W	461	224	251	225	252
1Z7XW	1Z7X.W	461	253	280	254	281
1Z7XW	1Z7X.W	461	281	308	282	309
1Z7XW	1Z7X.W	461	310	337	311	338
1Z7XW	1Z7X.W	461	338	365	339	366
1Z7XW	1Z7X.W	461	367	394	368	395
1Z7XW	1Z7X.W	461	395	422	396	423
1Z7XW	1Z7X.W	461	425	451	426	452
1ZHSA	1ZHS.A	113	1	54	1	54
1ZHSA	1ZHS.A	113	60	113	60	113
1ZSWA	1ZSW.A	338	-3	134	21	158
1ZSWA	1ZSW.A	338	145	276	169	300
2A26A	2A26.A	50	2	21	5	24
2A26A	2A26.A	50	25	44	28	47
2A3NA	2A3N.A	355	8	169	20	181
2A3NA	2A3N.A	355	171	332	183	344
2AMLA	2AML.A	373	2	176	14	188
2AMLA	2AML.A	373	177	339	189	351
2BI0A	2BI0.A	337	10	157	10	157
2BI0A	2BI0.A	337	199	337	199	337
2BV2A	2BV2.A	83	1	40	1	40
2BV2A	2BV2.A	83	42	82	42	82
2BWRA	2BWR.A	401	17	66	17	66
2BWRA	2BWR.A	401	67	123	67	123
2BWRA	2BWR.A	401	124	178	124	178
2BWRA	2BWR.A	401	179	234	179	234
2BWRA	2BWR.A	401	235	289	235	289
2BWRA	2BWR.A	401	290	344	290	344
2BWRA	2BWR.A	401	345	399	345	399
2DRIA	2DRI.A	271	2	122	2	122
2DRIA	2DRI.A	271	124	254	124	254
2DTJA	2DTJ.A	178	4	83	4	83
2DTJA	2DTJ.A	178	84	158	84	158
2E5FA	2E5F.A	325	4	156	4	156
2E5FA	2E5F.A	325	158	308	158	308
2EJNA	2EJN.A	153	1	72	2	73
2EJNA	2EJN.A	153	75	145	76	146
2F2BA	2F2B.A	246	1	123	1	123
2F2BA	2F2B.A	246	140	245	140	245
2F8YA	2F8Y.A	223	1918	1940	14	36
2F8YA	2F8Y.A	223	1941	1973	37	69
2F8YA	2F8Y.A	223	1974	2007	70	103
2F8YA	2F8Y.A	223	2008	2040	104	136
2F8YA	2F8Y.A	223	2041	2073	137	169
2F8YA	2F8Y.A	223	2074	2106	170	202
2F9HA	2F9H.A	129	4	61	7	64
2F9HA	2F9H.A	129	62	122	65	125
2FDNA	2FDN.A	55	1	26	1	26
2FDNA	2FDN.A	55	29	55	29	55
2FJ8A	2FJ8.A	125	4	62	4	62
2FJ8A	2FJ8.A	125	63	121	63	121
2GHSA	2GHS.A	326	27	157	39	169
2GHSA	2GHS.A	326	158	303	170	315
2GKEA	2GKE.A	274	1	124	1	124
2GKEA	2GKE.A	274	148	267	148	267
2H1VA	2H1V.A	310	4	164	4	164
2H1VA	2H1V.A	310	174	307	174	307
2HLSA	2HLS.A	243	9	120	9	120
2HLSA	2HLS.A	243	121	226	121	226
2HO1A	2HO1.A	252	36	67	36	67
2HO1A	2HO1.A	252	68	101	68	101
2HO1A	2HO1.A	252	102	135	102	135
2HO1A	2HO1.A	252	138	171	138	171
2HO1A	2HO1.A	252	172	205	172	205
2HO1A	2HO1.A	252	206	239	206	239
2IC6A	2IC6.A	78	4	36	7	39
2IC6A	2IC6.A	78	37	69	40	72
2II2A	2II2.A	310	2	143	6	147
2II2A	2II2.A	310	152	305	156	309
2J8KA	2J8K.A	201	13	22	33	42
2J8KA	2J8K.A	201	23	32	43	52
2J8KA	2J8K.A	201	33	42	53	62
2J8KA	2J8K.A	201	43	52	63	72
2J8KA	2J8K.A	201	53	62	73	82
2J8KA	2J8K.A	201	63	72	83	92
2J8KA	2J8K.A	201	73	82	93	102
2J8KA	2J8K.A	201	83	92	103	112
2J8KA	2J8K.A	201	93	102	113	122
2J8KA	2J8K.A	201	103	112	123	132
2J8KA	2J8K.A	201	113	122	133	142
2J8KA	2J8K.A	201	123	132	143	152
2J8KA	2J8K.A	201	133	142	153	162
2J8KA	2J8K.A	201	143	152	163	172
2J8KA	2J8K.A	201	153	162	173	182
2J8KA	2J8K.A	201	163	172	183	192
2O0BA	2O0B.A	450	1	212	1	212
2O0BA	2O0B.A	450	219	424	219	424
2O1KA	2O1K.A	52	95	104	1	10
2O1KA	2O1K.A	52	105	115	11	21
2O1KA	2O1K.A	52	116	126	22	32
2O1KA	2O1K.A	52	127	137	33	43
2O20A	2O20.A	332	64	180	64	180
2O20A	2O20.A	332	181	310	181	310
2O62A	2O62.A	270	5	127	6	128
2O62A	2O62.A	270	136	269	137	270
2O9GA	2O9G.A	234	-2	106	1	109
2O9GA	2O9G.A	234	128	230	131	233
2OJHA	2OJH.A	297	18	55	20	57
2OJHA	2OJH.A	297	58	98	60	100
2OJHA	2OJH.A	297	106	142	108	144
2OJHA	2OJH.A	297	149	186	151	188
2OJHA	2OJH.A	297	193	230	195	232
2OJHA	2OJH.A	297	245	285	247	287
2OLTA	2OLT.A	227	13	110	14	111
2OLTA	2OLT.A	227	120	226	121	227
2OWNA	2OWN.A	262	3	120	4	121
2OWNA	2OWN.A	262	152	257	153	258
2P17A	2P17.A	277	5	119	5	119
2P17A	2P17.A	277	126	245	126	245
2P4OA	2P4O.A	306	18	102	19	103
2P4OA	2P4O.A	306	103	195	104	196
2P4OA	2P4O.A	306	201	297	202	298
2P5MA	2P5M.A	83	79	113	13	47
2P5MA	2P5M.A	83	114	148	48	82
2PKHA	2PKH.A	148	109	163	8	62
2PKHA	2PKH.A	148	187	240	86	139
2PNEA	2PNE.A	81	1	12	1	12
2PNEA	2PNE.A	81	13	24	13	24
2PNEA	2PNE.A	81	28	39	28	39
2PNEA	2PNE.A	81	43	54	43	54
2PNEA	2PNE.A	81	58	69	58	69
2PNEA	2PNE.A	81	70	81	70	81
2POCB	2POC.B	367	351	531	6	186
2POCB	2POC.B	367	532	699	187	354
2PQCA	2PQC.A	445	6	217	1	212
2PQCA	2PQC.A	445	222	450	217	445
2Q0TA	2Q0T.A	263	7	128	8	129
2Q0TA	2Q0T.A	263	135	256	136	257
2Q6QA	2Q6Q.A	74	67	73	3	9
2Q6QA	2Q6Q.A	74	74	84	10	20
2Q6QA	2Q6Q.A	74	85	95	21	31
2Q6QA	2Q6Q.A	74	96	106	32	42
2Q6QA	2Q6Q.A	74	107	117	43	53
2Q6QA	2Q6Q.A	74	118	128	54	64
2QSKA	2QSK.A	95	2	47	2	47
2QSKA	2QSK.A	95	50	92	50	92
2QV6A	2QV6.A	268	1	125	1	125
2QV6A	2QV6.A	268	131	250	131	250
2RC3A	2RC3.A	135	23	84	5	66
2RC3A	2RC3.A	135	91	149	73	131
2RFMA	2RFM.A	192	16	46	19	49
2RFMA	2RFM.A	192	47	79	50	82
2RFMA	2RFM.A	192	80	112	83	115
2RFMA	2RFM.A	192	113	145	116	148
2RFMA	2RFM.A	192	146	178	149	181
2RIKA	2RIK.A	284	-2	90	2	94
2RIKA	2RIK.A	284	91	184	95	188
2RIKA	2RIK.A	284	185	277	189	281
2UV4A	2UV4.A	152	187	251	14	78
2UV4A	2UV4.A	152	256	323	83	150
2VPJA	2VPJ.A	301	281	328	15	62
2VPJA	2VPJ.A	301	329	378	63	112
2VPJA	2VPJ.A	301	379	425	113	159
2VPJA	2VPJ.A	301	426	472	160	206
2VPJA	2VPJ.A	301	473	519	207	253
2VPJA	2VPJ.A	301	520	566	254	300
2W6AB	2W6A.B	63	430	436	10	16
2W6AB	2W6A.B	63	437	443	17	23
2W6AB	2W6A.B	63	444	450	24	30
2W6AB	2W6A.B	63	451	458	31	38
2W6AB	2W6A.B	63	459	465	39	45
2W6AB	2W6A.B	63	466	472	46	52
2W6AB	2W6A.B	63	473	479	53	59
2W7ZB	2W7Z.B	214	23	32	26	35
2W7ZB	2W7Z.B	214	33	42	36	45
2W7ZB	2W7Z.B	214	43	52	46	55
2W7ZB	2W7Z.B	214	53	62	56	65
2W7ZB	2W7Z.B	214	63	72	66	75
2W7ZB	2W7Z.B	214	73	82	76	85
2W7ZB	2W7Z.B	214	83	92	86	95
2W7ZB	2W7Z.B	214	93	102	96	105
2W7ZB	2W7Z.B	214	103	112	106	115
2W7ZB	2W7Z.B	214	113	122	116	125
2W7ZB	2W7Z.B	214	123	132	126	135
2W7ZB	2W7Z.B	214	133	142	136	145
2W7ZB	2W7Z.B	214	143	152	146	155
2W7ZB	2W7Z.B	214	153	162	156	165
2W7ZB	2W7Z.B	214	163	172	166	175
2W7ZB	2W7Z.B	214	173	182	176	185
2W7ZB	2W7Z.B	214	183	191	186	194
2W7ZB	2W7Z.B	214	193	202	196	205
2WT1A	2WT1.A	343	389	524	29	164
2WT1A	2WT1.A	343	543	684	183	324
2X2SB	2X2S.B	153	6	54	6	54
2X2SB	2X2S.B	153	60	102	60	102
2X2SB	2X2S.B	153	107	153	107	153
2XCZA	2XCZ.A	115	1	51	2	52
2XCZA	2XCZ.A	115	57	110	58	111
2XWTC	2XWT.C	239	43	62	22	41
2XWTC	2XWT.C	239	63	86	42	65
2XWTC	2XWT.C	239	88	111	67	90
2XWTC	2XWT.C	239	113	136	92	115
2XWTC	2XWT.C	239	137	161	116	140
2XWTC	2XWT.C	239	163	187	142	166
2XWTC	2XWT.C	239	188	210	167	189
2XWTC	2XWT.C	239	212	236	191	215
2XWTC	2XWT.C	239	237	257	216	236
2Y88A	2Y88.A	244	3	110	2	109
2Y88A	2Y88.A	244	121	232	120	231
2Y9FA	2Y9F.A	150	11	53	11	53
2Y9FA	2Y9F.A	150	54	101	54	101
2Y9FA	2Y9F.A	150	102	149	102	149
2YD4A	2YD4.A	210	29	126	4	101
2YD4A	2YD4.A	210	131	227	106	202
2YFAA	2YFA.A	258	47	161	18	132
2YFAA	2YFA.A	258	170	281	141	252
2YMYA	2YMY.A	46	369	376	2	9
2YMYA	2YMY.A	46	377	384	10	17
2YMYA	2YMY.A	46	385	392	18	25
2YMYA	2YMY.A	46	393	400	26	33
2YMYA	2YMY.A	46	401	408	34	41
2Z2NA	2Z2N.A	299	2	42	2	42
2Z2NA	2Z2N.A	299	43	84	43	84
2Z2NA	2Z2N.A	299	85	126	85	126
2Z2NA	2Z2N.A	299	127	168	127	168
2Z2NA	2Z2N.A	299	169	210	169	210
2Z2NA	2Z2N.A	299	211	252	211	252
2Z2NA	2Z2N.A	299	253	292	253	292
2Z8UB	2Z8U.B	188	3	86	11	94
2Z8UB	2Z8U.B	188	94	177	102	185
2ZHJA	2ZHJ.A	322	14	81	17	84
2ZHJA	2ZHJ.A	322	86	153	89	156
2ZHJA	2ZHJ.A	322	169	237	172	240
2ZHJA	2ZHJ.A	322	245	312	248	315
2ZQMA	2ZQM.A	117	4	49	4	49
2ZQMA	2ZQM.A	117	68	113	68	113
2ZQOA	2ZQO.A	130	133	178	3	48
2ZQOA	2ZQO.A	130	179	215	49	85
2ZQOA	2ZQO.A	130	216	259	86	129
3A07A	3A07.A	118	49	84	7	42
3A07A	3A07.A	118	87	122	45	80
3A07A	3A07.A	118	125	160	83	118
3A35A	3A35.A	190	1	45	1	45
3A35A	3A35.A	190	46	84	46	84
3A35A	3A35.A	190	97	141	97	141
3A35A	3A35.A	190	142	181	142	181
3AJ6A	3AJ6.A	286	13	50	13	50
3AJ6A	3AJ6.A	286	51	95	51	95
3AJ6A	3AJ6.A	286	96	139	96	139
3AJ6A	3AJ6.A	286	150	188	150	188
3AJ6A	3AJ6.A	286	189	233	189	233
3AJ6A	3AJ6.A	286	234	283	234	283
3AS5A	3AS5.A	186	42	75	4	37
3AS5A	3AS5.A	186	76	109	38	71
3AS5A	3AS5.A	186	110	143	72	105
3AS5A	3AS5.A	186	144	177	106	139
3AS5A	3AS5.A	186	178	211	140	173
3B5NA	3B5N.A	61	26	35	1	10
3B5NA	3B5N.A	61	36	45	11	20
3B5NA	3B5N.A	61	47	56	22	31
3B5NA	3B5N.A	61	57	66	32	41
3B5NA	3B5N.A	61	68	77	43	52
3B5NA	3B5N.A	61	78	86	53	61
3B5NC	3B5N.C	70	431	444	1	14
3B5NC	3B5N.C	70	445	458	15	28
3B5NC	3B5N.C	70	459	472	29	42
3B5NC	3B5N.C	70	473	486	43	56
3B5NC	3B5N.C	70	487	500	57	70
3B64A	3B64.A	112	1	52	1	52
3B64A	3B64.A	112	58	109	58	109
3BJ4A	3BJ4.A	49	587	594	14	21
3BJ4A	3BJ4.A	49	595	602	22	29
3BJ4A	3BJ4.A	49	603	610	30	37
3BJ4A	3BJ4.A	49	611	618	38	45
3C3KB	3C3K.B	285	9	124	9	124
3C3KB	3C3K.B	285	125	255	125	255
3C5RA	3C5R.A	137	-2	449	4	31
3C5RA	3C5R.A	137	450	482	32	64
3C5RA	3C5R.A	137	483	515	65	97
3C5RA	3C5R.A	137	516	545	98	127
3C7XA	3C7X.A	196	319	363	4	48
3C7XA	3C7X.A	196	364	409	49	94
3C7XA	3C7X.A	196	411	458	96	143
3C7XA	3C7X.A	196	459	507	144	192
3C9ZA	3C9Z.A	258	5	44	5	44
3C9ZA	3C9Z.A	258	45	85	45	85
3C9ZA	3C9Z.A	258	86	126	86	126
3C9ZA	3C9Z.A	258	134	170	134	170
3C9ZA	3C9Z.A	258	171	212	171	212
3C9ZA	3C9Z.A	258	213	254	213	254
3CHJA	3CHJ.A	337	11	80	11	80
3CHJA	3CHJ.A	337	81	154	81	154
3CHJA	3CHJ.A	337	162	238	162	238
3CHJA	3CHJ.A	337	242	312	242	312
3CSXA	3CSX.A	81	15	42	18	45
3CSXA	3CSX.A	81	44	70	47	73
3CVEA	3CVE.A	72	285	295	3	13
3CVEA	3CVE.A	72	296	306	14	24
3CVEA	3CVE.A	72	307	317	25	35
3CVEA	3CVE.A	72	318	327	36	45
3CVEA	3CVE.A	72	328	338	46	56
3CVEA	3CVE.A	72	339	349	57	67
3CX5A	3CX5.A	431	35	216	9	190
3CX5A	3CX5.A	431	245	441	219	415
3D2QA	3D2Q.A	70	180	210	4	34
3D2QA	3D2Q.A	70	216	244	40	68
3DASA	3DAS.A	347	20	181	20	181
3DASA	3DAS.A	347	182	346	182	346
3DMGA	3DMG.A	381	3	175	3	175
3DMGA	3DMG.A	381	180	372	180	372
3DSMA	3DSM.A	328	15	66	1	52
3DSMA	3DSM.A	328	67	106	53	92
3DSMA	3DSM.A	328	108	153	94	139
3DSMA	3DSM.A	328	154	194	140	180
3DSMA	3DSM.A	328	196	247	182	233
3DSMA	3DSM.A	328	250	289	236	275
3DSMA	3DSM.A	328	292	334	278	320
3DSSB	3DSS.B	331	16	63	16	63
3DSSB	3DSS.B	331	64	111	64	111
3DSSB	3DSS.B	331	112	159	112	159
3DSSB	3DSS.B	331	160	207	160	207
3DSSB	3DSS.B	331	208	255	208	255
3DSSB	3DSS.B	331	256	304	256	304
3DU1X	3DU1.X	257	11	20	31	40
3DU1X	3DU1.X	257	22	30	42	50
3DU1X	3DU1.X	257	31	40	51	60
3DU1X	3DU1.X	257	41	50	61	70
3DU1X	3DU1.X	257	51	60	71	80
3DU1X	3DU1.X	257	61	70	81	90
3DU1X	3DU1.X	257	71	80	91	100
3DU1X	3DU1.X	257	81	90	101	110
3DU1X	3DU1.X	257	91	100	111	120
3DU1X	3DU1.X	257	101	110	121	130
3DU1X	3DU1.X	257	111	120	131	140
3DU1X	3DU1.X	257	121	135	141	155
3DU1X	3DU1.X	257	136	145	156	165
3DU1X	3DU1.X	257	146	155	166	175
3DU1X	3DU1.X	257	156	165	176	185
3DU1X	3DU1.X	257	166	183	186	203
3DU1X	3DU1.X	257	184	193	204	213
3DU1X	3DU1.X	257	194	203	214	223
3DU1X	3DU1.X	257	204	213	224	233
3DU1X	3DU1.X	257	214	223	234	243
3DU1X	3DU1.X	257	224	233	244	253
3E0HA	3E0H.A	158	6	78	6	78
3E0HA	3E0H.A	158	84	156	84	156
3E1RA	3E1R.A	58	165	175	6	16
3E1RA	3E1R.A	58	176	186	17	27
3E1RA	3E1R.A	58	187	197	28	38
3E1RA	3E1R.A	58	198	208	39	49
3EJXA	3EJX.A	317	25	170	25	170
3EJXA	3EJX.A	317	177	306	177	306
3EU9A	3EU9.A	240	60	79	12	31
3EU9A	3EU9.A	240	80	112	32	64
3EU9A	3EU9.A	240	113	146	65	98
3EU9A	3EU9.A	240	147	179	99	131
3EU9A	3EU9.A	240	180	213	132	165
3EU9A	3EU9.A	240	214	247	166	199
3EU9A	3EU9.A	240	248	280	200	232
3FJ1A	3FJ1.A	344	5	171	6	172
3FJ1A	3FJ1.A	344	172	324	173	325
3FV6A	3FV6.A	159	74	136	13	75
3FV6A	3FV6.A	159	138	206	77	145
3G68A	3G68.A	352	2	165	3	166
3G68A	3G68.A	352	174	329	175	330
3GBYA	3GBY.A	128	-1	57	2	60
3GBYA	3GBY.A	128	62	121	65	124
3GD8A	3GD8.A	223	32	138	1	107
3GD8A	3GD8.A	223	154	254	123	223
3GT5A	3GT5.A	402	13	67	6	60
3GT5A	3GT5.A	402	68	128	61	121
3GT5A	3GT5.A	402	129	189	122	182
3GT5A	3GT5.A	402	190	263	183	256
3GT5A	3GT5.A	402	264	325	257	318
3GT5A	3GT5.A	402	326	390	319	383
3H6PA	3H6P.A	111	17	27	31	41
3H6PA	3H6P.A	111	28	38	42	52
3H6PA	3H6P.A	111	39	49	53	63
3H6PA	3H6P.A	111	50	60	64	74
3H6PA	3H6P.A	111	61	71	75	85
3H7JA	3H7J.A	243	7	108	7	108
3H7JA	3H7J.A	243	117	219	117	219
3HE5A	3HE5.A	49	0	6	2	8
3HE5A	3HE5.A	49	7	16	9	18
3HE5A	3HE5.A	49	17	26	19	28
3HE5A	3HE5.A	49	27	36	29	38
3HE5A	3HE5.A	49	37	46	39	48
3HFQA	3HFQ.A	347	1	49	1	49
3HFQA	3HFQ.A	347	50	95	50	95
3HFQA	3HFQ.A	347	96	150	96	150
3HFQA	3HFQ.A	347	151	196	151	196
3HFQA	3HFQ.A	347	197	249	197	249
3HFQA	3HFQ.A	347	250	295	250	295
3HFQA	3HFQ.A	347	296	341	296	341
3HNXA	3HNX.A	110	0	51	3	54
3HNXA	3HNX.A	110	52	107	55	110
3HRAA	3HRA.A	201	3	26	3	26
3HRAA	3HRA.A	201	27	60	27	60
3HRAA	3HRA.A	201	61	93	61	93
3HRAA	3HRA.A	201	95	127	95	127
3HRAA	3HRA.A	201	128	166	128	166
3HRAA	3HRA.A	201	167	199	167	199
3HROA	3HRO.A	44	836	843	8	15
3HROA	3HRO.A	44	844	851	16	23
3HROA	3HRO.A	44	852	859	24	31
3HROA	3HRO.A	44	860	867	32	39
3HS3A	3HS3.A	277	60	169	11	120
3HS3A	3HS3.A	277	172	295	123	246
3HZ2A	3HZ2.A	84	3	41	3	41
3HZ2A	3HZ2.A	84	43	84	43	84
3HZBA	3HZB.A	90	1	45	1	45
3HZBA	3HZB.A	90	47	86	47	86
3I0ZA	3I0Z.A	389	12	194	13	195
3I0ZA	3I0Z.A	389	195	356	196	357
3IDVA	3IDV.A	241	60	169	13	122
3IDVA	3IDV.A	241	175	284	128	237
3II7A	3II7.A	306	292	334	12	54
3II7A	3II7.A	306	335	380	55	100
3II7A	3II7.A	306	381	428	101	148
3II7A	3II7.A	306	429	479	149	199
3II7A	3II7.A	306	480	526	200	246
3II7A	3II7.A	306	527	574	247	294
3IXLA	3IXL.A	240	8	117	8	117
3IXLA	3IXL.A	240	119	224	119	224
3K2VA	3K2V.A	149	203	267	21	85
3K2VA	3K2V.A	149	270	331	88	149
3K7XA	3K7X.A	349	1	63	1	63
3K7XA	3K7X.A	349	64	109	64	109
3K7XA	3K7X.A	349	110	167	110	167
3K7XA	3K7X.A	349	168	230	168	230
3K7XA	3K7X.A	349	231	283	231	283
3K7XA	3K7X.A	349	284	342	284	342
3KCIA	3KCI.A	389	3953	4002	21	70
3KCIA	3KCI.A	389	4003	4056	71	124
3KCIA	3KCI.A	389	4057	4108	125	176
3KCIA	3KCI.A	389	4109	4162	177	230
3KCIA	3KCI.A	389	4163	4214	231	282
3KCIA	3KCI.A	389	4215	4266	283	334
3KCIA	3KCI.A	389	4267	4318	335	386
3KMIA	3KMI.A	177	153	239	13	99
3KMIA	3KMI.A	177	240	315	100	175
3KMVA	3KMV.A	157	10	48	10	48
3KMVA	3KMV.A	157	57	98	57	98
3KMVA	3KMV.A	157	105	145	105	145
3KPBA	3KPB.A	122	388	445	1	58
3KPBA	3KPB.A	122	449	506	62	119
3KSMA	3KSM.A	276	39	161	1	123
3KSMA	3KSM.A	276	162	297	124	259
3L39A	3L39.A	227	17	109	29	121
3L39A	3L39.A	227	114	211	126	223
3L6UA	3L6U.A	293	9	128	9	128
3L6UA	3L6U.A	293	136	266	136	266
3LFRA	3LFR.A	136	61	120	3	62
3LFRA	3LFR.A	136	128	183	70	125
3LPWA	3LPW.A	197	3	99	3	99
3LPWA	3LPW.A	197	100	195	100	195
3LRTA	3LRT.A	286	1	152	1	152
3LRTA	3LRT.A	286	155	284	155	284
3LUFB	3LUF.B	259	3	122	5	124
3LUFB	3LUF.B	259	123	245	125	247
3M91A	3M91.A	51	52	56	7	11
3M91A	3M91.A	51	57	66	12	21
3M91A	3M91.A	51	67	76	22	31
3M91A	3M91.A	51	77	86	32	41
3M91A	3M91.A	51	87	96	42	51
3MALA	3MAL.A	199	35	88	16	69
3MALA	3MAL.A	199	97	151	78	132
3MALA	3MAL.A	199	155	208	136	189
3MBRX	3MBR.X	243	28	71	7	50
3MBRX	3MBR.X	243	72	113	51	92
3MBRX	3MBR.X	243	114	152	93	131
3MBRX	3MBR.X	243	153	198	132	177
3MBRX	3MBR.X	243	199	253	178	232
3MF7A	3MF7.A	149	1	53	1	53
3MF7A	3MF7.A	149	63	114	63	114
3MN2A	3MN2.A	108	218	269	1	52
3MN2A	3MN2.A	108	270	321	53	104
3MSWA	3MSW.A	145	31	59	7	35
3MSWA	3MSW.A	145	60	90	36	66
3MSWA	3MSW.A	145	91	119	67	95
3MSWA	3MSW.A	145	120	150	96	126
3MVSA	3MVS.A	210	2	102	2	102
3MVSA	3MVS.A	210	103	206	103	206
3N27B	3N27.B	80	9	44	9	44
3N27B	3N27.B	80	45	80	45	80
3NBCA	3NBC.A	148	4	56	4	56
3NBCA	3NBC.A	148	57	100	57	100
3NBCA	3NBC.A	148	101	147	101	147
3NI0A	3NI0.A	99	58	68	6	16
3NI0A	3NI0.A	99	69	79	17	27
3NI0A	3NI0.A	99	80	89	28	37
3NI0A	3NI0.A	99	90	100	38	48
3NI0A	3NI0.A	99	101	111	49	59
3NI0A	3NI0.A	99	112	121	60	69
3NI0A	3NI0.A	99	122	132	70	80
3NI0A	3NI0.A	99	133	143	81	91
3NN1A	3NN1.A	241	1	108	4	111
3NN1A	3NN1.A	241	124	231	127	234
3O14A	3O14.A	223	7	113	8	114
3O14A	3O14.A	223	115	216	116	217
3O74A	3O74.A	272	62	179	3	120
3O74A	3O74.A	272	180	309	121	250
3OA8A	3OA8.A	275	47	158	47	158
3OA8A	3OA8.A	275	159	274	159	274
3ODTB	3ODT.B	313	2	40	7	45
3ODTB	3ODT.B	313	44	82	49	87
3ODTB	3ODT.B	313	88	125	93	130
3ODTB	3ODT.B	313	126	166	131	171
3ODTB	3ODT.B	313	167	206	172	211
3ODTB	3ODT.B	313	209	247	214	252
3ODTB	3ODT.B	313	250	288	255	293
3OIOA	3OIO.A	113	218	269	6	57
3OIOA	3OIO.A	113	270	319	58	107
3P2TA	3P2T.A	196	2	95	2	95
3P2TA	3P2T.A	196	97	195	97	195
3P4GA	3P4G.A	323	26	43	26	43
3P4GA	3P4G.A	323	44	62	44	62
3P4GA	3P4G.A	323	63	89	63	89
3P4GA	3P4G.A	323	90	108	90	108
3P4GA	3P4G.A	323	109	127	109	127
3P4GA	3P4G.A	323	128	146	128	146
3P4GA	3P4G.A	323	147	165	147	165
3P4GA	3P4G.A	323	166	184	166	184
3P4GA	3P4G.A	323	185	205	185	205
3P4GA	3P4G.A	323	206	224	206	224
3P4GA	3P4G.A	323	225	243	225	243
3P4GA	3P4G.A	323	244	264	244	264
3P4GA	3P4G.A	323	265	283	265	283
3P4GA	3P4G.A	323	296	309	296	309
3PG0A	3PG0.A	165	2	47	26	71
3PG0A	3PG0.A	165	48	94	72	118
3PG0A	3PG0.A	165	95	141	119	165
3PYWA	3PYW.A	203	3	56	3	56
3PYWA	3PYW.A	203	64	115	64	115
3PYWA	3PYW.A	203	125	177	125	177
3QEEA	3QEE.A	307	31	86	4	59
3QEEA	3QEE.A	307	87	146	60	119
3QEEA	3QEE.A	307	149	204	122	177
3QEEA	3QEE.A	307	205	253	178	226
3QEEA	3QEE.A	307	254	316	227	289
3QVLA	3QVL.A	245	4	111	2	109
3QVLA	3QVL.A	245	112	217	110	215
3QZ4A	3QZ4.A	311	29	81	7	59
3QZ4A	3QZ4.A	311	82	145	60	123
3QZ4A	3QZ4.A	311	147	198	125	176
3QZ4A	3QZ4.A	311	201	259	179	237
3QZ4A	3QZ4.A	311	262	331	240	309
3RENA	3REN.A	350	40	148	19	127
3RENA	3REN.A	350	156	266	135	245
3RENA	3REN.A	350	267	370	246	349
3RGAA	3RGA.A	283	1	127	2	128
3RGAA	3RGA.A	283	133	276	134	277
3ROTA	3ROT.A	297	22	147	3	128
3ROTA	3ROT.A	297	149	282	130	263
3SCYA	3SCY.A	361	34	81	11	58
3SCYA	3SCY.A	361	82	131	59	108
3SCYA	3SCY.A	361	132	186	109	163
3SCYA	3SCY.A	361	187	242	164	219
3SCYA	3SCY.A	361	243	290	220	267
3SCYA	3SCY.A	361	291	337	268	314
3SCYA	3SCY.A	361	338	383	315	360
3SNYA	3SNY.A	97	3	47	4	48
3SNYA	3SNY.A	97	49	88	50	89
3SOVA	3SOV.A	318	21	62	5	46
3SOVA	3SOV.A	318	63	106	47	90
3SOVA	3SOV.A	318	107	148	91	132
3SOVA	3SOV.A	318	151	193	135	177
3SOVA	3SOV.A	318	194	234	178	218
3SOVA	3SOV.A	318	235	276	219	260
3SWYA	3SWY.A	46	1	11	1	11
3SWYA	3SWY.A	46	12	22	12	22
3SWYA	3SWY.A	46	23	33	23	33
3SWYA	3SWY.A	46	34	44	34	44
3T6QA	3T6Q.A	606	26	41	6	21
3T6QA	3T6Q.A	606	42	62	22	42
3T6QA	3T6Q.A	606	63	86	43	66
3T6QA	3T6Q.A	606	87	110	67	90
3T6QA	3T6Q.A	606	111	134	91	114
3T6QA	3T6Q.A	606	135	158	115	138
3T6QA	3T6Q.A	606	159	182	139	162
3T6QA	3T6Q.A	606	184	207	164	187
3T6QA	3T6Q.A	606	208	231	188	211
3T6QA	3T6Q.A	606	232	255	212	235
3T6QA	3T6Q.A	606	261	284	241	264
3T6QA	3T6Q.A	606	285	307	265	287
3T6QA	3T6Q.A	606	308	331	288	311
3T6QA	3T6Q.A	606	332	355	312	335
3T6QA	3T6Q.A	606	357	380	337	360
3T6QA	3T6Q.A	606	382	405	362	385
3T6QA	3T6Q.A	606	406	429	386	409
3T6QA	3T6Q.A	606	431	454	411	434
3T6QA	3T6Q.A	606	455	478	435	458
3T6QA	3T6Q.A	606	482	505	462	485
3T6QA	3T6Q.A	606	506	529	486	509
3T6QA	3T6Q.A	606	530	552	510	532
3T6QA	3T6Q.A	606	555	576	535	556
3T6QA	3T6Q.A	606	582	605	562	585
3TDSA	3TDS.A	268	3	134	6	137
3TDSA	3TDS.A	268	135	255	138	258
3U1WA	3U1W.A	253	29	148	5	124
3U1WA	3U1W.A	253	158	277	134	253
3UL4B	3UL4.B	65	4	30	4	30
3UL4B	3UL4.B	65	37	63	37	63
3V30A	3V30.A	172	92	111	4	23
3V30A	3V30.A	172	113	145	25	57
3V30A	3V30.A	172	146	178	58	90
3V30A	3V30.A	172	179	211	91	123
3V30A	3V30.A	172	212	244	124	156
3VGZA	3VGZ.A	353	33	76	33	76
3VGZA	3VGZ.A	353	77	118	77	118
3VGZA	3VGZ.A	353	119	171	119	171
3VGZA	3VGZ.A	353	172	213	172	213
3VGZA	3VGZ.A	353	214	260	214	260
3VGZA	3VGZ.A	353	261	301	261	301
3VGZA	3VGZ.A	353	302	353	302	353
3VRDA	3VRD.A	174	3	77	3	77
3VRDA	3VRD.A	174	92	174	92	174
3VTXA	3VTX.A	184	43	76	4	37
3VTXA	3VTX.A	184	77	110	38	71
3VTXA	3VTX.A	184	111	144	72	105
3VTXA	3VTX.A	184	145	178	106	139
3VTXA	3VTX.A	184	179	211	140	172
3W19C	3W19.C	40	553	557	2	6
3W19C	3W19.C	40	558	568	7	17
3W19C	3W19.C	40	569	579	18	28
3W19C	3W19.C	40	580	590	29	39
3WDCA	3WDC.A	153	3	67	3	67
3WDCA	3WDC.A	153	78	146	78	146
3WKGA	3WKG.A	412	15	68	15	68
3WKGA	3WKG.A	412	69	130	69	130
3WKGA	3WKG.A	412	131	202	131	202
3WKGA	3WKG.A	412	203	264	203	264
3WKGA	3WKG.A	412	265	328	265	328
3WKGA	3WKG.A	412	329	392	329	392
3WMVA	3WMV.A	153	0	46	4	50
3WMVA	3WMV.A	153	48	95	52	99
3WMVA	3WMV.A	153	96	138	100	142
3ZOJA	3ZOJ.A	279	29	155	29	155
3ZOJA	3ZOJ.A	279	160	267	160	267
4ABMA	4ABM.A	79	21	58	3	40
4ABMA	4ABM.A	79	60	97	42	79
4ASCA	4ASC.A	315	317	354	4	41
4ASCA	4ASC.A	315	355	408	42	95
4ASCA	4ASC.A	315	409	458	96	145
4ASCA	4ASC.A	315	459	506	146	193
4ASCA	4ASC.A	315	507	553	194	240
4ASCA	4ASC.A	315	554	609	241	296
4BQKA	4BQK.A	456	71	97	1	27
4BQKA	4BQK.A	456	98	141	28	71
4BQKA	4BQK.A	456	142	183	72	113
4BQKA	4BQK.A	456	184	226	114	156
4BQKA	4BQK.A	456	227	267	157	197
4BQKA	4BQK.A	456	268	309	198	239
4BQKA	4BQK.A	456	310	352	240	282
4BQKA	4BQK.A	456	353	394	283	324
4BQKA	4BQK.A	456	395	437	325	367
4BQKA	4BQK.A	456	455	490	385	420
4BWRA	4BWR.A	467	1	26	1	26
4BWRA	4BWR.A	467	27	62	27	62
4BWRA	4BWR.A	467	63	98	63	98
4BWRA	4BWR.A	467	99	134	99	134
4BWRA	4BWR.A	467	135	170	135	170
4BWRA	4BWR.A	467	171	206	171	206
4BWRA	4BWR.A	467	207	242	207	242
4BWRA	4BWR.A	467	243	278	243	278
4BWRA	4BWR.A	467	279	315	279	315
4BWRA	4BWR.A	467	316	350	316	350
4BWRA	4BWR.A	467	351	386	351	386
4BWRA	4BWR.A	467	387	426	387	426
4CCSA	4CCS.A	231	3	111	3	111
4CCSA	4CCS.A	231	120	228	120	228
4CHBA	4CHB.A	302	307	352	16	61
4CHBA	4CHB.A	302	353	399	62	108
4CHBA	4CHB.A	302	400	446	109	155
4CHBA	4CHB.A	302	447	495	156	204
4CHBA	4CHB.A	302	496	542	205	251
4CHBA	4CHB.A	302	543	590	252	299
4CNLA	4CNL.A	182	92	113	1	22
4CNLA	4CNL.A	182	114	153	23	62
4CNLA	4CNL.A	182	154	193	63	102
4CNLA	4CNL.A	182	194	233	103	142
4CNLA	4CNL.A	182	234	269	143	178
4D5BA	4D5B.A	339	20	37	35	52
4D5BA	4D5B.A	339	41	58	56	73
4D5BA	4D5B.A	339	62	79	77	94
4D5BA	4D5B.A	339	82	99	97	114
4D5BA	4D5B.A	339	105	122	120	137
4D5BA	4D5B.A	339	126	143	141	158
4D5BA	4D5B.A	339	149	166	164	181
4D5BA	4D5B.A	339	168	185	183	200
4D5BA	4D5B.A	339	188	205	203	220
4D5BA	4D5B.A	339	212	229	227	244
4D5BA	4D5B.A	339	233	250	248	265
4D5BA	4D5B.A	339	259	276	274	291
4D5BA	4D5B.A	339	280	297	295	312
4D5BA	4D5B.A	339	305	322	320	337
4DEYB	4DEY.B	106	450	458	17	25
4DEYB	4DEY.B	106	459	467	26	34
4DEYB	4DEY.B	106	468	476	35	43
4DH2B	4DH2.B	82	6	39	6	39
4DH2B	4DH2.B	82	42	75	42	75
4DH4A	4DH4.A	114	1	48	1	48
4DH4A	4DH4.A	114	58	105	58	105
4DUIA	4DUI.A	169	8	34	8	34
4DUIA	4DUI.A	169	35	67	35	67
4DUIA	4DUI.A	169	68	100	68	100
4DUIA	4DUI.A	169	101	133	101	133
4DUIA	4DUI.A	169	134	166	134	166
4E3EA	4E3E.A	352	5	153	4	152
4E3EA	4E3E.A	352	190	353	189	352
4EVFA	4EVF.A	295	2	72	2	72
4EVFA	4EVF.A	295	73	145	73	145
4EVFA	4EVF.A	295	153	222	153	222
4EVFA	4EVF.A	295	228	293	228	293
4EXRA	4EXR.A	174	53	122	22	91
4EXRA	4EXR.A	174	137	203	106	172
4FIBA	4FIB.A	129	82	140	1	59
4FIBA	4FIB.A	129	146	204	65	123
4FMZA	4FMZ.A	347	75	96	42	63
4FMZA	4FMZ.A	347	97	118	64	85
4FMZA	4FMZ.A	347	119	140	86	107
4FMZA	4FMZ.A	347	141	162	108	129
4FMZA	4FMZ.A	347	163	185	130	152
4FMZA	4FMZ.A	347	186	207	153	174
4FMZA	4FMZ.A	347	208	229	175	196
4FMZA	4FMZ.A	347	230	251	197	218
4FMZA	4FMZ.A	347	252	273	219	240
4FMZA	4FMZ.A	347	274	295	241	262
4FMZA	4FMZ.A	347	296	317	263	284
4FMZA	4FMZ.A	347	318	341	285	308
4FMZA	4FMZ.A	347	342	363	309	330
4FQGA	4FQG.A	190	4	61	4	61
4FQGA	4FQG.A	190	62	119	62	119
4FQGA	4FQG.A	190	120	186	120	186
4G9MA	4G9M.A	143	8	52	8	52
4G9MA	4G9M.A	143	56	95	56	95
4G9MA	4G9M.A	143	97	142	97	142
4G9QA	4G9Q.A	269	21	120	43	142
4G9QA	4G9Q.A	269	148	247	170	269
4GGCA	4GGC.A	318	168	211	9	52
4GGCA	4GGC.A	318	212	255	53	96
4GGCA	4GGC.A	318	256	295	97	136
4GGCA	4GGC.A	318	296	338	137	179
4GGCA	4GGC.A	318	339	387	180	228
4GGCA	4GGC.A	318	388	430	229	271
4GGCA	4GGC.A	318	431	472	272	313
4HDJA	4HDJ.A	367	39	72	24	57
4HDJA	4HDJ.A	367	73	112	58	97
4HDJA	4HDJ.A	367	113	152	98	137
4HDJA	4HDJ.A	367	153	197	138	182
4HDJA	4HDJ.A	367	198	248	183	233
4HDJA	4HDJ.A	367	249	286	234	271
4HDJA	4HDJ.A	367	287	327	272	312
4HDJA	4HDJ.A	367	328	368	313	353
4HI8A	4HI8.A	179	3	23	8	28
4HI8A	4HI8.A	179	25	57	30	62
4HI8A	4HI8.A	179	58	90	63	95
4HI8A	4HI8.A	179	91	123	96	128
4HI8A	4HI8.A	179	124	152	129	157
4HXTA	4HXT.A	252	2	32	2	32
4HXTA	4HXT.A	252	33	74	33	74
4HXTA	4HXT.A	252	75	116	75	116
4HXTA	4HXT.A	252	117	158	117	158
4HXTA	4HXT.A	252	159	200	159	200
4HXTA	4HXT.A	252	201	242	201	242
4I0XB	4I0X.B	103	9	47	9	47
4I0XB	4I0X.B	103	51	89	51	89
4I4OA	4I4O.A	146	10	52	10	52
4I4OA	4I4O.A	146	54	100	54	100
4I4OA	4I4O.A	146	101	146	101	146
4IM6A	4IM6.A	206	792	816	8	32
4IM6A	4IM6.A	206	817	845	33	61
4IM6A	4IM6.A	206	846	873	62	89
4IM6A	4IM6.A	206	874	902	90	118
4IM6A	4IM6.A	206	903	930	119	146
4IM6A	4IM6.A	206	931	959	147	175
4IM6A	4IM6.A	206	961	987	177	203
4IRFA	4IRF.A	156	11	77	11	77
4IRFA	4IRF.A	156	88	150	88	150
4IZXA	4IZX.A	140	7	49	7	49
4IZXA	4IZX.A	140	50	90	50	90
4IZXA	4IZX.A	140	94	140	94	140
4J82A	4J82.A	301	4	43	4	43
4J82A	4J82.A	301	44	85	44	85
4J82A	4J82.A	301	86	127	86	127
4J82A	4J82.A	301	129	171	129	171
4J82A	4J82.A	301	172	216	172	216
4J82A	4J82.A	301	217	258	217	258
4J82A	4J82.A	301	259	301	259	301
4JIVD	4JIV.D	93	2	32	1	31
4JIVD	4JIV.D	93	33	68	32	67
4JIVD	4JIV.D	93	69	94	68	93
4JNUA	4JNU.A	40	455	459	5	9
4JNUA	4JNU.A	40	460	466	10	16
4JNUA	4JNU.A	40	467	473	17	23
4JNUA	4JNU.A	40	474	480	24	30
4JNUA	4JNU.A	40	481	487	31	37
4KE2A	4KE2.A	196	3	98	4	99
4KE2A	4KE2.A	196	100	195	101	196
4KU0A	4KU0.A	96	485	492	6	13
4KU0A	4KU0.A	96	493	500	14	21
4KU0A	4KU0.A	96	501	508	22	29
4KU0A	4KU0.A	96	509	516	30	37
4KU0A	4KU0.A	96	517	524	38	45
4KU0A	4KU0.A	96	525	532	46	53
4KU0A	4KU0.A	96	533	540	54	61
4KU0A	4KU0.A	96	541	548	62	69
4KU0A	4KU0.A	96	549	555	70	76
4KU0A	4KU0.A	96	556	563	77	84
4KU0A	4KU0.A	96	564	571	85	92
4KU0D	4KU0.D	96	2	32	1	31
4KU0D	4KU0.D	96	33	70	32	69
4KU0D	4KU0.D	96	71	97	70	96
4LB0B	4LB0.B	348	4	162	5	163
4LB0B	4LB0.B	348	163	324	164	325
4LD1A	4LD1.A	184	951	959	14	22
4LD1A	4LD1.A	184	962	968	25	31
4LD1A	4LD1.A	184	970	978	33	41
4LD1A	4LD1.A	184	979	987	42	50
4LD1A	4LD1.A	184	988	996	51	59
4LD1A	4LD1.A	184	998	1006	61	69
4LD1A	4LD1.A	184	1007	1015	70	78
4LD1A	4LD1.A	184	1016	1024	79	87
4LD1A	4LD1.A	184	1025	1033	88	96
4LD1A	4LD1.A	184	1034	1042	97	105
4LD1A	4LD1.A	184	1043	1051	106	114
4LD1A	4LD1.A	184	1052	1060	115	123
4LD1A	4LD1.A	184	1061	1069	124	132
4LD1A	4LD1.A	184	1070	1077	133	140
4LD1A	4LD1.A	184	1078	1086	141	149
4LD1A	4LD1.A	184	1087	1095	150	158
4LD1A	4LD1.A	184	1096	1104	159	167
4LOXA	4LOX.A	302	5	141	5	141
4LOXA	4LOX.A	302	164	300	164	300
4LWSB	4LWS.B	103	5	42	11	48
4LWSB	4LWS.B	103	45	82	51	88
4MF9A	4MF9.A	360	13	169	19	175
4MF9A	4MF9.A	360	194	354	200	360
4MKMA	4MKM.A	350	6	148	6	148
4MKMA	4MKM.A	350	155	297	155	297
4N2XA	4N2X.A	301	8	132	8	132
4N2XA	4N2X.A	301	161	289	161	289
4O1RA	4O1R.A	142	-2	63	1	66
4O1RA	4O1R.A	142	65	126	68	129
4O2WA	4O2W.A	404	3996	4044	40	88
4O2WA	4O2W.A	404	4045	4099	89	143
4O2WA	4O2W.A	404	4100	4151	144	195
4O2WA	4O2W.A	404	4152	4204	196	248
4O2WA	4O2W.A	404	4205	4256	249	300
4O2WA	4O2W.A	404	4257	4308	301	352
4O2WA	4O2W.A	404	4309	4360	353	404
4O9KA	4O9K.A	130	202	262	2	62
4O9KA	4O9K.A	130	269	326	69	126
4OGGA	4OGG.A	388	4	195	2	193
4OGGA	4OGG.A	388	197	388	195	386
4OWKA	4OWK.A	138	340	385	7	52
4OWKA	4OWK.A	138	387	424	54	91
4OWKA	4OWK.A	138	425	466	92	133
4P0ZA	4P0Z.A	149	2	55	29	82
4P0ZA	4P0Z.A	149	56	108	83	135
4P67A	4P67.A	40	42	49	2	9
4P67A	4P67.A	40	50	63	10	19
4P67A	4P67.A	40	64	73	20	29
4P67A	4P67.A	40	74	83	30	39
4PASA	4PAS.A	41	767	774	6	13
4PASA	4PAS.A	41	775	782	14	21
4PASA	4PAS.A	41	783	790	22	29
4PASA	4PAS.A	41	791	798	30	37
4PASB	4PAS.B	41	779	784	1	6
4PASB	4PAS.B	41	785	795	7	17
4PASB	4PAS.B	41	796	806	18	28
4PASB	4PAS.B	41	807	817	29	39
4QAMA	4QAM.A	400	11	51	11	51
4QAMA	4QAM.A	400	52	103	52	103
4QAMA	4QAM.A	400	104	156	104	156
4QAMA	4QAM.A	400	157	206	157	206
4QAMA	4QAM.A	400	207	259	207	259
4QAMA	4QAM.A	400	260	311	260	311
4QAMA	4QAM.A	400	312	365	312	365
4RK0A	4RK0.A	274	69	186	7	124
4RK0A	4RK0.A	274	187	310	125	248
4RK5A	4RK5.A	283	60	176	10	126
4RK5A	4RK5.A	283	177	312	127	262
4RUQA	4RUQ.A	238	1	33	1	33
4RUQA	4RUQ.A	238	34	67	34	67
4RUQA	4RUQ.A	238	68	102	68	102
4RUQA	4RUQ.A	238	113	146	113	146
4RUQA	4RUQ.A	238	156	190	156	190
4RUQA	4RUQ.A	238	199	235	199	235
4TZHA	4TZH.A	190	34	50	10	26
4TZHA	4TZH.A	190	51	73	27	49
4TZHA	4TZH.A	190	74	96	50	72
4TZHA	4TZH.A	190	97	119	73	95
4TZHA	4TZH.A	190	120	142	96	118
4TZHA	4TZH.A	190	143	165	119	141
4TZHA	4TZH.A	190	166	188	142	164
4TZHA	4TZH.A	190	189	214	165	190
4UOSA	4UOS.A	191	1	44	3	46
4UOSA	4UOS.A	191	47	90	49	92
4UOSA	4UOS.A	191	94	137	96	139
4UOSA	4UOS.A	191	140	183	142	185
4USOA	4USO.A	153	11	57	22	68
4USOA	4USO.A	153	62	99	73	110
4USOA	4USO.A	153	101	142	112	153
4UUCA	4UUC.A	226	66	89	5	28
4UUCA	4UUC.A	226	90	122	29	61
4UUCA	4UUC.A	226	123	155	62	94
4UUCA	4UUC.A	226	156	187	95	126
4UUCA	4UUC.A	226	188	220	127	159
4UUCA	4UUC.A	226	221	252	160	191
4UUCA	4UUC.A	226	253	283	192	222
4UUUA	4UUU.A	155	408	470	26	88
4UUUA	4UUU.A	155	473	545	91	153
4UYQB	4UYQ.B	75	2	34	2	34
4UYQB	4UYQ.B	75	38	70	38	70
4WUTA	4WUT.A	313	24	151	24	151
4WUTA	4WUT.A	313	152	283	152	283
4X9JA	4X9J.A	89	102	131	1	30
4X9JA	4X9J.A	89	132	159	31	58
4X9JA	4X9J.A	89	160	187	59	86
4XA9A	4XA9.A	297	3	27	4	28
4XA9A	4XA9.A	297	28	55	29	56
4XA9A	4XA9.A	297	56	79	57	80
4XA9A	4XA9.A	297	80	103	81	104
4XA9A	4XA9.A	297	104	127	105	128
4XA9A	4XA9.A	297	128	150	129	151
4XA9A	4XA9.A	297	151	174	152	175
4XA9A	4XA9.A	297	175	198	176	199
4XA9A	4XA9.A	297	199	222	200	223
4XA9A	4XA9.A	297	223	246	224	247
4XB4B	4XB4.B	152	21	88	2	69
4XB4B	4XB4.B	152	91	159	72	140
4YO7A	4YO7.A	326	41	163	44	166
4YO7A	4YO7.A	326	164	297	167	300
4YV4A	4YV4.A	58	129	142	7	20
4YV4A	4YV4.A	58	143	156	21	34
4YV4A	4YV4.A	58	157	170	35	48
4YY2A	4YY2.A	103	2	34	5	37
4YY2A	4YY2.A	103	35	67	38	70
4YY2A	4YY2.A	103	68	100	71	103
4Z4JA	4Z4J.A	402	3	59	15	71
4Z4JA	4Z4J.A	402	60	121	72	133
4Z4JA	4Z4J.A	402	122	191	134	203
4Z4JA	4Z4J.A	402	192	253	204	265
4Z4JA	4Z4J.A	402	254	315	266	327
4Z4JA	4Z4J.A	402	316	380	328	392
4ZA3B	4ZA3.B	260	10	47	9	46
4ZA3B	4ZA3.B	260	48	87	47	86
4ZA3B	4ZA3.B	260	88	128	87	127
4ZA3B	4ZA3.B	260	138	172	137	171
4ZA3B	4ZA3.B	260	173	214	172	213
4ZA3B	4ZA3.B	260	215	257	214	256
4ZI8A	4ZI8.A	334	2	96	22	116
4ZI8A	4ZI8.A	334	97	205	117	225
4ZI8A	4ZI8.A	334	206	313	226	333
4ZI9A	4ZI9.A	318	2	96	3	97
4ZI9A	4ZI9.A	318	97	205	98	206
4ZI9A	4ZI9.A	318	206	310	207	311
4ZOXA	4ZOX.A	381	56	95	6	45
4ZOXA	4ZOX.A	381	98	139	48	89
4ZOXA	4ZOX.A	381	144	185	94	135
4ZOXA	4ZOX.A	381	190	236	140	186
4ZOXA	4ZOX.A	381	237	289	187	239
4ZOXA	4ZOX.A	381	291	341	241	291
4ZOXA	4ZOX.A	381	342	380	292	330
4ZOXA	4ZOX.A	381	381	430	331	380
4ZQAA	4ZQA.A	86	2	10	1	9
4ZQAA	4ZQA.A	86	11	21	10	20
4ZQAA	4ZQA.A	86	22	32	21	31
4ZQAA	4ZQA.A	86	33	43	32	42
4ZQAA	4ZQA.A	86	44	54	43	53
4ZQAA	4ZQA.A	86	55	65	54	64
4ZQAA	4ZQA.A	86	66	76	65	75
4ZQAA	4ZQA.A	86	77	87	76	86
4ZSIA	4ZSI.A	171	91	168	8	85
4ZSIA	4ZSI.A	171	169	246	86	163
5A10A	5A10.A	356	6	109	14	117
5A10A	5A10.A	356	110	230	118	238
5A10A	5A10.A	356	231	345	239	353
5A12A	5A12.A	242	8	117	1	110
5A12A	5A12.A	242	136	241	129	234
5AARA	5AAR.A	185	520	539	3	22
5AARA	5AAR.A	185	540	572	23	55
5AARA	5AAR.A	185	573	605	56	88
5AARA	5AAR.A	185	606	636	89	119
5AARA	5AAR.A	185	637	669	120	152
5AARA	5AAR.A	185	670	702	153	185
5ABSA	5ABS.A	66	604	614	8	18
5ABSA	5ABS.A	66	615	625	19	29
5ABSA	5ABS.A	66	626	636	30	40
5ABSA	5ABS.A	66	637	647	41	51
5ABSA	5ABS.A	66	648	658	52	62
5B19A	5B19.A	232	3	114	3	114
5B19A	5B19.A	232	116	219	116	219
5B66Z	5B66.Z	62	1	30	1	30
5B66Z	5B66.Z	62	32	61	32	61
5BXOA	5BXO.A	164	491	512	6	27
5BXOA	5BXO.A	164	513	546	28	61
5BXOA	5BXO.A	164	547	579	62	94
5BXOA	5BXO.A	164	580	612	95	127
5BXOA	5BXO.A	164	613	644	128	159
5CWBA	5CWB.A	211	6	26	6	26
5CWBA	5CWB.A	211	27	51	27	51
5CWBA	5CWB.A	211	52	76	52	76
5CWBA	5CWB.A	211	77	101	77	101
5CWBA	5CWB.A	211	102	126	102	126
5CWBA	5CWB.A	211	127	151	127	151
5CWBA	5CWB.A	211	152	176	152	176
5CWBA	5CWB.A	211	177	201	177	201
5CWHA	5CWH.A	172	2	20	2	20
5CWHA	5CWH.A	172	21	40	21	40
5CWHA	5CWH.A	172	41	60	41	60
5CWHA	5CWH.A	172	61	80	61	80
5CWHA	5CWH.A	172	81	100	81	100
5CWHA	5CWH.A	172	101	120	101	120
5CWHA	5CWH.A	172	121	140	121	140
5CWHA	5CWH.A	172	141	160	141	160
5CWIA	5CWI.A	250	2	22	2	22
5CWIA	5CWI.A	250	23	52	23	52
5CWIA	5CWI.A	250	53	82	53	82
5CWIA	5CWI.A	250	83	112	83	112
5CWIA	5CWI.A	250	113	142	113	142
5CWIA	5CWI.A	250	143	172	143	172
5CWIA	5CWI.A	250	173	202	173	202
5CWIA	5CWI.A	250	203	232	203	232
5CWJA	5CWJ.A	171	2	18	2	18
5CWJA	5CWJ.A	171	20	38	20	38
5CWJA	5CWJ.A	171	39	58	39	58
5CWJA	5CWJ.A	171	59	78	59	78
5CWJA	5CWJ.A	171	79	98	79	98
5CWJA	5CWJ.A	171	99	118	99	118
5CWJA	5CWJ.A	171	119	138	119	138
5CWJA	5CWJ.A	171	139	158	139	158
5CWKA	5CWK.A	183	5	23	5	23
5CWKA	5CWK.A	183	24	42	24	42
5CWKA	5CWK.A	183	48	66	48	66
5CWKA	5CWK.A	183	67	85	67	85
5CWKA	5CWK.A	183	91	109	91	109
5CWKA	5CWK.A	183	110	128	110	128
5CWKA	5CWK.A	183	134	152	134	152
5CWKA	5CWK.A	183	153	171	153	171
5CWLA	5CWL.A	183	2	21	2	21
5CWLA	5CWL.A	183	23	41	23	41
5CWLA	5CWL.A	183	43	64	43	64
5CWLA	5CWL.A	183	65	84	65	84
5CWLA	5CWL.A	183	86	107	86	107
5CWLA	5CWL.A	183	108	127	108	127
5CWLA	5CWL.A	183	129	150	129	150
5CWLA	5CWL.A	183	152	173	152	173
5CWNA	5CWN.A	211	1	22	1	22
5CWNA	5CWN.A	211	23	44	23	44
5CWNA	5CWN.A	211	51	72	51	72
5CWNA	5CWN.A	211	73	94	73	94
5CWNA	5CWN.A	211	101	122	101	122
5CWNA	5CWN.A	211	123	144	123	144
5CWNA	5CWN.A	211	151	172	151	172
5CWNA	5CWN.A	211	173	194	173	194
5CWPA	5CWP.A	235	2	26	2	26
5CWPA	5CWP.A	235	32	56	32	56
5CWPA	5CWP.A	235	58	82	58	82
5CWPA	5CWP.A	235	88	112	88	112
5CWPA	5CWP.A	235	114	138	114	138
5CWPA	5CWP.A	235	144	168	144	168
5CWPA	5CWP.A	235	170	194	170	194
5CWPA	5CWP.A	235	200	224	200	224
5D23A	5D23.A	102	127	143	36	52
5D23A	5D23.A	102	144	166	53	75
5D23A	5D23.A	102	167	189	76	98
5D5YA	5D5Y.A	50	160	169	1	10
5D5YA	5D5Y.A	50	170	179	11	20
5D5YA	5D5Y.A	50	180	189	21	30
5D5YA	5D5Y.A	50	190	199	31	40
5D5YA	5D5Y.A	50	200	209	41	50
5D66A	5D66.A	198	41	66	3	28
5D66A	5D66.A	198	67	99	29	61
5D66A	5D66.A	198	100	132	62	94
5D66A	5D66.A	198	133	165	95	127
5D66A	5D66.A	198	166	203	128	165
5D66A	5D66.A	198	204	236	166	198
5E0ZA	5E0Z.A	136	492	557	2	67
5E0ZA	5E0Z.A	136	558	626	68	136
5E10A	5E10.A	133	359	423	1	65
5E10A	5E10.A	133	426	491	68	133
5E1NA	5E1N.A	148	7	37	7	37
5E1NA	5E1N.A	148	43	73	43	73
5E1NA	5E1N.A	148	80	110	80	110
5E1NA	5E1N.A	148	116	146	116	146
5EIDA	5EID.A	168	220	243	46	69
5EIDA	5EID.A	168	244	276	70	102
5EIDA	5EID.A	168	277	309	103	135
5EIDA	5EID.A	168	310	342	136	168
5EL9A	5EL9.A	205	9	93	7	91
5EL9A	5EL9.A	205	97	189	95	187
5EP6A	5EP6.A	47	215	222	1	8
5EP6A	5EP6.A	47	223	230	9	16
5EP6A	5EP6.A	47	231	238	17	24
5EP6A	5EP6.A	47	239	246	25	32
5ET1A	5ET1.A	353	0	23	1	24
5ET1A	5ET1.A	353	24	57	25	58
5ET1A	5ET1.A	353	59	91	60	92
5ET1A	5ET1.A	353	93	125	94	126
5ET1A	5ET1.A	353	127	159	128	160
5ET1A	5ET1.A	353	160	193	161	194
5ET1A	5ET1.A	353	195	227	196	228
5ET1A	5ET1.A	353	229	261	230	262
5ET1A	5ET1.A	353	262	293	263	294
5ET1A	5ET1.A	353	294	326	295	327
5EVCA	5EVC.A	268	3	116	27	140
5EVCA	5EVC.A	268	117	226	141	250
5EZUA	5EZU.A	89	1	34	7	40
5EZUA	5EZU.A	89	35	68	41	74
5FCNA	5FCN.A	65	1	10	1	10
5FCNA	5FCN.A	65	11	21	11	21
5FCNA	5FCN.A	65	22	32	22	32
5FCNA	5FCN.A	65	33	43	33	43
5FCNA	5FCN.A	65	44	54	44	54
5FGPA	5FGP.A	152	40	105	6	71
5FGPA	5FGP.A	152	117	183	83	149
5FSBA	5FSB.A	227	2	72	2	72
5FSBA	5FSB.A	227	73	147	73	147
5FSBA	5FSB.A	227	150	225	150	225
5GUAA	5GUA.A	71	79	112	1	34
5GUAA	5GUA.A	71	116	149	38	71
5GVAA	5GVA.A	344	2	42	16	56
5GVAA	5GVA.A	344	44	81	58	95
5GVAA	5GVA.A	344	83	123	97	137
5GVAA	5GVA.A	344	125	165	139	179
5GVAA	5GVA.A	344	166	215	180	229
5GVAA	5GVA.A	344	217	259	231	273
5GVAA	5GVA.A	344	261	302	275	316
5GVYA	5GVY.A	145	2	44	2	44
5GVYA	5GVY.A	145	50	99	50	99
5GVYA	5GVY.A	145	100	143	100	143
5H3JA	5H3J.A	211	12	107	15	110
5H3JA	5H3J.A	211	108	204	111	207
5HQJA	5HQJ.A	311	30	151	28	149
5HQJA	5HQJ.A	311	152	288	150	286
5HRAA	5HRA.A	235	1	116	1	116
5HRAA	5HRA.A	235	117	230	117	230
5HT7A	5HT7.A	83	2	40	2	40
5HT7A	5HT7.A	83	44	82	44	82
5HX0A	5HX0.A	402	37	101	40	104
5HX0A	5HX0.A	402	102	173	105	176
5HX0A	5HX0.A	402	174	240	177	243
5HX0A	5HX0.A	402	241	292	244	295
5HX0A	5HX0.A	402	293	340	296	343
5HX0A	5HX0.A	402	342	397	345	400
5HXKA	5HXK.A	423	9	192	29	212
5HXKA	5HXK.A	423	218	402	238	422
5I32A	5I32.A	275	11	125	36	150
5I32A	5I32.A	275	132	238	157	263
5IBQA	5IBQ.A	310	26	148	23	145
5IBQA	5IBQ.A	310	149	281	146	278
5IBWC	5IBW.C	43	1	10	1	10
5IBWC	5IBW.C	43	11	21	11	21
5IBWC	5IBW.C	43	22	32	22	32
5IBWC	5IBW.C	43	33	43	33	43
5IDBA	5IDB.A	142	2	72	1	71
5IDBA	5IDB.A	142	78	143	77	142
5IGOA	5IGO.A	336	355	401	16	62
5IGOA	5IGO.A	336	410	451	71	112
5IGOA	5IGO.A	336	452	494	113	155
5IGOA	5IGO.A	336	495	536	156	197
5IGOA	5IGO.A	336	537	578	198	239
5IGOA	5IGO.A	336	579	620	240	281
5IGOA	5IGO.A	336	621	674	282	335
5J0KA	5J0K.A	80	1	37	6	42
5J0KA	5J0K.A	80	38	74	43	79
5J3UA	5J3U.A	261	152	273	8	129
5J3UA	5J3U.A	261	274	397	130	253
5JLVC	5JLV.C	117	475	484	25	34
5JLVC	5JLV.C	117	485	493	35	43
5JLVC	5JLV.C	117	494	503	44	53
5JLVC	5JLV.C	117	504	513	54	63
5JLVC	5JLV.C	117	514	523	64	73
5JLVC	5JLV.C	117	524	533	74	83
5JLVC	5JLV.C	117	534	543	84	93
5JLVC	5JLV.C	117	544	553	94	103
5JLVC	5JLV.C	117	554	563	104	113
5K08A	5K08.A	142	1	63	1	63
5K08A	5K08.A	142	68	427	68	126
5K79A	5K79.A	108	1	51	1	51
5K79A	5K79.A	108	52	108	52	108
5KE6A	5KE6.A	93	399	425	9	35
5KE6A	5KE6.A	93	426	455	36	65
5KE6A	5KE6.A	93	456	483	66	93
5KF9A	5KF9.A	328	1	156	1	156
5KF9A	5KF9.A	328	168	317	168	317
5KLAA	5KLA.A	337	1107	1133	18	44
5KLAA	5KLA.A	337	1134	1169	45	80
5KLAA	5KLA.A	337	1170	1205	81	116
5KLAA	5KLA.A	337	1206	1241	117	152
5KLAA	5KLA.A	337	1242	1277	153	188
5KLAA	5KLA.A	337	1278	1313	189	224
5KLAA	5KLA.A	337	1314	1349	225	260
5KLAA	5KLA.A	337	1350	1389	261	300
5KLAA	5KLA.A	337	1390	1425	301	336
5KTNA	5KTN.A	304	10	99	14	103
5KTNA	5KTN.A	304	100	186	104	190
5KTNA	5KTN.A	304	187	272	191	276
5LHFA	5LHF.A	209	1	95	2	96
5LHFA	5LHF.A	209	96	207	97	208
5LOSA	5LOS.A	118	16	59	16	59
5LOSA	5LOS.A	118	60	103	60	103
5M2OB	5M2O.B	96	26	60	26	60
5M2OB	5M2O.B	96	62	95	62	95
5M3QA	5M3Q.A	254	2	47	2	47
5M3QA	5M3Q.A	254	48	91	48	91
5M3QA	5M3Q.A	254	94	136	94	136
5M3QA	5M3Q.A	254	137	180	137	180
5M3QA	5M3Q.A	254	181	225	181	225
5M89A	5M89.A	329	192	229	42	79
5M89A	5M89.A	329	232	268	82	118
5M89A	5M89.A	329	269	308	119	158
5M89A	5M89.A	329	311	349	161	199
5M89A	5M89.A	329	352	390	202	240
5M89A	5M89.A	329	397	433	247	283
5M89A	5M89.A	329	440	476	290	326
5MFOA	5MFO.A	202	10	38	3	31
5MFOA	5MFO.A	202	39	80	32	73
5MFOA	5MFO.A	202	81	122	74	115
5MFOA	5MFO.A	202	123	164	116	157
5MFOA	5MFO.A	202	165	206	158	199
5MWBA	5MWB.A	156	425	456	12	43
5MWBA	5MWB.A	156	457	494	44	81
5MWBA	5MWB.A	156	495	532	82	119
5MXCA	5MXC.A	325	2	54	3	55
5MXCA	5MXC.A	325	55	103	56	104
5MXCA	5MXC.A	325	107	158	108	159
5MXCA	5MXC.A	325	160	205	161	206
5MXCA	5MXC.A	325	206	251	207	252
5MXCA	5MXC.A	325	258	304	259	305
5NRMB	5NRM.B	66	4	33	1	30
5NRMB	5NRM.B	66	39	69	36	66
5NUVA	5NUV.A	309	310	351	12	53
5NUVA	5NUV.A	309	354	395	56	97
5NUVA	5NUV.A	309	396	437	98	139
5NUVA	5NUV.A	309	438	476	140	178
5NUVA	5NUV.A	309	477	517	179	219
5NUVA	5NUV.A	309	518	563	220	265
5NUVA	5NUV.A	309	564	606	266	308
5ORQA	5ORQ.A	364	19	51	16	48
5ORQA	5ORQ.A	364	52	86	49	83
5ORQA	5ORQ.A	364	87	121	84	118
5ORQA	5ORQ.A	364	122	156	119	153
5ORQA	5ORQ.A	364	157	191	154	188
5ORQA	5ORQ.A	364	192	226	189	223
5ORQA	5ORQ.A	364	227	261	224	258
5ORQA	5ORQ.A	364	262	296	259	293
5ORQA	5ORQ.A	364	297	331	294	328
5ORQA	5ORQ.A	364	332	366	329	363
5T01A	5T01.A	64	254	264	3	13
5T01A	5T01.A	64	265	275	14	24
5T01A	5T01.A	64	276	286	25	35
5T01A	5T01.A	64	287	297	36	46
5T01A	5T01.A	64	298	308	47	57
5UNQA	5UNQ.A	123	1	54	1	54
5UNQA	5UNQ.A	123	61	115	61	115
5UYTA	5UYT.A	518	23	225	2	204
5UYTA	5UYT.A	518	235	442	214	421
5UZ8A	5UZ8.A	334	2265	2370	2	107
5UZ8A	5UZ8.A	334	2371	2477	108	214
5UZ8A	5UZ8.A	334	2478	2579	215	316
5V7MA	5V7M.A	265	1	56	8	63
5V7MA	5V7M.A	265	65	117	72	124
5V7MA	5V7M.A	265	134	183	141	190
5V7MA	5V7M.A	265	202	251	209	258
5VG3A	5VG3.A	382	32	205	32	205
5VG3A	5VG3.A	382	209	382	209	382
5VJIA	5VJI.A	51	6	12	6	12
5VJIA	5VJI.A	51	13	20	13	20
5VJIA	5VJI.A	51	21	26	21	26
5VJIA	5VJI.A	51	27	34	27	34
5VJIA	5VJI.A	51	35	41	35	41
5VJIA	5VJI.A	51	42	48	42	48
5VR2A	5VR2.A	50	125	131	4	10
5VR2A	5VR2.A	50	132	138	11	17
5VR2A	5VR2.A	50	139	145	18	24
5VR2A	5VR2.A	50	146	152	25	31
5VR2A	5VR2.A	50	153	159	32	38
5VR2A	5VR2.A	50	160	166	39	45
5WQJB	5WQJ.B	297	5	144	5	144
5WQJB	5WQJ.B	297	158	290	158	290
5WTZA	5WTZ.A	421	6	209	8	211
5WTZA	5WTZ.A	421	210	419	212	421
5WUCA	5WUC.A	237	8	93	8	93
5WUCA	5WUC.A	237	94	178	94	178
5XGSA	5XGS.A	427	59	125	28	94
5XGSA	5XGS.A	427	129	192	98	155
5XGSA	5XGS.A	427	193	248	156	211
5XGSA	5XGS.A	427	249	301	212	264
5XGSA	5XGS.A	427	302	354	265	317
5XGSA	5XGS.A	427	355	412	318	375
5XGSA	5XGS.A	427	413	462	376	425
5XISA	5XIS.A	84	112	122	8	18
5XISA	5XIS.A	84	123	133	19	29
5XISA	5XIS.A	84	134	144	30	40
5XISA	5XIS.A	84	145	155	41	51
5XISA	5XIS.A	84	156	166	52	62
5XISA	5XIS.A	84	167	177	63	73
5XISA	5XIS.A	84	178	188	74	84
5YR0B	5YR0.B	48	231	241	4	14
5YR0B	5YR0.B	48	242	252	15	25
5YR0B	5YR0.B	48	253	263	26	36
5YR0B	5YR0.B	48	264	274	37	47
5YRHA	5YRH.A	142	20	64	1	45
5YRHA	5YRH.A	142	65	117	46	98
5YRHA	5YRH.A	142	118	160	99	141
5ZT8A	5ZT8.A	273	2	122	14	134
5ZT8A	5ZT8.A	273	126	243	138	255
5ZWXA	5ZWX.A	161	29	107	10	88
5ZWXA	5ZWX.A	161	108	167	89	148
6AHXA	6AHX.A	101	18	43	18	43
6AHXA	6AHX.A	101	45	70	45	70
6AKKA	6AKK.A	54	73	79	6	12
6AKKA	6AKK.A	54	81	87	14	20
6AKKA	6AKK.A	54	89	95	22	28
6AKKA	6AKK.A	54	97	103	30	36
6AKKA	6AKK.A	54	105	111	38	44
6AKKA	6AKK.A	54	113	119	46	52
6B9RA	6B9R.A	450	11	232	11	232
6B9RA	6B9R.A	450	234	443	234	443
6BD0A	6BD0.A	300	6	140	3	137
6BD0A	6BD0.A	300	162	299	159	296
6BW9A	6BW9.A	459	72	98	10	36
6BW9A	6BW9.A	459	101	142	39	80
6BW9A	6BW9.A	459	143	184	81	122
6BW9A	6BW9.A	459	185	227	123	165
6BW9A	6BW9.A	459	228	269	166	207
6BW9A	6BW9.A	459	270	311	208	249
6BW9A	6BW9.A	459	312	353	250	291
6BW9A	6BW9.A	459	354	395	292	333
6BW9A	6BW9.A	459	397	438	335	376
6BW9A	6BW9.A	459	439	484	377	422
6DBFA	6DBF.A	229	51	87	31	67
6DBFA	6DBF.A	229	88	109	68	89
6DBFA	6DBF.A	229	110	131	90	111
6DBFA	6DBF.A	229	132	153	112	133
6DBFA	6DBF.A	229	154	175	134	155
6DBFA	6DBF.A	229	176	197	156	177
6DBFA	6DBF.A	229	198	219	178	199
6DBFA	6DBF.A	229	220	241	200	221
6DEHA	6DEH.A	327	74	101	26	53
6DEHA	6DEH.A	327	105	140	57	92
6DEHA	6DEH.A	327	141	176	93	128
6DEHA	6DEH.A	327	177	212	129	164
6DEHA	6DEH.A	327	213	248	165	200
6DEHA	6DEH.A	327	249	284	201	236
6DEHA	6DEH.A	327	285	320	237	272
6DEHA	6DEH.A	327	321	354	273	306
6DLMB	6DLM.B	76	77	111	6	40
6DLMB	6DLM.B	76	112	146	41	75
6DVUA	6DVU.A	83	5	12	31	38
6DVUA	6DVU.A	83	13	20	39	46
6DVUA	6DVU.A	83	21	28	47	54
6DVUA	6DVU.A	83	29	36	55	62
6DVUA	6DVU.A	83	37	44	63	70
6DVUA	6DVU.A	83	45	52	71	78
6E1ZA	6E1Z.A	313	33	74	12	53
6E1ZA	6E1Z.A	313	75	116	54	95
6E1ZA	6E1Z.A	313	117	158	96	137
6E1ZA	6E1Z.A	313	159	200	138	179
6E1ZA	6E1Z.A	313	201	243	180	222
6E1ZA	6E1Z.A	313	244	288	223	267
6E1ZA	6E1Z.A	313	289	332	268	311
6EOUA	6EOU.A	388	58	83	36	61
6EOUA	6EOU.A	388	84	117	62	95
6EOUA	6EOU.A	388	118	151	96	129
6EOUA	6EOU.A	388	152	185	130	163
6EOUA	6EOU.A	388	186	219	164	197
6EOUA	6EOU.A	388	220	253	198	231
6EOUA	6EOU.A	388	254	287	232	265
6EOUA	6EOU.A	388	288	321	266	299
6EOUA	6EOU.A	388	322	355	300	333
6EOUA	6EOU.A	388	356	385	334	363
6F5XA	6F5X.A	78	99	109	2	12
6F5XA	6F5X.A	78	110	119	13	22
6F5XA	6F5X.A	78	120	130	23	33
6F5XA	6F5X.A	78	131	140	34	43
6F5XA	6F5X.A	78	141	151	44	54
6F5XA	6F5X.A	78	152	161	55	64
6F5XA	6F5X.A	78	162	172	65	75
6FLWA	6FLW.A	144	3	45	2	44
6FLWA	6FLW.A	144	50	99	49	98
6FLWA	6FLW.A	144	100	142	99	141
6FWHA	6FWH.A	197	2	86	2	86
6FWHA	6FWH.A	197	90	182	90	182
6GT9A	6GT9.A	318	48	170	29	151
6GT9A	6GT9.A	318	171	304	152	285
6GXRA	6GXR.A	370	15	57	15	57
6GXRA	6GXR.A	370	58	109	58	109
6GXRA	6GXR.A	370	110	161	110	161
6GXRA	6GXR.A	370	162	213	162	213
6GXRA	6GXR.A	370	214	265	214	265
6GXRA	6GXR.A	370	266	317	266	317
6GXRA	6GXR.A	370	318	369	318	369
6GXSA	6GXS.A	376	13	63	14	64
6GXSA	6GXS.A	376	64	116	65	117
6GXSA	6GXS.A	376	117	166	118	167
6GXSA	6GXS.A	376	167	218	168	219
6GXSA	6GXS.A	376	219	270	220	271
6GXSA	6GXS.A	376	271	322	272	323
6GXSA	6GXS.A	376	323	374	324	375
6GY5A	6GY5.A	304	318	364	17	63
6GY5A	6GY5.A	304	365	412	64	111
6GY5A	6GY5.A	304	413	459	112	158
6GY5A	6GY5.A	304	460	506	159	205
6GY5A	6GY5.A	304	507	553	206	252
6GY5A	6GY5.A	304	554	600	253	299
6HJFA	6HJF.A	414	44	205	44	205
6HJFA	6HJF.A	414	207	382	207	382
6HK9A	6HK9.A	79	52	59	8	15
6HK9A	6HK9.A	79	60	67	16	23
6HK9A	6HK9.A	79	68	75	24	31
6HK9A	6HK9.A	79	76	83	32	39
6HK9A	6HK9.A	79	84	91	40	47
6HK9A	6HK9.A	79	92	99	48	55
6HK9A	6HK9.A	79	100	107	56	63
6HK9A	6HK9.A	79	108	115	64	71
6HK9A	6HK9.A	79	116	123	72	79
6HTNA	6HTN.A	144	2	42	2	42
6HTNA	6HTN.A	144	43	92	43	92
6HTNA	6HTN.A	144	93	142	93	142
6I3BA	6I3B.A	252	1	42	1	42
6I3BA	6I3B.A	252	43	84	43	84
6I3BA	6I3B.A	252	85	126	85	126
6I3BA	6I3B.A	252	127	168	127	168
6I3BA	6I3B.A	252	169	210	169	210
6I3BA	6I3B.A	252	211	252	211	252
6IFBA	6IFB.A	135	4	45	10	51
6IFBA	6IFB.A	135	46	85	52	91
6IFBA	6IFB.A	135	86	129	92	135
6IGBA	6IGB.A	364	27	73	3	49
6IGBA	6IGB.A	364	74	128	50	104
6IGBA	6IGB.A	364	129	187	105	163
6IGBA	6IGB.A	364	188	239	164	215
6IGBA	6IGB.A	364	240	291	216	267
6IGBA	6IGB.A	364	292	339	268	315
6IGBA	6IGB.A	364	340	385	316	361
6IQEA	6IQE.A	87	187	194	1	8
6IQEA	6IQE.A	87	195	202	9	16
6IQEA	6IQE.A	87	203	210	17	24
6IQEA	6IQE.A	87	211	218	25	32
6IQEA	6IQE.A	87	219	226	33	40
6IQEA	6IQE.A	87	227	234	41	48
6IQEA	6IQE.A	87	235	242	49	56
6IX1A	6IX1.A	225	2	58	2	58
6IX1A	6IX1.A	225	60	115	60	115
6IX1A	6IX1.A	225	116	168	116	168
6IX1A	6IX1.A	225	169	223	169	223
6J9LE	6J9L.E	47	44	51	1	8
6J9LE	6J9L.E	47	52	59	9	16
6J9LE	6J9L.E	47	60	67	17	24
6JBUB	6JBU.B	347	32	51	11	30
6JBUB	6JBU.B	347	52	72	31	51
6JBUB	6JBU.B	347	74	97	53	76
6JBUB	6JBU.B	347	98	118	77	97
6JBUB	6JBU.B	347	119	142	98	121
6JBUB	6JBU.B	347	145	168	124	147
6JBUB	6JBU.B	347	169	189	148	168
6JBUB	6JBU.B	347	190	213	169	192
6JBUB	6JBU.B	347	216	239	195	218
6JBUB	6JBU.B	347	240	261	219	240
6JBUB	6JBU.B	347	262	285	241	264
6JBUB	6JBU.B	347	286	309	265	288
6JBUB	6JBU.B	347	315	340	294	319
6JLEA	6JLE.A	146	3	25	3	25
6JLEA	6JLE.A	146	26	48	26	48
6JLEA	6JLE.A	146	49	71	49	71
6JLEA	6JLE.A	146	72	94	72	94
6JLEA	6JLE.A	146	95	121	95	121
6KM7A	6KM7.A	317	12	51	4	43
6KM7A	6KM7.A	317	52	93	44	85
6KM7A	6KM7.A	317	94	135	86	127
6KM7A	6KM7.A	317	136	178	128	170
6KM7A	6KM7.A	317	179	225	171	217
6KM7A	6KM7.A	317	238	279	230	271
6KM7A	6KM7.A	317	280	321	272	313
6LF2A	6LF2.A	132	7	48	10	51
6LF2A	6LF2.A	132	49	87	52	90
6LF2A	6LF2.A	132	89	129	92	132
6LR3A	6LR3.A	131	2	55	2	55
6LR3A	6LR3.A	131	58	114	58	114
6MCJA	6MCJ.A	163	9	76	10	77
6MCJA	6MCJ.A	163	78	147	79	148
6MFAA	6MFA.A	369	908	1087	9	188
6MFAA	6MFA.A	369	1089	1268	190	369
6MM8D	6MM8.D	209	2699	2791	4	96
6MM8D	6MM8.D	209	2819	2904	124	209
6MRSA	6MRS.A	77	-1	37	1	39
6MRSA	6MRS.A	77	38	75	40	77
6MX1A	6MX1.A	163	305	379	8	82
6MX1A	6MX1.A	163	386	460	89	163
6N6RB	6N6R.B	70	464	474	2	12
6N6RB	6N6R.B	70	475	485	13	23
6N6RB	6N6R.B	70	486	496	24	34
6N6RB	6N6R.B	70	497	507	35	45
6N6RB	6N6R.B	70	508	518	46	56
6N6RB	6N6R.B	70	519	529	57	67
6NAUA	6NAU.A	334	2	46	5	49
6NAUA	6NAU.A	334	47	92	50	95
6NAUA	6NAU.A	334	93	137	96	140
6NAUA	6NAU.A	334	138	186	141	189
6NAUA	6NAU.A	334	187	239	190	242
6NAUA	6NAU.A	334	240	285	243	288
6NAUA	6NAU.A	334	286	331	289	334
6NE2B	6NE2.B	200	-1	23	1	25
6NE2B	6NE2.B	200	24	56	26	58
6NE2B	6NE2.B	200	57	89	59	91
6NE2B	6NE2.B	200	90	122	92	124
6NE2B	6NE2.B	200	123	155	125	157
6NE2B	6NE2.B	200	156	188	158	190
6O40A	6O40.A	53	140	148	3	11
6O40A	6O40.A	53	149	158	12	21
6O40A	6O40.A	53	159	168	22	31
6O40A	6O40.A	53	169	178	32	41
6O40A	6O40.A	53	179	189	42	52
6OG4C	6OG4.C	77	89	96	16	23
6OG4C	6OG4.C	77	97	104	24	31
6OG4C	6OG4.C	77	105	112	32	39
6OG4C	6OG4.C	77	113	120	40	47
6P20D	6P20.D	88	2	28	2	28
6P20D	6P20.D	88	29	62	29	62
6P20D	6P20.D	88	63	88	63	88
6P28A	6P28.A	196	4	58	4	58
6P28A	6P28.A	196	72	127	72	127
6P28A	6P28.A	196	136	193	136	193
6P3HA	6P3H.A	365	9	191	9	191
6P3HA	6P3H.A	365	192	356	192	356
6Q3PB	6Q3P.B	50	1	5	2	6
6Q3PB	6Q3P.B	50	6	14	7	15
6Q3PB	6Q3P.B	50	15	23	16	24
6Q3PB	6Q3P.B	50	24	32	25	33
6Q3PB	6Q3P.B	50	33	41	34	42
6Q3PB	6Q3P.B	50	42	48	43	49
6Q43C	6Q43.C	46	1	9	2	10
6Q43C	6Q43.C	46	10	21	11	22
6Q43C	6Q43.C	46	22	33	23	34
6Q43C	6Q43.C	46	34	45	35	46
6QIXA	6QIX.A	394	22	186	22	186
6QIXA	6QIX.A	394	188	362	188	362
6QV7A	6QV7.A	318	216	350	12	146
6QV7A	6QV7.A	318	371	508	167	304
6QZIA	6QZI.A	247	33	136	1	104
6QZIA	6QZI.A	247	168	278	136	246
6R77A	6R77.A	368	17	173	37	193
6R77A	6R77.A	368	174	337	194	357
6RG2B	6RG2.B	371	33	81	33	81
6RG2B	6RG2.B	371	82	128	82	128
6RG2B	6RG2.B	371	129	176	129	176
6RG2B	6RG2.B	371	177	224	177	224
6RG2B	6RG2.B	371	225	272	225	272
6RG2B	6RG2.B	371	273	320	273	320
6RG2B	6RG2.B	371	321	365	321	365
6RMVA	6RMV.A	340	43	82	43	82
6RMVA	6RMV.A	340	83	124	83	124
6RMVA	6RMV.A	340	132	169	132	169
6RMVA	6RMV.A	340	170	211	170	211
6RMVA	6RMV.A	340	212	253	212	253
6RMVA	6RMV.A	340	254	297	254	297
6RMVA	6RMV.A	340	298	339	298	339
6SW4A	6SW4.A	335	47	168	47	168
6SW4A	6SW4.A	335	170	301	170	301
6SWZAAA	6SWZ.AAA	258	442	494	37	89
6SWZAAA	6SWZ.AAA	258	495	546	90	141
6SWZAAA	6SWZ.AAA	258	547	597	142	192
6SWZAAA	6SWZ.AAA	258	598	651	193	246
6TBNB	6TBN.B	338	2	43	5	46
6TBNB	6TBN.B	338	46	88	49	91
6TBNB	6TBN.B	338	91	132	94	135
6TBNB	6TBN.B	338	136	177	139	180
6TBNB	6TBN.B	338	182	223	185	226
6TBNB	6TBN.B	338	239	281	242	284
6TBNB	6TBN.B	338	290	333	293	336
6TOCAAA	6TOC.AAA	81	312	321	34	43
6TOCAAA	6TOC.AAA	81	322	332	44	54
6TOCAAA	6TOC.AAA	81	333	343	55	65
6TOCAAA	6TOC.AAA	81	344	354	66	76
6TV2A	6TV2.A	378	12	54	12	54
6TV2A	6TV2.A	378	56	95	56	95
6TV2A	6TV2.A	378	97	145	97	145
6TV2A	6TV2.A	378	146	190	146	190
6TV2A	6TV2.A	378	191	245	191	245
6TV2A	6TV2.A	378	246	285	246	285
6TV2A	6TV2.A	378	287	329	287	329
6TV2A	6TV2.A	378	331	371	331	371
6TYYA	6TYY.A	146	258	321	1	64
6TYYA	6TYY.A	146	324	390	67	133
6UOFA	6UOF.A	119	185	242	1	58
6UOFA	6UOF.A	119	246	301	62	117
6UZTA	6UZT.A	601	209	496	9	296
6UZTA	6UZT.A	601	497	786	297	586
6VAGA	6VAG.A	107	200	209	29	38
6VAGA	6VAG.A	107	210	219	39	48
6VAGA	6VAG.A	107	220	229	49	58
6VAGA	6VAG.A	107	231	240	60	69
6VAGA	6VAG.A	107	241	250	70	79
6VAGA	6VAG.A	107	251	260	80	89
6VAGA	6VAG.A	107	261	270	90	99
6VVNA	6VVN.A	123	1	58	1	58
6VVNA	6VVN.A	123	62	119	62	119
6VVRA	6VVR.A	123	1	59	1	59
6VVRA	6VVR.A	123	61	119	61	119
6W5BA	6W5B.A	173	1	38	1	38
6W5BA	6W5B.A	173	39	81	39	81
6W5BA	6W5B.A	173	86	126	86	126
6W5BA	6W5B.A	173	127	169	127	169
6W70A	6W70.A	126	1	30	1	30
6W70A	6W70.A	126	31	59	31	59
6W70A	6W70.A	126	67	96	67	96
6W70A	6W70.A	126	97	125	97	125
6WI5A	6WI5.A	90	1	44	1	44
6WI5A	6WI5.A	90	46	89	46	89
6WJOA	6WJO.A	82	91	125	10	44
6WJOA	6WJO.A	82	126	160	45	79
6WL5A	6WL5.A	159	115	190	5	80
6WL5A	6WL5.A	159	196	269	86	159
6X6XA	6X6X.A	420	12	215	12	215
6X6XA	6X6X.A	420	216	419	216	419
6XG7A	6XG7.A	307	1071	1118	25	72
6XG7A	6XG7.A	307	1119	1165	73	119
6XG7A	6XG7.A	307	1166	1212	120	166
6XG7A	6XG7.A	307	1213	1259	167	213
6XG7A	6XG7.A	307	1260	1306	214	260
6XG7A	6XG7.A	307	1307	1353	261	307
6XI1AAA	6XI1.AAA	449	22	127	22	127
6XI1AAA	6XI1.AAA	449	128	233	128	233
6XI1AAA	6XI1.AAA	449	234	339	234	339
6XI1AAA	6XI1.AAA	449	340	445	340	445
6XI3AAA	6XI3.AAA	414	27	123	27	123
6XI3AAA	6XI3.AAA	414	124	220	124	220
6XI3AAA	6XI3.AAA	414	221	317	221	317
6XI3AAA	6XI3.AAA	414	318	414	318	414
6XZLA	6XZL.A	373	13	64	5	56
6XZLA	6XZL.A	373	65	117	57	109
6XZLA	6XZL.A	373	118	169	110	161
6XZLA	6XZL.A	373	170	221	162	213
6XZLA	6XZL.A	373	222	273	214	265
6XZLA	6XZL.A	373	274	324	266	316
6XZLA	6XZL.A	373	326	377	318	369
6Y7NA	6Y7N.A	325	1	79	5	83
6Y7NA	6Y7N.A	325	80	159	84	163
6Y7NA	6Y7N.A	325	160	239	164	243
6Y7NA	6Y7N.A	325	240	319	244	323
6Y8FA	6Y8F.A	391	54	106	54	106
6Y8FA	6Y8F.A	391	107	152	107	152
6Y8FA	6Y8F.A	391	153	209	153	209
6Y8FA	6Y8F.A	391	210	274	210	274
6Y8FA	6Y8F.A	391	275	328	275	328
6Y8FA	6Y8F.A	391	334	391	334	391
6YIIA	6YII.A	514	2	232	2	232
6YIIA	6YII.A	514	234	473	234	473
6YIPA	6YIP.A	75	594	601	1	8
6YIPA	6YIP.A	75	602	608	9	15
6YIPA	6YIP.A	75	609	616	16	23
6YIPA	6YIP.A	75	617	623	24	30
6YIPA	6YIP.A	75	624	631	31	38
6YIPA	6YIP.A	75	632	638	39	45
6YIPA	6YIP.A	75	639	646	46	53
6YIPA	6YIP.A	75	647	653	54	60
6YIPA	6YIP.A	75	654	661	61	68
6YJ9A	6YJ9.A	147	7	76	7	76
6YJ9A	6YJ9.A	147	79	145	79	145
6YJHA	6YJH.A	191	10	93	1	84
6YJHA	6YJH.A	191	98	196	89	187
6Z30A	6Z30.A	302	1225	1363	9	147
6Z30A	6Z30.A	302	1367	1508	151	292
6Z6CAAA	6Z6C.AAA	317	8	54	10	56
6Z6CAAA	6Z6C.AAA	317	55	104	57	106
6Z6CAAA	6Z6C.AAA	317	105	153	107	155
6Z6CAAA	6Z6C.AAA	317	154	206	156	208
6Z6CAAA	6Z6C.AAA	317	208	258	210	260
6Z6CAAA	6Z6C.AAA	317	259	313	261	315
6ZF4A	6ZF4.A	304	326	371	6	51
6ZF4A	6ZF4.A	304	372	422	52	102
6ZF4A	6ZF4.A	304	423	469	103	149
6ZF4A	6ZF4.A	304	470	516	150	196
6ZF4A	6ZF4.A	304	517	563	197	243
6ZF4A	6ZF4.A	304	564	610	244	290
6ZPMA	6ZPM.A	104	116	129	2	15
6ZPMA	6ZPM.A	104	130	143	16	29
6ZPMA	6ZPM.A	104	144	157	30	43
6ZPMA	6ZPM.A	104	158	171	44	57
6ZPMA	6ZPM.A	104	172	185	58	71
6ZPMA	6ZPM.A	104	186	199	72	85
6ZPMA	6ZPM.A	104	200	213	86	99
7A48B	7A48.B	42	3	9	4	10
7A48B	7A48.B	42	10	16	11	17
7A48B	7A48.B	42	17	24	18	25
7A48B	7A48.B	42	25	31	26	32
7A48B	7A48.B	42	32	38	33	39
7B2RA	7B2R.A	277	470	509	7	46
7B2RA	7B2R.A	277	510	556	47	93
7B2RA	7B2R.A	277	557	598	94	135
7B2RA	7B2R.A	277	599	645	136	182
7B2RA	7B2R.A	277	646	692	183	229
7B2RA	7B2R.A	277	693	736	230	273
7BIFA	7BIF.A	288	0	39	2	41
7BIFA	7BIF.A	288	40	80	42	82
7BIFA	7BIF.A	288	81	121	83	123
7BIFA	7BIF.A	288	122	162	124	164
7BIFA	7BIF.A	288	163	203	165	205
7BIFA	7BIF.A	288	204	244	206	246
7BIFA	7BIF.A	288	245	285	247	287
7C38A	7C38.A	355	27	73	28	74
7C38A	7C38.A	355	74	126	75	127
7C38A	7C38.A	355	129	176	130	177
7C38A	7C38.A	355	177	228	178	229
7C38A	7C38.A	355	229	278	230	279
7C38A	7C38.A	355	279	329	280	330
7CBCA	7CBC.A	319	1	43	1	43
7CBCA	7CBC.A	319	49	92	49	92
7CBCA	7CBC.A	319	96	139	96	139
7CBCA	7CBC.A	319	145	188	145	188
7CBCA	7CBC.A	319	195	238	195	238
7CBCA	7CBC.A	319	244	284	244	284
7CIZD	7CIZ.D	75	212	219	38	45
7CIZD	7CIZ.D	75	220	227	46	53
7CIZD	7CIZ.D	75	228	235	54	61
7CIZD	7CIZ.D	75	236	243	62	69
7CMNB	7CMN.B	313	8	156	2	150
7CMNB	7CMN.B	313	166	310	160	304
7D2EA	7D2E.A	78	169	174	12	17
7D2EA	7D2E.A	78	175	185	18	28
7D2EA	7D2E.A	78	186	196	29	39
7D2EA	7D2E.A	78	197	207	40	50
7D2EA	7D2E.A	78	208	218	51	61
7D2EA	7D2E.A	78	219	229	62	72
7D2GA	7D2G.A	55	101	111	6	16
7D2GA	7D2G.A	55	112	122	17	27
7D2GA	7D2G.A	55	123	133	28	38
7D2GA	7D2G.A	55	134	144	39	49
7D2SA	7D2S.A	220	5	26	10	31
7D2SA	7D2S.A	220	29	51	34	56
7D2SA	7D2S.A	220	52	74	57	79
7D2SA	7D2S.A	220	75	97	80	102
7D2SA	7D2S.A	220	98	120	103	125
7D2SA	7D2S.A	220	123	145	128	150
7D2SA	7D2S.A	220	146	168	151	173
7D2SA	7D2S.A	220	169	191	174	196
7D2SA	7D2S.A	220	192	208	197	213
7DC4A	7DC4.A	133	1	66	1	66
7DC4A	7DC4.A	133	68	133	68	133
7DTLA	7DTL.A	91	28	54	28	54
7DTLA	7DTL.A	91	56	82	56	82
7DU7A	7DU7.A	91	4	45	6	47
7DU7A	7DU7.A	91	47	88	49	90
7KCGA	7KCG.A	143	8	47	10	49
7KCGA	7KCG.A	143	48	95	50	97
7KCGA	7KCG.A	143	98	139	100	141
7KLJA	7KLJ.A	335	1337	1374	19	56
7KLJA	7KLJ.A	335	1377	1415	59	97
7KLJA	7KLJ.A	335	1419	1479	101	161
7KLJA	7KLJ.A	335	1482	1524	164	206
7KLJA	7KLJ.A	335	1532	1570	214	252
7KLJA	7KLJ.A	335	1573	1613	255	295
7KLJA	7KLJ.A	335	1616	1654	298	335
7KMUA	7KMU.A	150	5	46	5	46
7KMUA	7KMU.A	150	51	98	51	98
7KMUA	7KMU.A	150	99	141	99	141
7KQAA	7KQA.A	350	16	182	16	182
7KQAA	7KQA.A	350	183	331	183	331
7KQQA	7KQQ.A	315	31	67	12	48
7KQQA	7KQQ.A	315	73	113	54	94
7KQQA	7KQQ.A	315	114	154	95	135
7KQQA	7KQQ.A	315	155	197	136	178
7KQQA	7KQQ.A	315	199	239	180	220
7KQQA	7KQQ.A	315	240	281	221	262
7KQQA	7KQQ.A	315	283	324	264	305
7O4PA	7O4P.A	148	24	69	5	50
7O4PA	7O4P.A	148	70	113	51	94
7O4PA	7O4P.A	148	114	158	95	139
7OCMA	7OCM.A	176	5	86	4	85
7OCMA	7OCM.A	176	88	169	87	168
7PN0A	7PN0.A	316	3	161	1	159
7PN0A	7PN0.A	316	164	301	162	299
