19261.21	2.008271e-06	0.9999898	0.9999966	1
9394.29	0.0002768292	0.999463	0.999754	0.9999821
6471.444	0.0005280091	0.9990571	0.9994759	0.9998084
5298.54	0.0007618027	0.9989554	0.9993786	0.9997611
4418.303	0.0009893353	0.9988956	0.9993028	0.9996501
4001.763	0.001228043	0.9987711	0.9992016	0.9995757
3614.284	0.001433713	0.998479	0.9990346	0.9994612
3438.99	0.001611037	0.9984373	0.9989234	0.9993514
3274.168	0.001830331	0.9981054	0.9986901	0.9991922
3199.147	0.002048369	0.9977678	0.9984229	0.9990027
3135.846	0.00226777	0.9975958	0.9982973	0.9989402
3061.473	0.002487658	0.9975965	0.9982517	0.9988496
2985.422	0.002709415	0.9974121	0.9981201	0.9987682
2902.513	0.002918384	0.9973148	0.9980457	0.9986489
2842.031	0.003120229	0.9972843	0.9979801	0.9986081
2765.267	0.00333364	0.9970608	0.9978488	0.9985552
2677.918	0.003540044	0.9969347	0.9977178	0.9984248
2600.707	0.00374795	0.9967054	0.9975674	0.9982679
2541.952	0.003940343	0.9965589	0.9973395	0.998112
2485.361	0.004175499	0.9961782	0.9970513	0.9978693
2442.913	0.004430871	0.9958227	0.9968093	0.9975926
2398.201	0.004709058	0.9955365	0.9965481	0.9974355
2353.957	0.004966796	0.995315	0.9964043	0.9973004
2313.489	0.005212565	0.9951262	0.9961888	0.9971172
2273.111	0.00546478	0.9950979	0.9960636	0.9970065
2237.417	0.005691271	0.9951002	0.9960365	0.9969831
2202.816	0.005919693	0.9947952	0.995894	0.996821
2171.406	0.006126463	0.9946202	0.9957459	0.9967277
2131.468	0.006336851	0.9945795	0.9956794	0.9967098
2098.025	0.006543829	0.9945511	0.9956284	0.9966063
2054.092	0.006764831	0.9946004	0.9956341	0.9966167
2017.103	0.006982771	0.9945164	0.9955461	0.996556
1981.642	0.007179871	0.9944916	0.995507	0.9964293
1945.191	0.007379511	0.9943322	0.9954361	0.996429
1911.164	0.007587813	0.9943085	0.995362	0.996312
1883.647	0.00779659	0.9941931	0.9952788	0.9962597
1856.772	0.0080045	0.9940343	0.9951741	0.9961433
1828.471	0.008202034	0.9939773	0.9950714	0.9959904
1794.768	0.00840034	0.9937341	0.9948817	0.9959101
1765.008	0.008583254	0.9936879	0.994797	0.9958696
1734.522	0.008752896	0.9935751	0.9946737	0.9956803
1705.425	0.008917183	0.9933631	0.9944917	0.99552
1680.184	0.009098918	0.9932275	0.9943375	0.9953332
1655.994	0.009297403	0.9931872	0.9942275	0.9953975
1627.432	0.009499889	0.9929981	0.994108	0.9952734
1598.626	0.009684463	0.9929322	0.994035	0.9951351
1580.022	0.009882608	0.9926933	0.9938758	0.9949466
1556.119	0.01005914	0.9925586	0.9937208	0.9948013
1529.903	0.01024724	0.9922739	0.993605	0.9947194
1510.141	0.01047848	0.9921593	0.9933775	0.9945141
1493.063	0.01067143	0.9920836	0.9932405	0.9943592
1473.32	0.01085846	0.9918275	0.9930937	0.9941915
1454.859	0.01104946	0.9916207	0.9929344	0.9940702
1440.799	0.01126153	0.9915877	0.9928556	0.9940265
1424.999	0.01146135	0.9916068	0.9927466	0.9939186
1409.965	0.01168227	0.9913926	0.9925711	0.9937678
1395.177	0.0119081	0.9912113	0.9924367	0.9935755
1380.73	0.0121065	0.9910168	0.9923102	0.9934817
1366.377	0.0123153	0.9908442	0.9921597	0.9933981
1352.699	0.01254963	0.9907479	0.9919849	0.9932581
1338.495	0.01274766	0.9905594	0.9918242	0.9931244
1322.855	0.01296721	0.9905126	0.9917162	0.9929744
1307.716	0.01318018	0.9902392	0.9915629	0.9928063
1295.853	0.01340119	0.9900572	0.9913876	0.9926584
1283.765	0.0135989	0.9898719	0.991233	0.9923843
1271.448	0.01381046	0.9897458	0.9911213	0.9922945
1259.414	0.01399374	0.9895803	0.9910039	0.9924002
1248.267	0.01418487	0.9894033	0.9909254	0.9922065
1238.055	0.01437801	0.9894114	0.9907987	0.9920466
1226.475	0.01458711	0.9893739	0.9906959	0.9919485
1214.07	0.01479165	0.9891802	0.9905816	0.9919009
1204.184	0.01498463	0.9890306	0.9904441	0.9917298
1192.821	0.01522267	0.9888567	0.990337	0.9916652
1183.183	0.01544063	0.9889033	0.9902182	0.9916244
1173.939	0.01564599	0.9887546	0.9901107	0.9914154
1163.957	0.01583513	0.9886158	0.9900034	0.9913265
1153.379	0.01603069	0.988485	0.989873	0.9911738
1143.918	0.01622077	0.9882097	0.9897159	0.9909122
1135.168	0.01642726	0.9881163	0.9895629	0.990935
1126.259	0.01665031	0.9879348	0.9894507	0.9907056
1117.512	0.01686169	0.9880512	0.989397	0.9908087
1109.109	0.01705891	0.9878395	0.9892801	0.9906359
1100.396	0.01724421	0.9877403	0.9891962	0.9906377
1092.985	0.01744697	0.9877341	0.9890812	0.990367
1085.395	0.01764494	0.9874674	0.9889603	0.9902974
1078.021	0.01783233	0.9873569	0.9887781	0.9900316
1068.592	0.01800595	0.9872339	0.9886944	0.9900312
1059.012	0.01818788	0.9872722	0.9886198	0.9899432
1049.187	0.01836057	0.9870651	0.9884655	0.9897872
1040.68	0.01854479	0.9869699	0.9883493	0.9898164
1033.383	0.01872979	0.9868617	0.9882303	0.9895186
1025.01	0.0189318	0.9867377	0.9881355	0.9895183
1017.122	0.01908945	0.9866958	0.9880379	0.9894283
1010.506	0.01927093	0.9864875	0.9878674	0.9892529
1003.683	0.01945404	0.9862618	0.9877354	0.9890739
996.2448	0.01965416	0.9861353	0.9875985	0.9889179
988.4131	0.01984061	0.986094	0.9874998	0.9888701
982.0256	0.02001986	0.9858649	0.987332	0.9888366
974.6628	0.02020429	0.9857375	0.9872102	0.9886944
967.1925	0.02039148	0.9855879	0.9870346	0.988424
960.4951	0.02057096	0.9854271	0.9868615	0.9882351
953.9122	0.02076542	0.9851897	0.9866743	0.9881179
946.9385	0.02096151	0.9850286	0.9865245	0.9879815
939.6651	0.02116129	0.9847406	0.9863311	0.9878127
931.9072	0.02134256	0.9845426	0.9861076	0.9875846
925.5054	0.02152021	0.9843597	0.9858966	0.9874188
918.9207	0.02170656	0.9841509	0.9856993	0.9872046
912.3693	0.02190822	0.9840909	0.9855311	0.9869266
906.0321	0.0221033	0.9838267	0.9853944	0.9868666
899.5457	0.02228337	0.9836222	0.9852405	0.9868117
894.0489	0.02245794	0.9836246	0.9851085	0.9866102
888.5394	0.02266143	0.9834452	0.9850012	0.9864496
882.6593	0.0228417	0.9833618	0.9849024	0.986278
876.9684	0.02302868	0.9832032	0.9847925	0.9862991
871.7631	0.02320459	0.9830468	0.9846308	0.9860552
866.4393	0.0233841	0.9828732	0.9844845	0.9859042
861.1993	0.02355595	0.982667	0.9843126	0.9857042
855.8259	0.02373014	0.9825849	0.9841224	0.9856295
851.5025	0.02389599	0.9824649	0.9839362	0.985443
845.7378	0.02407297	0.981984	0.9837187	0.9852162
841.4354	0.02425118	0.981922	0.9835312	0.985105
836.9087	0.02443592	0.9817419	0.9833874	0.9848686
832.8377	0.02461596	0.9815229	0.983228	0.9848353
828.8758	0.02477532	0.9814359	0.9830898	0.9847295
824.9764	0.02494392	0.9812891	0.9829381	0.9844982
821.4351	0.02512604	0.9813323	0.982793	0.9843509
817.613	0.02530705	0.9810102	0.9826359	0.9842205
814.0547	0.02548207	0.980947	0.9825155	0.9839037
810.2269	0.02566849	0.9807348	0.9823584	0.9839227
806.3822	0.02585915	0.9804894	0.982232	0.983851
802.3864	0.02604788	0.9803023	0.9820911	0.9836747
799.1218	0.02622772	0.9803357	0.9819577	0.983595
795.1395	0.02642835	0.9802331	0.9818408	0.9834759
791.1734	0.02661264	0.9800132	0.9817046	0.9833412
787.1294	0.02679222	0.9799624	0.9815905	0.9832606
783.3995	0.02696821	0.9798792	0.9815051	0.9832268
779.1795	0.02714497	0.979723	0.9813917	0.9831924
775.3994	0.02734506	0.979561	0.981318	0.9829431
771.9928	0.02754527	0.9794547	0.9812195	0.9829454
768.1783	0.02773935	0.9793081	0.9810711	0.9826396
764.7179	0.02791675	0.9793373	0.9809991	0.9826934
761.4068	0.02809074	0.9791707	0.9808612	0.982656
758.0378	0.0282701	0.9789407	0.9807459	0.9824532
754.3263	0.02845791	0.9790649	0.9806458	0.9822255
750.5002	0.0286398	0.9789024	0.9805535	0.9822594
746.7188	0.02881903	0.9785765	0.9804096	0.9821606
743.116	0.02898046	0.9784884	0.9802976	0.981983
739.0241	0.02917097	0.9784819	0.9801529	0.9817387
736.0005	0.02933568	0.9783063	0.9800485	0.9817268
732.7009	0.02951224	0.9781746	0.9799223	0.9816253
729.4464	0.02970082	0.9780781	0.9798149	0.9814126
726.0817	0.02987987	0.977939	0.9797147	0.9814137
723.0514	0.03004599	0.977916	0.9796058	0.9811928
719.6429	0.03024838	0.9778421	0.9794538	0.9811329
716.9769	0.03043796	0.9777768	0.9792971	0.981017
713.4768	0.03063118	0.9773051	0.9791845	0.9807905
710.2262	0.03081702	0.9771998	0.979024	0.9807951
707.4489	0.0309999	0.9770381	0.9788547	0.9806557
704.8153	0.03118058	0.9770261	0.9787512	0.980478
701.934	0.03138384	0.9768714	0.9785839	0.9803769
699.5846	0.03155088	0.9768317	0.9784673	0.9802957
696.8531	0.03174107	0.9765586	0.9783113	0.9798576
694.2642	0.0319289	0.9763334	0.978139	0.9798419
691.7687	0.03211754	0.9761227	0.9779876	0.9797702
689.0489	0.03230187	0.9761614	0.9778835	0.9795284
686.6236	0.03246965	0.975862	0.9777625	0.9795107
684.2158	0.03265732	0.975684	0.9775751	0.9792068
681.8906	0.03282077	0.9756373	0.9774047	0.9792177
678.9819	0.03302099	0.9753479	0.9772356	0.9790227
676.7354	0.03318955	0.9752558	0.9771074	0.978872
674.0871	0.03337346	0.9750832	0.9769712	0.9788481
671.8146	0.03355459	0.9749672	0.976839	0.9786447
669.0585	0.0337511	0.9748939	0.976749	0.9784493
666.5312	0.03394623	0.9745763	0.9765816	0.9784521
664.2842	0.03412775	0.9745357	0.9764891	0.9783563
661.7423	0.0343092	0.9745337	0.9763941	0.9782379
658.9321	0.03449447	0.9744775	0.9763159	0.9782547
656.321	0.03468771	0.9742179	0.9762486	0.978041
653.5778	0.03487191	0.9742712	0.9761549	0.9778072
650.958	0.03505843	0.9741195	0.9760744	0.9779132
648.0068	0.03525233	0.9740144	0.97595	0.977737
645.8227	0.03545399	0.9740089	0.9758047	0.9778336
643.6634	0.03562899	0.9737128	0.9756253	0.9775545
641.4442	0.0358101	0.9734438	0.9754656	0.9772685
639.1329	0.03597229	0.9733784	0.9753912	0.977266
637.1085	0.03614997	0.9731936	0.9752628	0.9772681
634.6252	0.03633384	0.9731696	0.9750847	0.976978
632.2287	0.03651889	0.9730202	0.974944	0.9768866
629.6164	0.03670668	0.9729177	0.9748923	0.9768828
627.4717	0.03690193	0.9729311	0.9747458	0.9766565
625.1611	0.03710752	0.9726158	0.974592	0.976423
622.5561	0.03730678	0.9724049	0.9744787	0.9762424
620.271	0.03749564	0.9724778	0.9743654	0.9764284
618.4512	0.03770664	0.9724191	0.9742384	0.9761582
616.0648	0.03791549	0.9721664	0.9740779	0.9759476
613.965	0.03814368	0.9720631	0.9739694	0.9758435
611.8983	0.03832753	0.9720004	0.9738683	0.9760441
609.9921	0.03850962	0.9717243	0.973781	0.9757383
608.2747	0.03869035	0.9716128	0.9736676	0.9755603
606.4385	0.03887328	0.9715952	0.973544	0.9754641
604.5131	0.03904992	0.9714483	0.9734325	0.9754191
602.6167	0.03924237	0.9713446	0.9733489	0.9752638
601.0332	0.03942355	0.9714003	0.9732675	0.9752543
599.0603	0.03960971	0.9712879	0.9731594	0.9750241
597.0336	0.03979017	0.971129	0.9730774	0.9749313
595.1283	0.03998302	0.9709705	0.9729358	0.9748977
593.3605	0.04016305	0.9708836	0.9728025	0.974571
591.6511	0.04033077	0.9707212	0.9726998	0.9747934
589.8223	0.04051409	0.9706457	0.9726183	0.974655
587.9709	0.04070794	0.9704987	0.9724407	0.9743138
586.1526	0.04088602	0.9703481	0.972362	0.9743228
584.4571	0.04107119	0.9703903	0.9722732	0.9741805
582.7993	0.04125602	0.9701886	0.972182	0.9740255
580.7014	0.04144477	0.970037	0.9720865	0.9741959
578.8072	0.04162775	0.9698691	0.9720026	0.9740108
577.1997	0.04181013	0.9698938	0.9718744	0.9738931
575.2952	0.04199025	0.9696008	0.9717509	0.9736342
573.2339	0.04218547	0.9696533	0.9716057	0.9735219
571.4645	0.04236547	0.9694799	0.9715021	0.973456
569.5388	0.04255294	0.9693409	0.9713939	0.9732068
567.8466	0.04274137	0.9692637	0.9713048	0.9733587
566.1446	0.04290901	0.9691575	0.9711928	0.9730548
564.4682	0.04309265	0.9689947	0.9710867	0.9731659
562.8516	0.04325582	0.9690298	0.9710022	0.9729567
560.9565	0.04346275	0.9685977	0.9708865	0.9729496
559.3239	0.04364637	0.9686522	0.9707723	0.9726779
557.5631	0.04382252	0.9686105	0.9706956	0.9727944
555.7339	0.04400804	0.9687175	0.970575	0.9725229
553.8118	0.04420049	0.9683086	0.9704528	0.9725238
552.2877	0.04437026	0.9683098	0.9703641	0.9723022
550.7464	0.04454987	0.9682996	0.9702725	0.9723195
549.2268	0.04472646	0.967933	0.9701275	0.9720765
547.7262	0.04492218	0.9679263	0.9699426	0.9717943
545.8168	0.04510932	0.9677547	0.9697713	0.9717073
544.0412	0.04530405	0.967762	0.969652	0.9716933
542.3864	0.04548335	0.9674724	0.9695328	0.9714946
540.6215	0.04565733	0.9673434	0.9694633	0.9715078
539.0375	0.04582743	0.9673281	0.9693291	0.9715159
537.3363	0.04600983	0.9669993	0.9692029	0.97124
535.848	0.04617715	0.967001	0.9690692	0.9712168
534.2081	0.04637321	0.966853	0.9689594	0.9711051
532.5759	0.04655471	0.9667978	0.9688249	0.970887
531.044	0.04672063	0.9666897	0.9687159	0.9706798
529.5472	0.04690094	0.9666311	0.9686044	0.9708166
527.9936	0.04707452	0.9665133	0.9684984	0.9704762
526.3882	0.04724471	0.96629	0.9684003	0.9703706
524.8804	0.04741374	0.9662441	0.9682728	0.9701818
523.31	0.0475704	0.9661255	0.9681692	0.970249
521.5194	0.04773473	0.9660561	0.9680705	0.9700587
519.7663	0.04791871	0.9659054	0.9679596	0.9701628
518.513	0.04807394	0.965639	0.9678394	0.9699685
516.4982	0.04824796	0.9656179	0.9677361	0.9697274
514.8463	0.04842523	0.9656494	0.9676382	0.9697281
513.2286	0.04859723	0.965366	0.9675198	0.96962
511.575	0.04875394	0.9652506	0.9674714	0.9694272
510.1257	0.0489181	0.9654357	0.9674003	0.969365
508.4511	0.04908309	0.9652097	0.9672976	0.969486
507.0047	0.04924391	0.9650595	0.9672154	0.9693915
505.3162	0.04940696	0.9651276	0.9671198	0.969166
503.968	0.04956871	0.9647786	0.9670022	0.9688625
502.533	0.04972935	0.9647603	0.9669061	0.9690587
501.1085	0.04988269	0.9645321	0.9667404	0.9687892
499.4677	0.05004647	0.9644384	0.9666077	0.9685665
497.7414	0.05020129	0.9645213	0.9665202	0.9685853
496.1895	0.05035914	0.9640996	0.9663958	0.9683963
494.45	0.05051582	0.9640632	0.966285	0.968341
492.6129	0.05067436	0.9641065	0.9661453	0.9683993
490.9329	0.0508321	0.9640453	0.9660324	0.9680519
489.4279	0.05098151	0.9638283	0.9658914	0.9678749
487.9082	0.05114108	0.9636983	0.9657688	0.9678623
486.1438	0.05129952	0.9634654	0.9656274	0.9675939
484.7092	0.0514654	0.9635325	0.965502	0.9675819
483.0742	0.05161314	0.963158	0.9653981	0.9673494
481.6396	0.05178324	0.963243	0.9653128	0.9674984
479.9387	0.05194568	0.963067	0.9652106	0.9672824
478.4313	0.05210699	0.9630036	0.9650635	0.9672635
476.8701	0.0522601	0.9628922	0.964906	0.9670003
475.4565	0.05242667	0.9628086	0.9647694	0.9666929
474.2276	0.05258426	0.9626443	0.9646533	0.9666953
472.5492	0.05274383	0.9625052	0.964485	0.9665594
471.0708	0.0528952	0.9621961	0.9643768	0.9664123
469.7225	0.05305646	0.9620834	0.964214	0.9662054
468.3993	0.05320961	0.9619926	0.9641515	0.9661775
467.0038	0.05336128	0.9618878	0.9640165	0.9661246
465.7201	0.05352924	0.961993	0.9639166	0.9660756
464.407	0.05368897	0.9616077	0.963782	0.9658652
463.2151	0.05382895	0.9614838	0.9636501	0.9656104
461.9068	0.05397495	0.9613586	0.9635306	0.9655404
460.5887	0.05412101	0.9613531	0.9634389	0.9654292
459.2933	0.05427641	0.9612635	0.9633666	0.9654107
457.692	0.05442603	0.9611232	0.9632033	0.9652083
456.2583	0.05457175	0.9608667	0.9630979	0.9651652
454.7909	0.05472813	0.960816	0.9629821	0.9651853
453.5048	0.05487537	0.9607108	0.9628756	0.9649049
452.193	0.05503375	0.9604171	0.9627531	0.9649331
450.8869	0.05517172	0.9605137	0.9626175	0.964629
449.5772	0.05531787	0.9603207	0.9624946	0.9646322
448.4481	0.05547119	0.9603909	0.962382	0.9646401
447.0415	0.05561102	0.9599889	0.9622723	0.9644261
445.7284	0.05575612	0.9600239	0.9621796	0.9644435
444.4171	0.05590273	0.9597728	0.9620628	0.9639957
442.9229	0.05605913	0.9597385	0.9619165	0.9641747
441.7259	0.05622198	0.959592	0.9617897	0.9638958
440.3485	0.05637221	0.9595268	0.9616502	0.9640203
439.0916	0.05651506	0.9595965	0.9616185	0.9637124
437.7969	0.0566581	0.9594514	0.9615431	0.9636176
436.4571	0.05679258	0.9592912	0.9614417	0.963675
435.1362	0.05692824	0.9591283	0.9613319	0.9634093
433.7647	0.05708199	0.959065	0.9611865	0.9635539
432.3637	0.05723238	0.958948	0.9610777	0.9633473
430.9152	0.05737837	0.9587195	0.9609287	0.963204
429.6342	0.05754328	0.9587871	0.9608246	0.9629877
428.4161	0.05769747	0.9584796	0.960707	0.9628697
427.0887	0.05783944	0.9584671	0.9605773	0.9625602
425.8687	0.05800687	0.9581766	0.9604163	0.9624845
424.7502	0.05816064	0.957918	0.9602451	0.9623587
423.4934	0.0583139	0.9578969	0.9601217	0.9621266
422.1923	0.05847657	0.9577651	0.9599898	0.9621096
420.9258	0.05862618	0.9576095	0.9598682	0.9621111
419.6737	0.05876646	0.9576004	0.9597349	0.9618907
418.5188	0.05891458	0.9574557	0.9595741	0.9617436
417.328	0.05907833	0.9572822	0.959469	0.9615601
416.0605	0.05923215	0.9571411	0.9593086	0.961371
414.8191	0.05938005	0.9570607	0.9591904	0.9612606
413.6402	0.05951582	0.9567404	0.9591431	0.9613138
412.7132	0.05965782	0.9568151	0.9590156	0.9611378
411.3404	0.0598047	0.956635	0.9588727	0.9610389
410.084	0.05994244	0.9566823	0.958758	0.9609381
408.8473	0.0600874	0.9565172	0.9586224	0.9607387
407.6152	0.06024426	0.9563506	0.9584661	0.9606175
406.3901	0.06039412	0.9560896	0.9583451	0.96046
405.1146	0.06052747	0.95591	0.9582451	0.9604162
404.1736	0.0606692	0.9561822	0.9581472	0.9603472
403.0008	0.06081274	0.9558163	0.9580418	0.9602584
401.7098	0.06097685	0.9556648	0.9578827	0.9600042
400.7182	0.06111792	0.9555768	0.9577901	0.9598995
399.5548	0.06124876	0.9555393	0.9576563	0.9595915
398.3377	0.06139355	0.9553086	0.9574854	0.9596183
397.0681	0.06154314	0.9551664	0.9573513	0.9597452
396.0235	0.06168975	0.9549509	0.9571972	0.9593519
394.8974	0.06183685	0.9548721	0.9570784	0.9592977
393.7034	0.06199009	0.9547589	0.9569634	0.9591927
392.7021	0.06212445	0.9545321	0.9568594	0.9591278
391.5533	0.06227168	0.9545484	0.9567271	0.9589831
390.3134	0.06242742	0.9542681	0.9565917	0.9588475
389.2078	0.06255925	0.9541637	0.9564892	0.9586866
388.0144	0.06270534	0.9540765	0.9563672	0.9586409
386.8725	0.06285009	0.9541215	0.9562782	0.9584508
385.8957	0.06298575	0.9539502	0.95614	0.9583518
384.8402	0.06311751	0.9538229	0.9560353	0.9583055
383.8436	0.06324219	0.9535593	0.9559292	0.9581845
382.6617	0.06337792	0.9535015	0.9558291	0.9581417
381.4955	0.06351533	0.9535368	0.9556873	0.9579112
380.522	0.06364386	0.9531772	0.9555869	0.9578423
379.465	0.06378745	0.9531947	0.9554561	0.95767
378.3145	0.0639097	0.9530772	0.9553575	0.9575675
377.2853	0.06404961	0.9529975	0.955242	0.9574595
376.3266	0.064177	0.9526927	0.9551577	0.9575623
375.3144	0.06431212	0.952705	0.9550357	0.957296
374.1412	0.06444182	0.9525159	0.9549397	0.9571929
373.1318	0.06456828	0.952535	0.9548462	0.9570468
372.0576	0.06470973	0.9524476	0.9547777	0.957036
370.9996	0.06485394	0.9524318	0.9546512	0.9568266
370.0198	0.06498183	0.9522811	0.9545404	0.9566118
368.8633	0.06511456	0.9521508	0.9544391	0.9566438
367.9782	0.06523922	0.951954	0.9543144	0.9565402
366.8501	0.06538057	0.951937	0.9541623	0.9563159
365.7581	0.06551019	0.9517726	0.954022	0.9563342
364.5603	0.06564105	0.9515306	0.9539139	0.9561806
363.5523	0.06577408	0.95157	0.9538257	0.9560897
362.6242	0.06591642	0.9514102	0.9537011	0.9559149
361.4735	0.0660604	0.9513766	0.9535691	0.9557926
360.4115	0.06618985	0.9511633	0.9534523	0.955598
359.5324	0.06631114	0.9509907	0.9533596	0.9556774
358.5561	0.0664357	0.9509586	0.9532785	0.9554671
357.5945	0.06656421	0.9507413	0.9531659	0.9554117
356.4198	0.06669822	0.9507726	0.9530481	0.9552283
355.3438	0.06682526	0.9505351	0.9529085	0.9551065
354.4108	0.06695524	0.9504108	0.9528001	0.9549528
353.4575	0.06709851	0.9501334	0.9526728	0.9548659
352.4076	0.06723755	0.9501318	0.95252	0.9547812
351.3608	0.067372	0.9501967	0.9524086	0.9546192
350.4412	0.06749173	0.9500567	0.9522921	0.9546263
349.3226	0.06762311	0.9499399	0.9521701	0.9544995
348.4092	0.06775499	0.9498029	0.9520613	0.9542818
347.3759	0.06788784	0.9497619	0.9519611	0.9542015
346.4208	0.06803258	0.949643	0.9518675	0.9541379
345.3677	0.06816337	0.9491508	0.9517442	0.9538993
344.2949	0.06830377	0.9494338	0.9516227	0.9540655
343.2806	0.06843146	0.9492557	0.9514779	0.9539291
342.3634	0.06855993	0.94914	0.9513983	0.9534833
341.5125	0.06869349	0.9488932	0.9512827	0.9535716
340.5429	0.06882358	0.9488557	0.9511779	0.9534235
339.6597	0.06894756	0.9487058	0.9510704	0.9533918
338.7915	0.06907206	0.9487146	0.9509987	0.9531923
337.8436	0.06920369	0.9485155	0.9508949	0.9533232
336.8591	0.06934282	0.9486579	0.9508179	0.953004
335.8393	0.06946864	0.948548	0.9507192	0.9529103
334.8976	0.06959838	0.9481103	0.9506402	0.9528126
334.0255	0.06972444	0.9482766	0.9505449	0.9529741
333.062	0.06986549	0.9479622	0.95045	0.9527319
332.1909	0.06999409	0.9480485	0.9503589	0.9526872
331.2829	0.07012862	0.9479377	0.9503127	0.9525291
330.3985	0.07025405	0.9479236	0.9502295	0.9524559
329.3969	0.07038005	0.9479083	0.9501553	0.9525545
328.478	0.07051154	0.9475563	0.9500752	0.952265
327.6081	0.07063322	0.947563	0.9499888	0.9521072
326.6304	0.07076054	0.9474734	0.9499104	0.9521558
325.6375	0.07089138	0.9476517	0.9498323	0.9522941
324.6336	0.0710241	0.9473608	0.9497602	0.9520144
323.6331	0.07114682	0.9475675	0.9496718	0.9518874
322.7791	0.0712791	0.947253	0.9495738	0.9516918
321.7578	0.07140424	0.9472943	0.9494836	0.9518837
320.8272	0.07152254	0.9470929	0.9493886	0.9516768
319.9497	0.07164019	0.9472606	0.9493072	0.9514672
319.049	0.07176443	0.9470598	0.9492561	0.9513971
318.1498	0.07188913	0.9469367	0.9491761	0.9514254
317.2929	0.07200581	0.9467996	0.9491023	0.9512124
316.22	0.07213127	0.9467004	0.9490234	0.951317
315.4522	0.07224988	0.9465032	0.9489333	0.9512564
314.6611	0.07237278	0.9464899	0.9488651	0.9512206
313.7969	0.07249123	0.9464357	0.9487919	0.9512066
312.9803	0.0726122	0.9464565	0.9486984	0.9510987
312.1489	0.07273249	0.9461108	0.948629	0.9508035
311.3496	0.07285255	0.9461526	0.9485434	0.9508943
310.5528	0.07297354	0.9461062	0.9484524	0.9508085
309.6022	0.07309557	0.9459215	0.948341	0.9507591
308.8169	0.07321765	0.9457253	0.9482186	0.9504029
307.9685	0.0733422	0.945674	0.948129	0.950471
307.2226	0.0734561	0.9457506	0.9480545	0.9503976
306.1936	0.07358506	0.945698	0.9479506	0.9503975
305.3897	0.07370283	0.9454459	0.9478552	0.9501483
304.4905	0.07382507	0.9455045	0.9477647	0.9501358
303.665	0.07393242	0.9453243	0.9476451	0.9498323
302.8581	0.07406914	0.9452331	0.9475124	0.9500485
302.0281	0.07417459	0.9451472	0.9474561	0.9497547
301.2502	0.07430316	0.9449973	0.9473724	0.9497841
300.4193	0.07441799	0.9448294	0.9472673	0.9494807
299.5916	0.0745368	0.944804	0.9471486	0.9493433
298.75	0.07465018	0.9447028	0.947055	0.9493721
298.0343	0.0747607	0.9446357	0.9470009	0.949423
297.3692	0.07487291	0.9444946	0.9468889	0.9492596
296.587	0.07498612	0.9444388	0.9468263	0.9489345
295.8858	0.0751013	0.9443503	0.946746	0.9490339
295.0637	0.07521302	0.9443114	0.9466595	0.9490677
294.2682	0.0753407	0.9441776	0.9465333	0.9489507
293.4629	0.07545478	0.9439396	0.9464515	0.9487824
292.6561	0.07557256	0.944067	0.9463744	0.9488352
291.8639	0.07569204	0.9437289	0.9463041	0.9485208
291.124	0.07582062	0.9440228	0.9462518	0.9486942
290.2548	0.07594527	0.9436696	0.94615	0.9485147
289.4226	0.07606464	0.9437361	0.9460652	0.9482676
288.7752	0.07617172	0.9438022	0.9460025	0.9483221
287.9061	0.07629373	0.9435684	0.9459211	0.9481618
287.1329	0.07641753	0.943412	0.9458157	0.9482048
286.4522	0.0765394	0.9435175	0.9457217	0.9480244
285.7819	0.07664658	0.9433207	0.9456769	0.9481713
284.9708	0.07676785	0.9433147	0.9456253	0.9479928
284.1231	0.07688712	0.9430664	0.9455039	0.9477015
283.3851	0.07700509	0.943037	0.9454102	0.9475292
282.5459	0.07711376	0.9430211	0.9453344	0.9476535
281.827	0.07723672	0.9429501	0.9452069	0.9474585
281.0521	0.07734451	0.9427731	0.9451395	0.9473487
280.4066	0.07746495	0.9427201	0.945063	0.9474176
279.61	0.07757601	0.9427221	0.945011	0.9473518
278.8476	0.07768692	0.942678	0.9449036	0.9470876
278.1072	0.07779238	0.9425546	0.944833	0.9471088
277.363	0.0779024	0.9424966	0.9447539	0.9471902
276.6239	0.07801435	0.9419521	0.9446719	0.9470581
275.8991	0.07812922	0.942357	0.9445797	0.9469388
275.1666	0.07824847	0.9420987	0.9444844	0.9468239
274.47	0.07836198	0.9419608	0.9444269	0.9467793
273.6996	0.07847977	0.9418573	0.9443424	0.9468799
272.9882	0.07859875	0.9418134	0.944254	0.9465461
272.1034	0.07871725	0.9418587	0.9442038	0.9466009
271.3657	0.0788281	0.941666	0.9441065	0.9466774
270.5565	0.0789445	0.9415339	0.9440032	0.9462708
269.8596	0.07906384	0.9415649	0.943915	0.9462438
269.085	0.07917668	0.9414402	0.9438328	0.9462758
268.294	0.07928851	0.9413964	0.9437154	0.9461186
267.3758	0.07941311	0.9411773	0.9436271	0.9460043
266.5523	0.07952321	0.9412093	0.9435463	0.9459923
265.8418	0.07963512	0.9411299	0.9435134	0.945721
265.0626	0.07975065	0.9410792	0.9434412	0.9456584
264.3384	0.07987008	0.940905	0.9433221	0.9457166
263.5572	0.07997821	0.9408075	0.9432331	0.9455065
262.7026	0.080086	0.9407486	0.9431686	0.9456097
261.9813	0.08019744	0.9404387	0.9430741	0.9455477
261.2376	0.08031026	0.9406642	0.9430104	0.9453777
260.5167	0.08042257	0.9404384	0.9429324	0.945277
259.7156	0.08052661	0.9404157	0.942879	0.9451142
258.855	0.08064004	0.9404293	0.9427829	0.9451022
257.9027	0.08074854	0.9403281	0.9426773	0.945107
257.0708	0.08085814	0.9405198	0.9425943	0.9449301
256.3172	0.08097394	0.9401145	0.9425099	0.9447743
255.5246	0.08108415	0.9400062	0.9424203	0.9447609
254.7386	0.08119449	0.9399323	0.9423025	0.9446213
253.943	0.08130452	0.9397652	0.9421782	0.9445377
253.1998	0.0814199	0.9395776	0.9420713	0.944527
252.4527	0.08151825	0.9397106	0.942001	0.9442502
251.6158	0.08162148	0.9393287	0.9419148	0.9443806
250.8069	0.08173231	0.9393735	0.9418293	0.9441946
249.9712	0.08185639	0.9393742	0.9417181	0.9443314
249.051	0.08196587	0.939159	0.9416485	0.9440394
248.2766	0.08207533	0.9392028	0.9415403	0.9440135
247.3986	0.08219693	0.9389498	0.941436	0.9437845
246.6874	0.08230242	0.9389575	0.9413677	0.9438182
245.9332	0.08242866	0.9390252	0.9412631	0.9434979
245.1947	0.08253264	0.9387693	0.9411571	0.9434489
244.478	0.08264841	0.938708	0.9410726	0.9432152
243.7233	0.08275335	0.9385668	0.9409713	0.9433367
242.903	0.08285635	0.9384783	0.9409062	0.9433413
242.2016	0.08296675	0.938382	0.940793	0.9430827
241.4818	0.08307338	0.9382798	0.9406902	0.9431849
240.6542	0.08318213	0.9382161	0.9406259	0.9428542
239.8954	0.08328538	0.9381047	0.94054	0.9427019
239.0045	0.08338863	0.9380438	0.9404563	0.9429223
238.3074	0.08349238	0.9379597	0.9403534	0.9430296
237.6093	0.08358631	0.93793	0.9402804	0.9425514
236.8176	0.08369891	0.9378852	0.9401874	0.9425367
236.0216	0.08380428	0.9377716	0.9400758	0.9423593
235.3013	0.08390824	0.9375681	0.9399795	0.9426355
234.4809	0.08400923	0.9373845	0.9398657	0.9422969
233.8895	0.08410756	0.9373879	0.9397552	0.9421396
233.0192	0.0842119	0.9373418	0.9396354	0.9420576
232.2423	0.08432045	0.9371993	0.9395559	0.9418848
231.4164	0.08442187	0.9371096	0.9394304	0.9418026
230.7679	0.08451994	0.936834	0.9393505	0.9417607
230.1471	0.08462174	0.9369425	0.9393028	0.9416261
229.3677	0.08472974	0.9367549	0.9392154	0.9414413
228.7055	0.08482403	0.9367576	0.9391325	0.9416311
227.9262	0.08492913	0.9367528	0.9390628	0.9414506
227.2191	0.08503663	0.9364611	0.9389379	0.9412658
226.5046	0.08514328	0.9363584	0.9388489	0.9412316
225.7922	0.08524654	0.9362541	0.9387346	0.9411185
225.1292	0.08534089	0.9362879	0.9386422	0.9410477
224.4297	0.08544185	0.9359992	0.9385568	0.9410985
223.7192	0.08554717	0.9359989	0.9384447	0.9409153
222.8757	0.08565811	0.9360217	0.938322	0.9407713
222.1793	0.08575936	0.9358501	0.9381984	0.9406641
221.4929	0.08585834	0.9356496	0.9380987	0.9404386
220.7972	0.08596515	0.9354976	0.9380187	0.9404915
220.0553	0.08606332	0.935542	0.9379096	0.9402374
219.3298	0.08615287	0.93544	0.9378001	0.9402906
218.5533	0.08623766	0.9352622	0.9377128	0.9401062
217.7683	0.08634084	0.9351963	0.9376117	0.9399788
217.0037	0.08644183	0.9350449	0.9375166	0.9399298
216.3567	0.08654001	0.9350048	0.9374437	0.939602
215.6245	0.08664163	0.9349203	0.9373542	0.9396307
214.9785	0.08674229	0.9349438	0.9372637	0.9398737
214.3012	0.08686097	0.9346077	0.937159	0.9394551
213.6806	0.08695999	0.9347115	0.9370646	0.9394564
213.0431	0.08705426	0.9344616	0.9369654	0.9394158
212.372	0.08715228	0.9344462	0.9368612	0.9392745
211.5379	0.08724399	0.9345232	0.9367834	0.9393622
210.8423	0.08733721	0.9341446	0.9367053	0.9391127
210.1541	0.08743889	0.9342807	0.9366194	0.9391974
209.4576	0.08754755	0.9339728	0.9365246	0.9389514
208.7725	0.08765424	0.9339018	0.9364082	0.9391118
208.1478	0.08775324	0.9338543	0.9363414	0.9386911
207.4715	0.0878595	0.9338573	0.9362344	0.9387114
206.8156	0.08795815	0.9336157	0.9361114	0.9385134
206.1313	0.08805892	0.9334833	0.936021	0.9385867
205.484	0.08816637	0.9335139	0.9358828	0.9383547
204.8666	0.08826736	0.9332955	0.9357965	0.9382771
204.1819	0.08835786	0.933104	0.9357115	0.9382376
203.4954	0.08845066	0.9333293	0.9356367	0.9381008
202.881	0.08855155	0.9330143	0.9355504	0.9380084
202.1701	0.08864221	0.9329019	0.9354619	0.9378783
201.5216	0.08873619	0.9329987	0.9353977	0.9376628
200.7779	0.08882993	0.9329015	0.93533	0.9377524
200.1301	0.08892259	0.9325991	0.9352453	0.937811
199.4803	0.08901283	0.9327836	0.9351708	0.9374974
198.8646	0.08910506	0.9328224	0.9350979	0.9376148
198.2275	0.08919787	0.9324154	0.9350086	0.9374909
197.5118	0.08929787	0.9325149	0.9349309	0.937351
196.9315	0.08939419	0.9325282	0.9348455	0.9373958
196.2728	0.08949335	0.9323239	0.9347619	0.9371601
195.5774	0.08958289	0.9322925	0.9346708	0.9370009
194.8628	0.08967496	0.9322531	0.9345648	0.9369821
194.2545	0.08977288	0.9319309	0.9344846	0.9367607
193.5747	0.08987842	0.9319231	0.9343936	0.9368344
192.9306	0.08997546	0.9318018	0.9342939	0.9367693
192.247	0.09006947	0.9318304	0.9342179	0.936683
191.6838	0.09015977	0.9315435	0.9341202	0.9363588
191.0793	0.09025676	0.931471	0.9340325	0.9365846
190.5078	0.09035164	0.9314011	0.9339519	0.9364116
189.8273	0.09044766	0.9313424	0.9338322	0.9363403
189.2456	0.09053432	0.9312723	0.9337533	0.9361522
188.5977	0.09062126	0.931146	0.9336727	0.9360199
187.9338	0.09072031	0.9310372	0.9335883	0.9362077
187.3095	0.09080926	0.9311966	0.9335143	0.9357825
186.591	0.0908975	0.9306757	0.9334363	0.9358055
185.9488	0.09099583	0.9309207	0.9333516	0.9358181
185.1818	0.09107963	0.9307336	0.93326	0.935842
184.5788	0.091178	0.9304837	0.9331119	0.9354996
183.985	0.09126708	0.9302517	0.932998	0.9355124
183.3639	0.0913484	0.9304309	0.9329083	0.9352966
182.692	0.09143761	0.930218	0.9328313	0.9352226
182.0901	0.09151963	0.9303206	0.9327683	0.9351062
181.4756	0.09160704	0.9302287	0.9326963	0.9351274
180.7679	0.09169007	0.930229	0.9326228	0.9350587
180.1418	0.09178232	0.9299851	0.9325232	0.9349426
179.6416	0.09186757	0.9300895	0.9324244	0.9347854
178.9243	0.09195367	0.9300001	0.9323305	0.9346215
178.3555	0.09203776	0.9296373	0.9322257	0.9347034
177.7794	0.09211925	0.9295918	0.9321302	0.9345619
177.138	0.09220285	0.9296855	0.9320782	0.9344006
176.5777	0.09228416	0.9293499	0.9320005	0.9343443
175.9479	0.09237349	0.9295578	0.93193	0.9344839
175.312	0.09245662	0.9291816	0.931838	0.9343972
174.6377	0.0925426	0.9291979	0.9317507	0.9341917
174.0383	0.09262264	0.9291285	0.9316518	0.9340826
173.4003	0.09270599	0.9291133	0.9315904	0.9339435
172.7815	0.09279351	0.9290339	0.9315127	0.93412
172.2268	0.09288521	0.9289736	0.9314085	0.9339457
171.6606	0.09297412	0.9287809	0.9313106	0.9336896
171.0434	0.09305347	0.9287259	0.9312165	0.9335385
170.3976	0.09313127	0.9286631	0.9311342	0.9336251
169.8858	0.09321148	0.9283266	0.9310299	0.9336785
169.2526	0.09329491	0.9285727	0.9309355	0.9334622
168.7156	0.09338102	0.9283563	0.9308538	0.9331823
168.165	0.09346334	0.9282725	0.9307609	0.9331661
167.6708	0.093551	0.9281453	0.9306636	0.9333414
167.0016	0.09363356	0.9280371	0.9305855	0.9328785
166.452	0.09371996	0.9279969	0.9304866	0.9329516
165.9006	0.09379994	0.9277026	0.9304382	0.9328175
165.3489	0.09388572	0.9277283	0.9303439	0.9329779
164.8158	0.093969	0.9277664	0.9302651	0.9327956
164.2003	0.09404999	0.9278499	0.9301902	0.9327509
163.7366	0.09413235	0.9275368	0.930135	0.9328626
163.1515	0.09420792	0.927402	0.9300765	0.9324537
162.6911	0.09428214	0.9274215	0.9300003	0.9324707
162.2233	0.0943648	0.9272778	0.9299048	0.9324517
161.5068	0.0944363	0.9273284	0.9298464	0.932253
160.843	0.09451327	0.9272356	0.9297598	0.9324628
160.3078	0.09459237	0.9270694	0.9296949	0.9320908
159.7491	0.09467025	0.9272508	0.9296178	0.9321036
159.1736	0.09475199	0.9270237	0.9295245	0.9319867
158.6457	0.09483572	0.926706	0.9294572	0.9318697
158.0678	0.09491161	0.9269082	0.9293867	0.9318235
157.5183	0.09498605	0.9265862	0.9293073	0.9316933
156.9548	0.0950617	0.926812	0.9292139	0.9316914
156.3939	0.09513432	0.9264841	0.9291463	0.9316786
155.7906	0.09521761	0.9267039	0.9290812	0.9316435
155.1411	0.09528579	0.926422	0.9290061	0.9317856
154.6256	0.09536331	0.9266039	0.9289487	0.9312216
154.0728	0.09545164	0.9263742	0.9288528	0.9311911
153.5113	0.09552368	0.9262024	0.92877	0.9312471
152.9384	0.09560391	0.9262942	0.9286751	0.9310759
152.3799	0.09567403	0.9260964	0.9286032	0.9311645
151.7821	0.09576068	0.9259536	0.9285223	0.9309536
151.2089	0.09583095	0.925804	0.9284616	0.9308846
150.7012	0.09591348	0.9260589	0.9283574	0.9310153
150.0242	0.09599793	0.9257661	0.9282769	0.9309387
149.3583	0.09607699	0.9255446	0.928182	0.9306252
148.8074	0.09615346	0.9255688	0.9280898	0.930541
148.1746	0.09623094	0.9253473	0.9279703	0.930422
147.5571	0.09630907	0.9253606	0.9278759	0.9303963
147.094	0.09638851	0.9252541	0.9277797	0.930324
146.5204	0.09645337	0.9252699	0.9277124	0.9303294
146.0186	0.09651983	0.9250566	0.9276617	0.9302478
145.5715	0.09658599	0.9251567	0.9275847	0.9303568
145.0533	0.0966572	0.9249407	0.9275042	0.9301092
144.5523	0.09672287	0.9250319	0.9274443	0.9299341
144.0008	0.09679157	0.9249669	0.9273845	0.9298618
143.4298	0.09686617	0.9248426	0.9273123	0.9296561
142.8673	0.09693633	0.9247237	0.9272369	0.9295896
142.356	0.09700488	0.9246731	0.9271581	0.9297261
141.7922	0.09707318	0.9246165	0.9270779	0.9295605
141.2868	0.09714297	0.9245954	0.9269865	0.9293852
140.7484	0.09721548	0.9244782	0.926907	0.929374
140.1707	0.09729212	0.9244666	0.9268139	0.9296366
139.582	0.0973576	0.9241339	0.9267489	0.929378
139.0016	0.09743483	0.9242288	0.926657	0.9291018
138.4518	0.097499	0.9242843	0.9265916	0.9290679
137.9699	0.09756329	0.9238376	0.9265271	0.9289651
137.392	0.09763315	0.9238836	0.9264363	0.928757
136.8606	0.09770142	0.9238218	0.9263532	0.9287923
136.2083	0.09776818	0.923785	0.9262596	0.9286669
135.7378	0.09783965	0.9236451	0.9261729	0.928681
135.1894	0.09790785	0.9236774	0.9260726	0.9286359
134.6263	0.0979725	0.9234348	0.9260013	0.9285637
134.0998	0.09804003	0.9233579	0.9258955	0.9284098
133.5684	0.09809933	0.9231763	0.9258274	0.9282604
132.96	0.0981649	0.9230967	0.9257528	0.9284359
132.4012	0.09823298	0.9231748	0.9256643	0.9280478
131.8955	0.09830166	0.923031	0.9255627	0.9280203
131.3489	0.09837031	0.9229145	0.9254664	0.9280129
130.8327	0.09843254	0.9228812	0.9253801	0.9279161
130.3436	0.0984964	0.9228056	0.9253145	0.9280472
129.8298	0.09856265	0.9227915	0.9252386	0.9277552
129.3529	0.09862344	0.9227528	0.9251792	0.9276393
128.8869	0.09868026	0.9224764	0.9251005	0.9277407
128.3831	0.09875037	0.92241	0.9250082	0.9275503
127.8307	0.09881303	0.9224491	0.9249268	0.9273256
127.3957	0.09886819	0.9222372	0.924847	0.9270583
126.8774	0.09893137	0.9222341	0.924769	0.92744
126.402	0.09899585	0.9219625	0.9246943	0.9268655
125.8989	0.09906166	0.9221502	0.9246161	0.9270884
125.3931	0.09912962	0.9219777	0.9245449	0.9270122
124.8731	0.09919165	0.9216306	0.9244675	0.9269223
124.4057	0.09925307	0.9218425	0.9244023	0.927009
123.9281	0.09931123	0.921625	0.9243234	0.9268902
123.3586	0.09936783	0.921948	0.9242566	0.9267643
122.8321	0.09942798	0.9217027	0.9241672	0.9267216
122.3561	0.09949103	0.9218073	0.9240762	0.9267105
121.8906	0.09954677	0.9215094	0.9240148	0.9265931
121.2932	0.09960755	0.9214178	0.9239535	0.9265365
120.8412	0.09966314	0.9212042	0.9238873	0.9264559
120.3815	0.09972872	0.9211339	0.9238189	0.926405
119.8549	0.09979184	0.9212584	0.9237503	0.9262667
119.3386	0.09985653	0.9210921	0.9236781	0.9262132
118.8313	0.0999066	0.9211035	0.9236188	0.9262281
118.3198	0.09996835	0.921025	0.9235253	0.9259858
117.8578	0.1000225	0.9208247	0.9234493	0.9258416
117.3851	0.1000809	0.9207166	0.9233778	0.9259761
116.9238	0.1001391	0.9208193	0.9232929	0.9258115
116.3502	0.1001979	0.92064	0.9232347	0.9256867
115.8768	0.1002545	0.9207647	0.9231721	0.9256308
115.4013	0.1003104	0.9206394	0.9231135	0.9256266
114.9216	0.1003657	0.9202978	0.9230482	0.9257917
114.4575	0.1004165	0.9203345	0.9229652	0.9254773
113.9702	0.1004727	0.9202256	0.922881	0.9254553
113.5028	0.1005278	0.9202285	0.9227934	0.9252036
113.0585	0.1005783	0.9201548	0.9227347	0.9254463
112.5743	0.1006354	0.920229	0.922665	0.9249557
112.1037	0.1006951	0.9201816	0.9225765	0.9252443
111.6601	0.1007507	0.9200973	0.9225079	0.9248623
111.2675	0.1008077	0.9198857	0.9224178	0.9250984
110.8755	0.1008583	0.919812	0.9223432	0.9247464
110.4539	0.1009172	0.9195746	0.9222585	0.9247933
109.9981	0.1009786	0.9197332	0.922177	0.9247511
109.6066	0.1010282	0.9192785	0.9221094	0.9245514
109.1343	0.101082	0.9196406	0.9220337	0.9247045
108.7143	0.1011363	0.9193124	0.9219694	0.9245073
108.2583	0.1011917	0.9191149	0.9218763	0.9244104
107.8519	0.1012441	0.9193098	0.9218214	0.9241991
107.3502	0.1012957	0.9193178	0.9217661	0.9244804
106.8378	0.1013503	0.9188801	0.9216985	0.924396
106.423	0.1014082	0.9190895	0.9216149	0.9241464
105.9464	0.1014581	0.9191743	0.9215482	0.9241829
105.5395	0.1015109	0.9189889	0.9214745	0.9239317
105.1422	0.1015665	0.9188336	0.921415	0.9239455
104.7102	0.1016123	0.9187232	0.9213633	0.9240027
104.2769	0.1016611	0.9188351	0.9213029	0.9238442
103.8453	0.1017097	0.9186338	0.921247	0.9236292
103.4121	0.101757	0.9185718	0.9211919	0.9238649
102.958	0.1018049	0.9184347	0.9211353	0.9238095
102.5495	0.1018477	0.9182987	0.9210793	0.923681
102.1261	0.1018966	0.9185895	0.9210225	0.923773
101.746	0.1019489	0.9183554	0.9209615	0.923307
101.2779	0.1019978	0.918437	0.9209046	0.9233242
100.8418	0.1020471	0.9182696	0.9208483	0.9234555
100.2631	0.1020986	0.9183178	0.9207957	0.9233317
99.76063	0.1021433	0.9182147	0.9207323	0.9232934
99.30979	0.1021916	0.9181711	0.920671	0.9230588
98.87848	0.1022374	0.9178189	0.9206145	0.9231437
98.50986	0.10228	0.9177949	0.9205742	0.9232514
98.03052	0.1023275	0.9178687	0.9205245	0.9229752
97.58392	0.1023646	0.9179063	0.9204775	0.9230209
97.14212	0.102414	0.9178472	0.9204224	0.9228907
96.71067	0.102463	0.9178489	0.9203558	0.9229321
96.30255	0.1025118	0.9176903	0.9202933	0.9227792
95.84304	0.1025609	0.9177156	0.9202313	0.9227711
95.46141	0.1026019	0.9178326	0.9201714	0.9227219
94.99219	0.1026474	0.9175398	0.920125	0.9225237
94.61131	0.1027003	0.917562	0.9200471	0.9226293
94.23375	0.1027477	0.9175362	0.9200017	0.922633
93.81856	0.1027906	0.9175041	0.9199379	0.9225915
93.35019	0.1028494	0.9173021	0.9198665	0.9223757
92.99624	0.1028924	0.9172308	0.9198176	0.9224545
92.57766	0.1029396	0.9171609	0.9197709	0.9224549
92.17686	0.1029815	0.9170867	0.9197271	0.9223518
91.72773	0.1030236	0.9171665	0.9196751	0.9222989
91.37175	0.1030659	0.9169942	0.9196159	0.9221488
90.87934	0.1031039	0.917062	0.9195788	0.9222886
90.49405	0.103143	0.9171321	0.9195337	0.9220101
90.10308	0.1031862	0.9168526	0.9194917	0.9220839
89.75903	0.1032332	0.9168554	0.9194307	0.9220839
89.41684	0.1032766	0.9169814	0.919373	0.9218533
89.01844	0.103319	0.9168367	0.9193201	0.9218368
88.67724	0.1033653	0.9164055	0.9192646	0.9220135
88.31844	0.1034145	0.9166497	0.919216	0.9216185
87.8975	0.1034571	0.9166673	0.9191673	0.9216891
87.51932	0.1034957	0.9164898	0.9191251	0.9215054
87.1114	0.103538	0.9164468	0.9190692	0.9215373
86.77537	0.1035769	0.9165371	0.9190201	0.9217449
86.3486	0.1036189	0.9166325	0.9189658	0.9216178
85.99969	0.1036588	0.9163225	0.918927	0.9215159
85.5881	0.1037045	0.916209	0.9188809	0.9214739
85.15368	0.1037449	0.9163015	0.9188239	0.9213907
84.76944	0.1037861	0.9162148	0.9187704	0.9212435
84.40501	0.1038221	0.9161091	0.9187299	0.9210189
84.04911	0.1038575	0.915969	0.9186851	0.9213142
83.68388	0.1038938	0.9160497	0.9186434	0.9212427
83.32777	0.1039372	0.9159629	0.9185777	0.9212279
82.94933	0.1039752	0.9159864	0.9185334	0.9209967
82.61936	0.1040137	0.9157872	0.9184857	0.9210715
82.18612	0.104056	0.9159239	0.9184281	0.9209353
81.83567	0.1040959	0.9158054	0.9183789	0.9208771
81.44641	0.1041382	0.9157282	0.9183272	0.920923
81.13279	0.1041698	0.9157294	0.918287	0.9207592
80.78675	0.1042036	0.9155058	0.9182522	0.9207899
80.38442	0.1042414	0.9155942	0.9181982	0.9206818
80.04864	0.104286	0.9157948	0.9181391	0.9206169
79.69218	0.1043305	0.9154214	0.9180878	0.920659
79.34909	0.1043661	0.9154899	0.9180452	0.9206407
79.00899	0.1044047	0.9155407	0.9179971	0.9208002
78.66545	0.1044436	0.9152884	0.9179497	0.9204972
78.34293	0.1044794	0.9152254	0.9179074	0.9203297
77.98306	0.104512	0.9151848	0.9178694	0.9203961
77.57455	0.1045505	0.9152012	0.9178189	0.9204424
77.21919	0.1045871	0.9151475	0.9177737	0.9203218
76.87261	0.1046261	0.915286	0.9177286	0.9201064
76.48028	0.104664	0.9150382	0.917685	0.9202699
76.07856	0.1046942	0.9149674	0.917653	0.9201907
75.75515	0.1047258	0.915075	0.9176131	0.9201108
75.39935	0.1047635	0.9150159	0.9175762	0.9201326
75.03137	0.1048068	0.9149712	0.917512	0.9201426
74.69335	0.1048413	0.9149723	0.9174823	0.9200874
74.3606	0.104877	0.9148722	0.9174306	0.9200606
74.01801	0.1049082	0.9149146	0.917394	0.9200537
73.72371	0.1049513	0.9146474	0.9173272	0.920021
73.35144	0.1049862	0.9146884	0.9172903	0.9199885
73.04666	0.1050231	0.914619	0.9172402	0.9197138
72.7126	0.1050574	0.914552	0.9172017	0.9198917
72.37617	0.1050921	0.9146191	0.9171679	0.9195643
72.02594	0.1051234	0.9144109	0.917133	0.9197029
71.73328	0.1051556	0.9144823	0.9170916	0.9198624
71.44156	0.105189	0.9144647	0.9170456	0.9195143
71.14137	0.1052211	0.9143564	0.917007	0.9196047
70.84194	0.1052535	0.9143243	0.9169707	0.9196057
70.5036	0.105287	0.9142595	0.916933	0.9195458
70.17053	0.1053238	0.9142703	0.9168952	0.9196212
69.87097	0.1053622	0.914281	0.9168519	0.9193376
69.51047	0.1053965	0.9139865	0.9168136	0.9193804
69.18377	0.1054328	0.9142265	0.9167673	0.9195526
68.83636	0.1054646	0.9142996	0.9167315	0.9192427
68.48194	0.105492	0.9139166	0.9166986	0.9193582
68.16959	0.1055225	0.9140038	0.9166634	0.9193097
67.80449	0.1055564	0.9139129	0.9166222	0.9190732
67.43537	0.1055867	0.9140937	0.9165899	0.9191645
67.11922	0.1056171	0.9139064	0.9165554	0.9190166
66.78923	0.1056496	0.9138857	0.9165093	0.9193157
66.47034	0.1056783	0.913939	0.9164703	0.9189859
66.18557	0.1057085	0.9138173	0.9164324	0.9191182
65.83675	0.1057353	0.9138104	0.916404	0.9190897
65.49706	0.1057712	0.9138016	0.916361	0.9187341
65.1656	0.1058028	0.9137711	0.9163187	0.9189389
64.84469	0.1058342	0.9135077	0.9162801	0.9189993
64.53898	0.1058619	0.9136233	0.9162467	0.918727
64.24222	0.105892	0.9137659	0.9162143	0.9187481
63.98892	0.1059186	0.9134925	0.9161869	0.9186689
63.69443	0.1059469	0.9137226	0.9161593	0.9186585
63.36136	0.1059751	0.9135701	0.9161285	0.9188129
63.08694	0.1060027	0.9134284	0.9160911	0.9186434
62.80519	0.1060329	0.9133173	0.9160526	0.9186455
62.46814	0.1060624	0.9131908	0.9160206	0.918659
62.20111	0.1060898	0.9132878	0.9159865	0.918584
61.90915	0.1061135	0.9132336	0.9159587	0.9185488
61.61847	0.1061429	0.9131584	0.9159299	0.9183564
61.27807	0.1061674	0.9133907	0.9159034	0.9184429
61.01623	0.1061924	0.9133784	0.9158768	0.9183743
60.70875	0.1062177	0.913341	0.9158501	0.9184715
60.41037	0.1062478	0.9131478	0.9158134	0.9183585
60.07842	0.1062742	0.9129666	0.9157847	0.9182761
59.80559	0.1063017	0.9129881	0.9157454	0.9183889
59.50232	0.1063281	0.9131941	0.9157062	0.9182355
59.19723	0.1063521	0.9130644	0.9156785	0.9181526
58.92265	0.1063815	0.9127128	0.9156377	0.9180945
58.62941	0.1064086	0.912991	0.9156072	0.9182374
58.34471	0.1064335	0.9130465	0.9155818	0.9182759
58.06688	0.1064575	0.912859	0.9155497	0.9179942
57.73802	0.1064809	0.9128129	0.9155196	0.9180568
57.4638	0.106507	0.9127964	0.9154921	0.9180914
57.19772	0.1065333	0.9129	0.9154535	0.9179739
56.90975	0.1065602	0.9126658	0.9154207	0.9179138
56.64347	0.1065854	0.9125839	0.9153958	0.9182096
56.33339	0.1066133	0.9128799	0.9153616	0.9180986
56.05684	0.1066405	0.9129213	0.9153358	0.9180027
55.77918	0.1066713	0.9127766	0.9153033	0.9179788
55.51591	0.1066945	0.912565	0.9152731	0.9179308
55.24194	0.1067237	0.912677	0.9152309	0.9177044
54.97597	0.1067488	0.9125356	0.9151989	0.9177854
54.69433	0.1067733	0.9124297	0.9151714	0.9178241
54.41969	0.1067992	0.9125453	0.9151381	0.917728
54.14154	0.1068207	0.9125932	0.9151145	0.9174455
53.85197	0.1068447	0.9123676	0.9150894	0.9177465
53.59253	0.106867	0.9127147	0.9150614	0.9176549
53.31693	0.1068909	0.9123678	0.9150313	0.9176757
53.08266	0.1069131	0.912337	0.9150081	0.9175452
52.83613	0.1069396	0.912295	0.9149786	0.9175691
52.57143	0.1069641	0.9122689	0.9149451	0.917597
52.29756	0.1069873	0.9123804	0.9149162	0.9175678
52.01043	0.1070113	0.9122738	0.9148912	0.9175429
51.74839	0.1070356	0.9123241	0.914865	0.9175541
51.46429	0.1070613	0.91199	0.914837	0.9173577
51.15708	0.1070823	0.9122	0.9148128	0.9173423
50.90093	0.1071083	0.9121554	0.9147837	0.9173791
50.64481	0.107131	0.9121698	0.9147581	0.9172363
50.39007	0.1071575	0.9120079	0.914718	0.9171092
50.14545	0.1071797	0.9121427	0.9146913	0.9172558
49.86124	0.1072013	0.9119098	0.9146696	0.9171731
49.58911	0.1072235	0.9120326	0.9146455	0.9172218
49.31904	0.1072439	0.9120888	0.9146209	0.917411
49.03106	0.1072658	0.9118824	0.9145904	0.9171946
48.74555	0.1072871	0.9121846	0.9145656	0.9172155
48.45986	0.1073062	0.9119946	0.9145451	0.9170794
48.1754	0.1073294	0.9118228	0.914516	0.9172312
47.9267	0.1073499	0.911682	0.9144783	0.9170391
47.65338	0.1073717	0.9117052	0.9144542	0.9170233
47.39793	0.1073928	0.9118168	0.9144252	0.917151
47.10652	0.1074144	0.9118511	0.9144046	0.9167068
46.79565	0.1074338	0.9118466	0.9143811	0.9169624
46.54078	0.1074526	0.9117793	0.9143575	0.9170792
46.28676	0.1074729	0.9115716	0.9143321	0.9170931
45.9979	0.1074914	0.9116818	0.914314	0.9168582
45.69958	0.1075192	0.911719	0.9142648	0.9169531
45.43255	0.1075406	0.9114741	0.914239	0.9169105
45.16025	0.1075594	0.9116897	0.9142167	0.9168795
44.91472	0.1075814	0.9116962	0.9141912	0.9168535
44.64453	0.1076023	0.9116473	0.9141628	0.9168451
44.3416	0.107622	0.9118455	0.9141351	0.916763
44.0503	0.10764	0.9115358	0.9141123	0.9166517
43.78781	0.1076575	0.9117211	0.9140843	0.9165864
43.52764	0.1076761	0.9113894	0.914061	0.9166168
43.23866	0.1076957	0.9115059	0.9140365	0.9168593
42.98175	0.107714	0.9115636	0.9140162	0.9164839
42.74239	0.1077325	0.9114709	0.9139946	0.9164317
42.49773	0.1077511	0.911369	0.9139682	0.9167127
42.24288	0.107769	0.911153	0.913951	0.9164063
41.98373	0.1077876	0.9112043	0.9139289	0.916404
41.74124	0.1078058	0.9112295	0.9139058	0.9165105
41.45442	0.1078257	0.9114116	0.9138792	0.9163824
41.18335	0.1078457	0.9113828	0.9138582	0.9165002
40.91975	0.1078629	0.9113083	0.9138386	0.9164027
40.6193	0.1078787	0.9110716	0.9138202	0.9164759
40.39457	0.1078961	0.9112568	0.9137998	0.9163298
40.10097	0.1079116	0.9111207	0.9137847	0.9165783
39.82264	0.1079283	0.9111177	0.9137655	0.9162407
39.53075	0.1079437	0.9111515	0.9137469	0.9163874
39.25612	0.1079617	0.9110396	0.913726	0.9162243
39.01642	0.1079786	0.9109867	0.9137055	0.9162839
38.74521	0.1079976	0.9110225	0.9136837	0.9163503
38.45221	0.1080148	0.9111129	0.9136618	0.9162305
38.19547	0.1080308	0.9109527	0.9136409	0.9163449
37.91371	0.1080484	0.910946	0.9136146	0.9161648
37.65124	0.1080645	0.9108441	0.9135946	0.9160955
37.3662	0.1080814	0.9111093	0.9135696	0.9160866
37.05151	0.1080967	0.9109521	0.9135514	0.9162932
36.80298	0.1081129	0.9109143	0.9135339	0.9161565
36.50663	0.1081287	0.9111212	0.913513	0.9161203
36.24074	0.1081441	0.9110189	0.9134903	0.9161221
35.95576	0.1081609	0.9105495	0.9134685	0.916189
35.71117	0.1081758	0.9105035	0.9134499	0.9159718
35.4527	0.1081925	0.9109152	0.9134227	0.9161395
35.21341	0.1082093	0.9106961	0.9134011	0.9159171
34.97356	0.1082232	0.9105934	0.9133866	0.9159717
34.69806	0.1082371	0.910853	0.9133733	0.9161778
34.40031	0.1082516	0.9105017	0.9133532	0.915838
34.12583	0.1082659	0.910477	0.9133365	0.9160114
33.82295	0.1082808	0.9108043	0.9133202	0.9160099
33.52793	0.1082939	0.9106708	0.9133051	0.915981
33.22838	0.1083088	0.9106833	0.9132844	0.9160453
32.93954	0.1083234	0.9105855	0.9132649	0.9159586
32.64191	0.1083384	0.9106418	0.9132465	0.9158923
32.33441	0.1083526	0.9107087	0.9132301	0.9158606
32.03575	0.108368	0.9106489	0.9132117	0.9159769
31.69932	0.1083822	0.910546	0.9131981	0.9158048
31.44863	0.1083971	0.9104915	0.9131785	0.9158111
31.09791	0.1084106	0.9106563	0.9131636	0.9157962
30.76381	0.1084231	0.9106571	0.9131467	0.9158215
30.39549	0.1084351	0.9106543	0.9131334	0.9157477
30.02469	0.1084486	0.9106718	0.9131129	0.9158181
29.74978	0.1084597	0.9104989	0.9130991	0.9156892
29.38527	0.1084748	0.910571	0.9130832	0.9154482
29.05183	0.108488	0.9105201	0.9130663	0.9157431
28.65768	0.1085027	0.9103086	0.9130522	0.9156426
28.23962	0.1085154	0.9104159	0.9130379	0.9156463
27.87015	0.1085274	0.9105125	0.9130228	0.9155027
27.53089	0.1085401	0.9103639	0.913006	0.9157433
27.10172	0.108554	0.910327	0.9129882	0.9157003
26.66003	0.1085666	0.9102761	0.9129725	0.9156311
26.22084	0.108579	0.9103479	0.9129536	0.9157616
25.78367	0.1085915	0.9104085	0.9129361	0.9154423
25.31479	0.1086035	0.910359	0.9129219	0.9152986
24.87669	0.1086161	0.9102001	0.9129075	0.9155631
24.33634	0.1086276	0.9100938	0.9128943	0.9154433
23.69112	0.1086409	0.9102458	0.9128791	0.9154126
23.0174	0.1086516	0.9102449	0.9128678	0.9152689
22.36553	0.1086638	0.9104048	0.9128546	0.9155406
21.74081	0.1086779	0.910278	0.9128371	0.9155932
21.12897	0.1086905	0.9102979	0.9128214	0.9153569
20.27037	0.1087013	0.9101381	0.9128058	0.9155338
19.25435	0.1087135	0.9100733	0.9127867	0.9153397
18.28013	0.1087242	0.9102747	0.9127739	0.9152601
16.70461	0.1087352	0.9101486	0.9127619	0.9154386
14.42476	0.108747	0.910245	0.9127487	0.9155377
1.559809	0.1087601	0.9100779	0.9127343	0.915338
