1	0.000615742	0.9992815	0.9994952	0.9996291
0.9987609	0.0006199028	0.999275	0.9994949	0.9996258
0.9980126	0.0006282183	0.9992814	0.9994941	0.9996345
0.9971953	0.0006413159	0.999295	0.9995041	0.9996211
0.9970296	0.0006454625	0.9993139	0.9995092	0.9996309
0.9951774	0.000650334	0.9993282	0.9995115	0.999631
0.9947237	0.0006549527	0.9993552	0.9995173	0.999624
0.9938559	0.0006574834	0.9993446	0.9995199	0.999628
0.9933546	0.0006585171	0.9993567	0.9995177	0.9996275
0.9928553	0.0006612714	0.9993218	0.9995177	0.9996233
0.9924699	0.0006639036	0.9993498	0.9995177	0.9996219
0.9920745	0.000664866	0.9993453	0.9995176	0.9996247
0.9915289	0.0006691507	0.9993461	0.9995176	0.9996232
0.990563	0.0006706587	0.9993387	0.999515	0.9996175
0.9899871	0.0006718416	0.9993478	0.9995145	0.9996219
0.989225	0.0006722455	0.9993457	0.9995132	0.9996194
0.9884849	0.0006736854	0.9993319	0.9995132	0.9996149
0.9871422	0.0006751602	0.99934	0.9995104	0.9996152
0.9854444	0.0006777702	0.9993406	0.999512	0.9996103
0.9847205	0.0006803805	0.9993563	0.999515	0.9996176
0.9833057	0.0006815791	0.9993523	0.9995146	0.9996153
0.9825087	0.000684096	0.9993554	0.9995153	0.9996155
0.9818265	0.0006863571	0.9993466	0.9995185	0.9996167
0.980288	0.0006882277	0.9993654	0.9995184	0.9996135
0.9793265	0.0006889026	0.9993773	0.9995176	0.9996173
0.9777857	0.0006892344	0.9993704	0.999517	0.9996154
0.9769976	0.0006933027	0.9993616	0.9995144	0.9996139
0.9759202	0.000694952	0.9993665	0.9995132	0.9996141
0.9753999	0.000697102	0.9993506	0.999513	0.9996099
0.9747299	0.0006984136	0.9993577	0.9995114	0.9996057
0.9739378	0.0006988661	0.9993663	0.9995113	0.9996042
0.9733571	0.0007017198	0.9993754	0.999511	0.9996107
0.9728811	0.0007049808	0.9993552	0.999511	0.9996039
0.9722833	0.0007057108	0.9993568	0.9995093	0.9996032
0.9703936	0.0007085775	0.999354	0.9995074	0.9996039
0.9693075	0.0007101155	0.999355	0.9995072	0.9996026
0.9687677	0.0007138837	0.9993641	0.9995101	0.999604
0.9676539	0.0007173791	0.9993777	0.9995044	0.9995974
0.9674606	0.0007184758	0.999364	0.9995044	0.9996014
0.9655156	0.0007223545	0.9993534	0.9995021	0.9995981
0.9640427	0.0007269978	0.9993543	0.9994979	0.9995948
0.9628507	0.0007282978	0.9993477	0.9994975	0.9995919
0.9618708	0.0007317578	0.999361	0.9994962	0.9995905
0.9608069	0.0007334417	0.9993561	0.999495	0.9995947
0.959672	0.000736341	0.9993587	0.9994956	0.9995933
0.9592243	0.0007392088	0.9993667	0.9994986	0.9995858
0.9583724	0.0007405517	0.9993553	0.999496	0.9995866
0.9569241	0.0007447315	0.9993541	0.9994911	0.9995841
0.9564903	0.0007466639	0.9993656	0.9994889	0.9995833
0.955983	0.0007487844	0.999365	0.9994905	0.9995781
0.9553634	0.0007517625	0.9993543	0.9994897	0.9995776
0.9547477	0.0007539551	0.9993502	0.9994894	0.9995829
0.9542271	0.000760353	0.9993566	0.9994849	0.9995773
0.9530907	0.0007629344	0.9993537	0.9994826	0.9995788
0.9517576	0.0007670808	0.999343	0.999478	0.9995725
0.9492199	0.00077722	0.9993387	0.9994687	0.9995614
0.9486998	0.0007803574	0.9993468	0.9994676	0.9995585
0.9478001	0.0007809308	0.9993263	0.9994669	0.9995619
0.9473887	0.0007823877	0.9993345	0.9994658	0.9995594
0.9466189	0.0007827422	0.9993375	0.9994656	0.9995553
0.9460372	0.0007834981	0.9993305	0.9994653	0.9995597
0.9458174	0.0007858195	0.9993474	0.9994685	0.9995577
0.9444064	0.0007990523	0.9993274	0.9994578	0.999551
0.9425564	0.000801226	0.9993429	0.9994577	0.9995489
0.9416676	0.00080221	0.9993414	0.9994562	0.9995457
0.9410172	0.0008036953	0.9993309	0.9994549	0.9995445
0.9401344	0.0008045178	0.9993326	0.9994532	0.9995525
0.9393577	0.0008056672	0.9993289	0.9994515	0.9995397
0.9387337	0.0008075952	0.9993317	0.999451	0.9995466
0.9379823	0.0008089825	0.9993355	0.9994508	0.9995448
0.9369769	0.0008247932	0.999303	0.9994336	0.999526
0.9363419	0.0008251864	0.9993047	0.999433	0.9995268
0.9359159	0.0008265769	0.9993099	0.999433	0.9995249
0.9354143	0.0008270066	0.9993103	0.9994323	0.9995264
0.9348979	0.0008288329	0.9993056	0.9994323	0.9995242
0.9342213	0.0008291535	0.9992973	0.9994317	0.9995254
0.93292	0.0008403343	0.9992843	0.99942	0.9995107
0.9315725	0.0008414657	0.999298	0.9994194	0.9995092
0.9310134	0.0008425174	0.9993055	0.9994189	0.9995159
0.9302003	0.0008441213	0.9992955	0.9994171	0.9995101
0.9293417	0.0008447609	0.9993015	0.9994169	0.9995137
0.9281443	0.0008846832	0.9992377	0.9993698	0.9994664
0.9271842	0.0008857261	0.9992477	0.9993696	0.9994651
0.9265493	0.0008862025	0.9992489	0.9993692	0.9994732
0.9251904	0.000889807	0.9992296	0.9993645	0.999465
0.924501	0.0008908272	0.999247	0.9993637	0.999465
0.9238198	0.0008919429	0.9992303	0.9993635	0.9994663
0.9233334	0.0008932807	0.9992351	0.999362	0.9994589
0.9227677	0.0008963796	0.9992211	0.9993558	0.9994566
0.9222264	0.0008968603	0.9992168	0.9993558	0.999457
0.9217864	0.0008978695	0.9992227	0.9993539	0.9994552
0.9214708	0.0008995144	0.9992161	0.9993526	0.9994476
0.9210275	0.000900679	0.9992324	0.9993521	0.9994449
0.9205164	0.0009010664	0.9992189	0.9993519	0.9994514
0.9197216	0.0009039073	0.9992247	0.99935	0.9994482
0.9192163	0.0009048311	0.9992332	0.9993494	0.9994516
0.9188612	0.0009055203	0.9992227	0.9993486	0.9994469
0.9183886	0.0009062483	0.9992174	0.9993486	0.999451
0.9178529	0.000907102	0.9992196	0.9993484	0.9994448
0.9158149	0.0009210493	0.9992029	0.999334	0.9994368
0.9151669	0.000923027	0.9992098	0.9993326	0.9994305
0.9142432	0.0009254617	0.9991992	0.9993292	0.9994321
0.9136692	0.0009265447	0.9992034	0.9993289	0.9994336
0.9126952	0.000927363	0.9991926	0.9993285	0.9994281
0.9119674	0.0009288005	0.9991895	0.9993284	0.9994268
0.9112377	0.0009300617	0.9991936	0.9993279	0.9994296
0.9102324	0.0009322693	0.9991875	0.9993262	0.9994296
0.90955	0.0009334515	0.9992002	0.9993259	0.9994257
0.9089191	0.000941425	0.9991901	0.9993218	0.9994255
0.908056	0.0009442434	0.9991759	0.99932	0.999417
0.9078369	0.000944856	0.9991901	0.9993196	0.9994179
0.9070612	0.0009463879	0.9991975	0.9993184	0.9994191
0.9067717	0.0009484271	0.999178	0.9993158	0.9994162
0.9052015	0.0009521553	0.9991829	0.9993107	0.9994211
0.9042602	0.0009585714	0.9991678	0.9993069	0.999411
0.9037256	0.0009596631	0.999166	0.9993066	0.9994086
0.9026313	0.0009611269	0.9991602	0.999306	0.9994126
0.9019283	0.0009625615	0.9991707	0.9993057	0.9994146
0.9005027	0.0009630286	0.9991851	0.9993056	0.9994115
0.8992226	0.0009873887	0.9991394	0.9992841	0.9993954
0.8974143	0.0009895394	0.999144	0.9992826	0.9993869
0.8970161	0.0009907464	0.9991311	0.9992822	0.9993877
0.8965871	0.0009914943	0.9991525	0.9992817	0.9993915
0.8957869	0.0009946346	0.99913	0.999277	0.9993852
0.8937585	0.0009951491	0.9991431	0.9992767	0.9993824
0.8928736	0.0009965799	0.9991332	0.9992767	0.9993826
0.8922784	0.001001944	0.9991196	0.9992692	0.9993824
0.8920408	0.001002748	0.9991225	0.999269	0.9993792
0.8917273	0.001003605	0.9991396	0.999269	0.9993736
0.8914868	0.001005065	0.9991284	0.9992686	0.9993784
0.8911979	0.001007167	0.999125	0.9992685	0.9993736
0.8907322	0.001009452	0.9991152	0.999267	0.9993715
0.8903444	0.001015968	0.9991166	0.9992616	0.9993682
0.8889672	0.001019498	0.9991226	0.9992616	0.999369
0.8870754	0.001066692	0.9990601	0.9992014	0.9993208
0.886867	0.001067429	0.9990691	0.9992003	0.9993152
0.8865132	0.001067926	0.9990503	0.9991996	0.999319
0.885645	0.001073536	0.9990436	0.9991945	0.9993232
0.8850152	0.001074036	0.9990383	0.9991934	0.9993132
0.8842308	0.001077468	0.9990564	0.9991927	0.9993083
0.8835158	0.001078783	0.9990493	0.999192	0.9993136
0.8828485	0.001081613	0.9990371	0.9991885	0.9993056
0.8826579	0.001083929	0.9990536	0.9991881	0.9993079
0.8819428	0.001084426	0.9990444	0.9991877	0.9993077
0.8817334	0.001086292	0.9990457	0.9991864	0.9993106
0.88085	0.001092183	0.9990457	0.9991835	0.9993033
0.8795778	0.001094083	0.9990318	0.9991819	0.9992958
0.8791539	0.001094982	0.9990246	0.9991799	0.9992951
0.8782669	0.001096956	0.9990295	0.9991795	0.9992952
0.8775368	0.001099219	0.9990282	0.9991776	0.9993026
0.8769489	0.001101365	0.999053	0.9991837	0.9992962
0.8757657	0.001102371	0.9990539	0.9991825	0.9992946
0.8743462	0.001188531	0.9989175	0.999064	0.9991848
0.8736297	0.001189711	0.9989242	0.999064	0.999184
0.873205	0.001192794	0.9989251	0.9990637	0.9991821
0.8726023	0.001194277	0.9989243	0.9990622	0.9991779
0.8718702	0.001195114	0.9989128	0.9990616	0.9991691
0.871338	0.001197235	0.9989122	0.9990607	0.9991879
0.8701831	0.001198166	0.9989289	0.9990601	0.99918
0.8698384	0.001199852	0.9989281	0.9990583	0.9991818
0.8691282	0.001201267	0.9989062	0.9990573	0.9991713
0.8682685	0.00120363	0.9989204	0.9990536	0.9991728
0.8679676	0.001204867	0.9988937	0.9990531	0.9991738
0.8674902	0.001207098	0.9989111	0.9990527	0.9991677
0.8671958	0.001207997	0.9988929	0.9990515	0.9991663
0.8662017	0.001239566	0.9988788	0.9990173	0.9991486
0.865185	0.001241718	0.99887	0.9990161	0.9991395
0.8648613	0.001243452	0.9988745	0.9990152	0.999141
0.8641042	0.001244189	0.9988728	0.9990147	0.9991316
0.8630111	0.001251301	0.9988627	0.9990069	0.9991297
0.8624835	0.00125511	0.9988891	0.999016	0.9991315
0.8621437	0.001255834	0.9988823	0.999016	0.9991351
0.8611922	0.001256673	0.9988833	0.9990154	0.999129
0.8604868	0.001260749	0.9988857	0.9990131	0.9991281
0.8601014	0.001261376	0.9988862	0.9990121	0.9991262
0.8596713	0.001262862	0.9988834	0.9990091	0.9991314
0.8592862	0.00126715	0.9988807	0.9990059	0.9991231
0.8589115	0.001268297	0.9988771	0.9990059	0.9991293
0.8585941	0.001268677	0.9988832	0.9990055	0.9991248
0.8581491	0.001271096	0.9988786	0.9990044	0.9991247
0.8567534	0.001419994	0.9986462	0.9987818	0.998904
0.8560583	0.001423488	0.9986591	0.9987868	0.9989061
0.8559327	0.001424313	0.9986552	0.9987856	0.9989065
0.8557896	0.00142512	0.9986625	0.9987855	0.9989096
0.8553793	0.001426835	0.9986607	0.9987855	0.9989014
0.8547201	0.001428304	0.9986522	0.9987849	0.9989056
0.8543567	0.00143129	0.9986496	0.9987822	0.9988983
0.8539913	0.001435322	0.998651	0.9987791	0.9989057
0.8535996	0.001436029	0.9986508	0.9987783	0.9988952
0.8533717	0.001436551	0.9986514	0.9987775	0.9988941
0.8531747	0.001438243	0.9986506	0.9987767	0.998898
0.8527006	0.001439857	0.9986404	0.9987755	0.9989001
0.8518533	0.00144033	0.9986511	0.9987754	0.9988953
0.8512017	0.001445929	0.9986324	0.9987711	0.9988941
0.850232	0.001446432	0.9986453	0.9987711	0.9988966
0.8496118	0.001493416	0.9985702	0.9987116	0.9988433
0.8491765	0.001494023	0.9985549	0.9987074	0.9988299
0.8489032	0.00149518	0.9985627	0.998706	0.9988336
0.8484435	0.001501891	0.9985778	0.9987113	0.9988423
0.8476902	0.001503299	0.9985665	0.9987106	0.9988395
0.8472407	0.001505214	0.99859	0.9987137	0.9988389
0.8467575	0.001507474	0.9985791	0.9987078	0.9988332
0.8458801	0.001515215	0.9985643	0.9987001	0.9988213
0.8455943	0.001517672	0.9985684	0.9986999	0.9988268
0.8450034	0.001519017	0.9985616	0.9986986	0.9988193
0.8445285	0.001522536	0.9985562	0.9986964	0.9988133
0.844259	0.001525594	0.998559	0.9986957	0.998821
0.8438174	0.001528018	0.9985567	0.9986922	0.9988186
0.8433116	0.00153187	0.9985467	0.9986894	0.9988091
0.8427964	0.001534092	0.9985597	0.9986873	0.9988105
0.8419803	0.001536752	0.9985416	0.998686	0.9988088
0.8416726	0.001537511	0.9985569	0.9986854	0.9988112
0.841332	0.001538158	0.9985406	0.9986836	0.9988163
0.8409893	0.001540384	0.9985449	0.9986832	0.9988088
0.8407483	0.001542528	0.9985476	0.9986825	0.9988051
0.8405635	0.001543824	0.9985477	0.9986815	0.9988065
0.839903	0.001551642	0.9985204	0.9986724	0.998799
0.8393804	0.001552326	0.9985465	0.9986722	0.9987967
0.8391898	0.001556269	0.9985395	0.9986691	0.9987944
0.8389464	0.001557427	0.998524	0.9986682	0.9987989
0.8385233	0.001559479	0.9985266	0.9986672	0.998788
0.8380241	0.001561225	0.9985156	0.9986659	0.9987953
0.8376016	0.001562704	0.9985326	0.9986656	0.9987951
0.8369956	0.001564928	0.9985176	0.9986652	0.9987868
0.8364516	0.001565994	0.9985306	0.9986645	0.9987996
0.8362646	0.001568652	0.9985225	0.998662	0.9987963
0.8358973	0.001570208	0.9985273	0.9986609	0.9987873
0.8356692	0.001571491	0.9985194	0.9986591	0.9987924
0.835328	0.0015719	0.9985165	0.9986588	0.9987946
0.8349963	0.00157319	0.9985299	0.9986579	0.9987852
0.8345288	0.00157407	0.9985107	0.9986573	0.9987863
0.8322517	0.001767793	0.9982231	0.9983961	0.9985441
0.8315265	0.001768261	0.998245	0.9983952	0.9985405
0.8312982	0.001769894	0.9982396	0.9983919	0.9985407
0.8307319	0.001771856	0.9982266	0.9983888	0.9985293
0.829532	0.001772374	0.9982238	0.9983887	0.998553
0.8288516	0.001773463	0.9982386	0.9983876	0.9985336
0.8287224	0.001774692	0.9982195	0.998382	0.9985328
0.8283184	0.001780016	0.9982196	0.9983768	0.9985322
0.8279317	0.001781025	0.9982122	0.9983764	0.998521
0.8274811	0.001783768	0.998219	0.9983747	0.9985225
0.826768	0.001785078	0.9982161	0.9983735	0.9985154
0.8260934	0.001786546	0.998215	0.9983727	0.9985197
0.8256409	0.001788319	0.9982167	0.998372	0.9985203
0.8250554	0.001790432	0.9982153	0.998369	0.9985176
0.8241482	0.001797572	0.9981948	0.9983605	0.9985104
0.8231081	0.001800631	0.9981897	0.9983573	0.9985175
0.822661	0.00180097	0.9982084	0.9983571	0.9985031
0.8221594	0.001804697	0.9982001	0.9983552	0.9985092
0.8213829	0.001815453	0.9982039	0.9983472	0.9984955
0.8205891	0.001816031	0.9981853	0.9983472	0.9984911
0.8197313	0.001819705	0.9981873	0.9983454	0.9985026
0.8192792	0.001823157	0.9981829	0.9983434	0.9984913
0.8188425	0.001823354	0.998178	0.9983432	0.9985017
0.8181498	0.00186394	0.9981151	0.9982876	0.9984405
0.8178522	0.001864383	0.9981243	0.9982871	0.998437
0.8173096	0.001865065	0.9981216	0.9982861	0.9984411
0.8169223	0.00186611	0.9981137	0.9982853	0.9984492
0.8165812	0.001869354	0.9981262	0.9982839	0.9984371
0.8163188	0.001871831	0.9981294	0.9982818	0.9984322
0.8161396	0.001874034	0.9981235	0.9982818	0.9984403
0.8154687	0.001874888	0.9981081	0.9982808	0.9984322
0.8147345	0.001884518	0.9981009	0.9982678	0.9984249
0.8140683	0.001885457	0.9981065	0.9982674	0.998425
0.8133972	0.001886455	0.9981127	0.9982672	0.9984297
0.8127633	0.001888503	0.9980981	0.9982654	0.9984182
0.8120034	0.002177141	0.9976153	0.9978003	0.997965
0.8112145	0.002177597	0.9976376	0.9978003	0.9979661
0.8104558	0.002180631	0.9976121	0.997798	0.9979715
0.810012	0.002180987	0.9976162	0.9977976	0.9979645
0.8090893	0.002227268	0.9975599	0.9977282	0.9978841
0.8087031	0.002229472	0.9975392	0.9977273	0.9978957
0.8080377	0.002230641	0.9975466	0.9977254	0.9979071
0.8076267	0.002239873	0.9975332	0.9977138	0.9978779
0.8069251	0.002245803	0.9975439	0.9977103	0.9978916
0.8064997	0.002246631	0.997538	0.9977098	0.997881
0.8055056	0.002263906	0.9975187	0.9976918	0.9978699
0.8052261	0.00226636	0.9975148	0.9976934	0.9978622
0.8048983	0.002268052	0.9975048	0.9976919	0.9978483
0.8046645	0.002269607	0.9975094	0.9976913	0.9978608
0.80404	0.002270719	0.997507	0.9976903	0.9978515
0.8031986	0.002274726	0.9974939	0.9976879	0.9978515
0.8026551	0.002277658	0.9974974	0.9976865	0.9978634
0.8024341	0.002278685	0.99751	0.9976863	0.9978568
0.8020742	0.002279731	0.997496	0.9976853	0.9978592
0.8016668	0.002281355	0.9974926	0.9976848	0.9978546
0.8014399	0.002282105	0.9974943	0.9976844	0.9978567
0.7999291	0.002534364	0.9971353	0.9973377	0.9975232
0.7991751	0.00253493	0.9971434	0.9973378	0.9975092
0.7989764	0.002535914	0.9971613	0.9973376	0.9975148
0.798563	0.002536473	0.9971445	0.9973372	0.9975266
0.7981749	0.002538033	0.997141	0.9973344	0.9975218
0.7980387	0.002539447	0.9971344	0.9973327	0.9975213
0.7975509	0.002541669	0.9971286	0.997332	0.9975339
0.7972566	0.002541911	0.9971297	0.997332	0.9975224
0.7970985	0.002542571	0.9971373	0.9973318	0.9975128
0.7967798	0.002544168	0.9971381	0.9973311	0.9975136
0.7963611	0.002545717	0.9971414	0.9973308	0.9975254
0.7954357	0.002555652	0.997127	0.9973216	0.9975171
0.7950767	0.00255724	0.9971125	0.9973188	0.9975083
0.794687	0.002562586	0.997108	0.9973086	0.9974884
0.7940399	0.002565511	0.9971087	0.9973059	0.9974982
0.7928769	0.002567405	0.9971113	0.9973044	0.9974879
0.792402	0.002567746	0.9971037	0.9973047	0.9974956
0.7920753	0.002577232	0.9970892	0.9972906	0.9974799
0.7911098	0.002650509	0.9969958	0.9971939	0.9973905
0.7906463	0.002650655	0.9969876	0.9971939	0.9973823
0.7898975	0.002651294	0.9969799	0.9971907	0.9973914
0.7890746	0.002655115	0.9969806	0.9971882	0.9973955
0.7883589	0.002657888	0.9969632	0.9971863	0.9973681
0.7877269	0.002670429	0.9969644	0.9971639	0.9973629
0.7870841	0.002672091	0.9969519	0.9971622	0.9973559
0.7862516	0.00267473	0.9969574	0.9971591	0.9973641
0.7848386	0.00287458	0.9966094	0.9968236	0.9970434
0.7843625	0.002875653	0.9966073	0.9968233	0.9970403
0.7840073	0.002878671	0.9965984	0.9968218	0.9970257
0.7835325	0.002879362	0.9966136	0.9968188	0.9970269
0.7826595	0.002883215	0.9966097	0.9968158	0.9970232
0.7822696	0.002884871	0.996592	0.9968155	0.9970233
0.7818533	0.002886285	0.996587	0.9968154	0.9970121
0.7812521	0.002888364	0.9965944	0.9968115	0.9970066
0.7809332	0.002900922	0.9965721	0.9967935	0.9970012
0.7806753	0.002902417	0.9965466	0.9967935	0.9970047
0.7799826	0.002906263	0.9965682	0.9967891	0.996993
0.7794188	0.002907349	0.9965566	0.9967886	0.9970009
0.7792464	0.002908675	0.9965629	0.9967881	0.9969928
0.7788309	0.002910417	0.9965724	0.9967872	0.9970078
0.7786077	0.002911827	0.996562	0.9967818	0.9969934
0.7782693	0.002912643	0.9965566	0.9967818	0.9970044
0.77672	0.003218813	0.9961067	0.9963418	0.9965723
0.7762	0.003219704	0.9960938	0.9963416	0.996569
0.7755168	0.003221412	0.9961158	0.9963362	0.9965733
0.7746444	0.003233572	0.9960945	0.9963245	0.9965641
0.7741273	0.003233914	0.9960865	0.9963245	0.9965688
0.7737976	0.003243413	0.9960675	0.9963235	0.9965573
0.7729163	0.003244609	0.9960892	0.9963234	0.9965475
0.7725079	0.003309696	0.9959701	0.9962204	0.9964463
0.7719101	0.00331036	0.9959852	0.9962201	0.9964565
0.7712432	0.003322568	0.9959437	0.9962111	0.9964411
0.7706314	0.003327943	0.9959565	0.9962057	0.996445
0.7702418	0.003328732	0.9959436	0.9962048	0.9964432
0.7699139	0.003328965	0.9959531	0.9962048	0.9964307
0.7692772	0.003330429	0.9959724	0.9962046	0.9964284
0.7688518	0.00334939	0.9959433	0.9961825	0.9964174
0.7684583	0.003350368	0.9959378	0.9961824	0.9964226
0.7681205	0.003351318	0.9959309	0.9961824	0.996424
0.7677518	0.00335718	0.9959	0.9961726	0.9964133
0.7675178	0.003358579	0.9959098	0.9961718	0.9964075
0.767343	0.003360211	0.9959397	0.9961703	0.9964033
0.7667434	0.003361652	0.9959188	0.9961703	0.9964015
0.7662721	0.003402755	0.9958632	0.9961185	0.9963697
0.7654256	0.003407991	0.9958576	0.9961145	0.9963612
0.7651334	0.003408396	0.9958687	0.9961144	0.9963505
0.7647316	0.00340936	0.9958687	0.9961144	0.9963506
0.7640906	0.00341458	0.9958654	0.9961056	0.996369
0.7638014	0.003421571	0.9958464	0.9961005	0.9963376
0.7635223	0.003424232	0.9958474	0.996099	0.9963312
0.7633245	0.00342544	0.9958161	0.9960979	0.9963248
0.7626941	0.003427457	0.9958546	0.9960964	0.9963446
0.7624059	0.003431453	0.9958371	0.9960937	0.9963374
0.7615011	0.003542928	0.995672	0.9959396	0.9961871
0.7611796	0.003544866	0.9956679	0.9959382	0.9961807
0.7606605	0.003545915	0.9956727	0.9959372	0.9961842
0.7598837	0.003574866	0.9956291	0.9958996	0.9961399
0.7593278	0.003576748	0.9956448	0.9958996	0.9961461
0.7589116	0.00358231	0.9956445	0.995894	0.9961586
0.7586684	0.003582868	0.9956148	0.9958937	0.996149
0.7582719	0.003584095	0.9956301	0.9958927	0.9961496
0.7581656	0.003584942	0.9956321	0.995892	0.9961475
0.7579624	0.00358575	0.9956355	0.9958908	0.9961184
0.7574133	0.003597404	0.9956209	0.9958742	0.9961264
0.7569793	0.003600303	0.9956067	0.9958727	0.9961204
0.7563009	0.003601824	0.9956352	0.995873	0.9961325
0.755551	0.003610947	0.9955998	0.995867	0.9961181
0.7551877	0.003612229	0.9955913	0.9958665	0.9961249
0.7546308	0.003615743	0.9956047	0.9958624	0.9961254
0.7541803	0.003617093	0.9955948	0.9958621	0.9961237
0.7536967	0.003620141	0.9955908	0.9958607	0.9961188
0.7532609	0.00362159	0.9956119	0.9958592	0.9961285
0.7529868	0.003623073	0.9955746	0.9958577	0.9960974
0.7527866	0.003623628	0.9955676	0.9958574	0.9960957
0.7525111	0.003624659	0.9955833	0.9958565	0.9961135
0.7520569	0.003625537	0.9955881	0.9958565	0.9960979
0.7518834	0.003626222	0.9955933	0.9958558	0.9960835
0.7506312	0.003626793	0.9955827	0.9958557	0.9961219
0.7489524	0.004265972	0.9946446	0.9949263	0.9952069
0.74798	0.004266846	0.9946279	0.9949261	0.9952145
0.7475873	0.004267622	0.9946436	0.9949259	0.9952066
0.7470002	0.004268081	0.9946091	0.9949263	0.9952313
0.7466112	0.004269731	0.9946427	0.9949256	0.9952115
0.7462334	0.004272488	0.9946064	0.994921	0.9952137
0.7458011	0.00427638	0.9946207	0.9949087	0.995204
0.7455688	0.004276896	0.9946024	0.9949079	0.9951899
0.7452863	0.00428215	0.9946072	0.9949039	0.9951867
0.7447383	0.004284618	0.994618	0.9949022	0.9951875
0.7443654	0.004287099	0.9945931	0.9949004	0.9951798
0.7435382	0.004294489	0.9946147	0.9948901	0.9952033
0.7431185	0.004294754	0.9945823	0.99489	0.9951859
0.7426462	0.004312285	0.9945787	0.9948697	0.9951569
0.7422922	0.004314471	0.9945361	0.9948679	0.9951652
0.7417357	0.004315172	0.9945785	0.9948678	0.9951639
0.7407168	0.00435227	0.9945098	0.9948203	0.9951333
0.7403693	0.004352775	0.994492	0.9948201	0.9951057
0.7400463	0.004354224	0.994494	0.9948184	0.9951005
0.7395565	0.004360095	0.9945172	0.9948146	0.9951164
0.7392155	0.00436304	0.9944771	0.9948144	0.9951074
0.7386463	0.004363797	0.9945271	0.9948134	0.9951169
0.7383851	0.004367363	0.9945055	0.9948105	0.995111
0.7377622	0.004398049	0.9944675	0.9947806	0.9950851
0.7373768	0.004400227	0.9944765	0.9947781	0.9950785
0.737118	0.004401341	0.9944639	0.994778	0.9950633
0.7368817	0.004402354	0.9944511	0.994778	0.9950906
0.7366222	0.004404522	0.9944767	0.9947766	0.9950787
0.736332	0.004405308	0.9944601	0.9947758	0.9950663
0.7357399	0.004411952	0.9944521	0.9947734	0.9950955
0.7352603	0.004413473	0.9944845	0.9947718	0.9950741
0.734965	0.004415237	0.9944392	0.9947705	0.9950686
0.7347167	0.004416087	0.9944581	0.9947706	0.99506
0.7343519	0.004421331	0.9944681	0.9947667	0.9950731
0.7336751	0.004421717	0.9944527	0.9947667	0.9950536
0.7329085	0.00466281	0.9940756	0.9944047	0.9947106
0.732118	0.004671446	0.9940693	0.9943999	0.9947161
0.7319337	0.004672971	0.9940674	0.9943983	0.9946874
0.7316456	0.004674885	0.9940934	0.994397	0.9947052
0.7312187	0.004677997	0.9940977	0.9943957	0.9947258
0.7304339	0.004693238	0.994073	0.9943753	0.9946813
0.7299936	0.004699675	0.99403	0.9943686	0.9946849
0.7297712	0.004700468	0.9940346	0.994367	0.994674
0.7293403	0.004703206	0.9940129	0.9943657	0.9946873
0.7290869	0.004725873	0.9940015	0.9943389	0.9946779
0.7284787	0.004730153	0.9939861	0.9943354	0.9946882
0.7282639	0.004731512	0.9940043	0.9943342	0.99466
0.7280386	0.00473231	0.9939995	0.9943339	0.9946404
0.7275186	0.004733157	0.9939769	0.9943336	0.9946566
0.7266778	0.004811356	0.9938893	0.9942182	0.9945545
0.7264382	0.00481221	0.9938828	0.9942178	0.9945499
0.7260103	0.004813568	0.9938754	0.9942174	0.9945673
0.7253489	0.00481677	0.9938596	0.9942152	0.9945355
0.7249473	0.004839955	0.9938526	0.9941907	0.9945503
0.7245257	0.004840826	0.9938376	0.9941906	0.9945117
0.7239405	0.004842947	0.9938427	0.9941896	0.9945023
0.7236329	0.004844535	0.9937985	0.9941882	0.9945324
0.723245	0.004844976	0.9938167	0.994188	0.994498
0.7230629	0.00484674	0.9938364	0.9941868	0.9945059
0.722574	0.004847336	0.9938572	0.9941862	0.9945091
0.7219503	0.00528046	0.9931534	0.9935597	0.9938941
0.7217463	0.005281615	0.9931749	0.9935593	0.9939108
0.7212483	0.005282603	0.9931814	0.9935575	0.993906
0.7210885	0.005284023	0.9932017	0.9935532	0.9939078
0.7207586	0.005284723	0.9931936	0.9935506	0.9938829
0.7206079	0.005286859	0.9931661	0.9935494	0.9938864
0.7202601	0.005288874	0.9931701	0.9935483	0.9939365
0.7197443	0.005341766	0.9930943	0.9934709	0.993831
0.7195871	0.005343675	0.9931267	0.9934696	0.9938471
0.7192607	0.005345043	0.9930988	0.9934691	0.9938303
0.7188768	0.005346191	0.993089	0.9934676	0.9938124
0.7182345	0.005365547	0.9930828	0.9934494	0.9938159
0.7175963	0.005377279	0.9930655	0.9934363	0.993796
0.7173282	0.005379571	0.9930961	0.9934363	0.9937927
0.716944	0.005380722	0.9930942	0.9934359	0.9937973
0.7168508	0.005381681	0.9930543	0.9934349	0.9938041
0.716568	0.005391483	0.9930926	0.9934296	0.9937843
0.7163057	0.005393393	0.9930588	0.993429	0.9937972
0.7158852	0.005397969	0.9930741	0.9934212	0.9937845
0.7157014	0.005399175	0.9930455	0.99342	0.9937688
0.7154407	0.005401401	0.9930455	0.99342	0.9937934
0.7151386	0.005402126	0.9930402	0.9934194	0.9937658
0.7149156	0.005403173	0.9930613	0.9934184	0.9937841
0.7145533	0.00540459	0.9930557	0.9934183	0.9937659
0.7135756	0.005750742	0.9925109	0.9929279	0.9933123
0.7133448	0.005752679	0.9924891	0.9929277	0.9932724
0.7131527	0.005753525	0.9925259	0.9929266	0.9932757
0.7128685	0.005754415	0.992535	0.9929265	0.9932909
0.7125033	0.005755257	0.9925582	0.9929261	0.9933371
0.7122439	0.005760013	0.9925457	0.9929229	0.9932891
0.7117154	0.005765757	0.9925148	0.9929155	0.9932898
0.7111015	0.005783107	0.9925082	0.9929016	0.9932947
0.7107869	0.005783595	0.9925144	0.9929012	0.9932692
0.7105536	0.005784383	0.9925399	0.9928998	0.9932715
0.7103779	0.005786305	0.992538	0.9928985	0.9932927
0.7100898	0.005787069	0.9924734	0.9928985	0.9932529
0.7094686	0.005788264	0.9925171	0.9928983	0.993296
0.7089309	0.005793451	0.9925059	0.9928943	0.9932787
0.707891	0.005961821	0.9922788	0.9926686	0.9930236
0.7076938	0.005964508	0.9922992	0.9926656	0.9930732
0.7072852	0.005967028	0.9922406	0.9926629	0.9930569
0.7071507	0.005968136	0.9922814	0.9926619	0.9930377
0.7066658	0.005970587	0.9922745	0.9926603	0.9930391
0.7064452	0.005972347	0.9922566	0.9926585	0.9930258
0.7063545	0.005973676	0.9922568	0.9926582	0.9930148
0.7062017	0.005976406	0.9922369	0.9926565	0.9930249
0.7057689	0.005980999	0.992247	0.9926539	0.9930099
0.7053958	0.005982398	0.992232	0.9926537	0.9930301
0.7050679	0.005987367	0.9922447	0.9926489	0.9930133
0.7045836	0.005988201	0.9922207	0.992648	0.9930373
0.7041946	0.005996435	0.992228	0.9926401	0.9930242
0.7039872	0.005997576	0.9922497	0.9926381	0.9930765
0.7034591	0.006064168	0.9921431	0.9925511	0.9929369
0.7028233	0.006067721	0.9921341	0.9925447	0.9929308
0.7023634	0.006072408	0.9921206	0.9925415	0.9929323
0.7020784	0.006073443	0.992132	0.9925414	0.992934
0.7017398	0.006076202	0.9920847	0.9925403	0.9929298
0.7012675	0.006077744	0.9920983	0.9925398	0.9929417
0.7010209	0.006079398	0.9921378	0.9925375	0.9929116
0.7006004	0.006081813	0.992117	0.9925374	0.9929101
0.7	0.006398002	0.991688	0.9921129	0.9924967
0.6994025	0.006399775	0.9916444	0.9921129	0.99253
0.6992095	0.006401352	0.991663	0.9921122	0.992521
0.6988183	0.006404096	0.9916925	0.9921111	0.9925132
0.6983936	0.006410109	0.9916655	0.992108	0.9925032
0.6975642	0.006412148	0.9917052	0.9921079	0.9925278
0.6972808	0.006413388	0.9917098	0.9921072	0.9924893
0.6966277	0.006455354	0.9916162	0.9920471	0.9924425
0.6962965	0.006464031	0.9916211	0.9920394	0.9924506
0.6960404	0.006465309	0.9915943	0.9920387	0.9924313
0.6956899	0.006466062	0.991604	0.9920379	0.9924546
0.6954822	0.006467993	0.9916118	0.9920358	0.9924414
0.6951882	0.006469506	0.9916261	0.9920347	0.9924444
0.6949403	0.006470333	0.9915891	0.9920337	0.9924456
0.6948314	0.006472267	0.9916075	0.992032	0.9924447
0.6945883	0.006473455	0.9915832	0.992032	0.9924405
0.6940062	0.006529412	0.9915217	0.9919717	0.9923607
0.6936123	0.006534754	0.9915522	0.9919661	0.9924015
0.6931024	0.006537492	0.991527	0.9919638	0.9923605
0.6928639	0.006540425	0.9915028	0.991958	0.9923773
0.6927175	0.006542612	0.9915257	0.991958	0.9923736
0.6918826	0.006566073	0.9914732	0.9919321	0.9923362
0.691486	0.0065682	0.9915092	0.991932	0.992358
0.6911305	0.006573424	0.9914658	0.9919261	0.992335
0.6909253	0.006575454	0.9914765	0.9919258	0.9923362
0.6904279	0.006627153	0.9914361	0.9918795	0.9923285
0.6898515	0.006628248	0.9914212	0.9918792	0.9923084
0.689441	0.006631216	0.9914465	0.9918781	0.9923305
0.6890425	0.00663288	0.9914412	0.991878	0.9922921
0.6881951	0.006653419	0.9914271	0.9918575	0.9922634
0.6875511	0.006654746	0.99144	0.9918569	0.9922887
0.6869344	0.006814277	0.9911771	0.9916504	0.9920844
0.686723	0.006814909	0.9912044	0.9916501	0.9920787
0.6861725	0.006819038	0.9912071	0.9916452	0.992036
0.6857519	0.006820493	0.9911963	0.9916434	0.9921014
0.6852763	0.006863659	0.9911551	0.9915915	0.9920043
0.6846101	0.006878796	0.9910938	0.9915736	0.9920103
0.684051	0.006882118	0.991136	0.9915691	0.9920189
0.683693	0.006882538	0.9910725	0.991569	0.9920039
0.6830424	0.006893239	0.9910988	0.9915589	0.9920441
0.6826173	0.006894192	0.9910975	0.9915552	0.9920001
0.6823648	0.00689938	0.9910957	0.99155	0.9919619
0.6815346	0.006936594	0.9910637	0.9915024	0.99192
0.6811982	0.006937048	0.9909968	0.9915019	0.9919509
0.680864	0.00693759	0.9910443	0.9915018	0.9919456
0.6806386	0.00694073	0.9910648	0.9914996	0.9919527
0.6803176	0.006948026	0.9910223	0.9914943	0.9919341
0.6798244	0.007072349	0.990842	0.9912962	0.9917364
0.679313	0.007075603	0.9908661	0.9912908	0.9917218
0.678661	0.007078786	0.9908106	0.9912889	0.9917057
0.6782442	0.007122691	0.9907855	0.9912435	0.9916986
0.6778824	0.007124991	0.9907537	0.9912418	0.9916768
0.6775245	0.007126971	0.990766	0.991239	0.9916736
0.6770726	0.007131241	0.9907362	0.9912346	0.99166
0.676865	0.007133035	0.9907444	0.9912322	0.9916639
0.6765061	0.007134788	0.9907896	0.99123	0.991693
0.676177	0.007143114	0.9907531	0.9912185	0.9916457
0.6757758	0.007144244	0.9907759	0.9912179	0.9916933
0.6754448	0.007144753	0.9907669	0.9912177	0.9916684
0.6751591	0.007151289	0.9907692	0.9912082	0.99164
0.6747306	0.007189707	0.9906977	0.9911684	0.9916243
0.6744123	0.007191448	0.990712	0.9911668	0.9916222
0.67401	0.007192202	0.9906905	0.9911663	0.9915964
0.6737022	0.007192988	0.9907173	0.9911656	0.9916332
0.6734235	0.007200692	0.9906819	0.9911567	0.9916256
0.6727863	0.007205732	0.9906498	0.9911529	0.9915909
0.6725183	0.007211725	0.9906787	0.9911472	0.9916122
0.6721546	0.007213986	0.9906574	0.9911448	0.9915727
0.6714598	0.007217771	0.9906977	0.9911411	0.9915704
0.67113	0.007222638	0.9906601	0.9911377	0.9915983
0.6707474	0.007224592	0.9906504	0.9911356	0.9915864
0.670376	0.007226512	0.9906801	0.9911337	0.9915755
0.6696462	0.007226943	0.9906867	0.9911336	0.9915721
0.6691914	0.007229164	0.9906694	0.9911327	0.9915933
0.6688765	0.007229711	0.9906508	0.9911324	0.9915885
0.6665859	0.008811776	0.988227	0.9887512	0.9892549
0.6645261	0.008812328	0.9881772	0.9887507	0.989215
0.6640384	0.008813583	0.9882064	0.9887485	0.9892586
0.6635132	0.008818457	0.9881649	0.9887458	0.9892955
0.6633311	0.008819407	0.9882149	0.988745	0.9892163
0.6630584	0.008821562	0.9882268	0.9887431	0.9892453
0.6626534	0.008823458	0.9881991	0.9887431	0.9892374
0.6623047	0.008829963	0.9882435	0.9887348	0.9892804
0.662137	0.00883304	0.9882093	0.9887296	0.9892075
0.6618217	0.008834753	0.9882185	0.9887292	0.9892357
0.6617405	0.008836978	0.988166	0.9887266	0.9892001
0.6615233	0.00883919	0.9882306	0.9887232	0.9892504
0.6606991	0.00885043	0.9881824	0.9887112	0.9891717
0.660264	0.008851124	0.988182	0.988711	0.9891879
0.6599624	0.008859352	0.9881639	0.9887054	0.9892057
0.6594669	0.008861121	0.9881799	0.9886914	0.9892329
0.6589469	0.008872582	0.9881343	0.9886845	0.9891815
0.6586593	0.008874057	0.9881736	0.9886835	0.9891945
0.6579991	0.008878078	0.9881688	0.9886829	0.9891883
0.6571702	0.008880443	0.9881143	0.9886808	0.9891918
0.6567438	0.008927194	0.9881354	0.9886185	0.9891439
0.6563115	0.008928794	0.9880272	0.988617	0.9891052
0.6554644	0.008948399	0.9880592	0.9885936	0.9891112
0.6546894	0.008951123	0.9880379	0.9885922	0.9891128
0.6543385	0.008957077	0.98807	0.9885878	0.9890812
0.6541653	0.008958272	0.9880168	0.9885867	0.9890792
0.6539639	0.008958765	0.9880472	0.9885866	0.9891282
0.6537503	0.008964298	0.9880301	0.9885814	0.9890843
0.653039	0.008972286	0.9880537	0.9885744	0.9890895
0.6527064	0.008988147	0.9880063	0.9885527	0.9890493
0.6519003	0.00898961	0.9880101	0.9885511	0.9890644
0.6516937	0.008993664	0.9879718	0.988549	0.9890376
0.6511875	0.008997761	0.9879841	0.9885453	0.9890911
0.650382	0.009003111	0.9879899	0.9885387	0.9890749
0.6500841	0.009005607	0.9880082	0.9885382	0.9890368
0.6495309	0.009232159	0.9876544	0.9882166	0.9887258
0.6491211	0.009236164	0.987669	0.9882137	0.9887536
0.6484066	0.00923694	0.9876941	0.9882137	0.9887528
0.6480936	0.009249773	0.9876377	0.9882	0.9887129
0.6477179	0.00925226	0.9876707	0.9881986	0.9887316
0.6473948	0.009254171	0.9876201	0.9881982	0.9887018
0.6467042	0.009259862	0.9876342	0.9881913	0.9887194
0.6464146	0.009262697	0.987655	0.9881904	0.9887031
0.6460305	0.009266903	0.9876256	0.9881874	0.9887046
0.6455423	0.009318312	0.9875403	0.988119	0.9886723
0.6450266	0.009322295	0.987569	0.9881174	0.9886714
0.6446716	0.009323354	0.9875691	0.9881154	0.9886387
0.6442656	0.009346859	0.9875197	0.9880849	0.9885999
0.6441135	0.009349497	0.9875027	0.9880847	0.9886359
0.6437012	0.009350228	0.9875373	0.9880847	0.9885834
0.6433385	0.009350653	0.9875422	0.9880845	0.9886293
0.6420812	0.009444927	0.9873957	0.9879654	0.988517
0.6419123	0.009446195	0.9874068	0.9879649	0.9885143
0.6416379	0.009448143	0.9874248	0.9879629	0.9885267
0.6408357	0.009459397	0.9873814	0.9879463	0.9885008
0.6402785	0.009463439	0.9874077	0.9879427	0.9884672
0.6399521	0.009665384	0.9870656	0.9876356	0.9881607
0.6392434	0.00966571	0.9870941	0.9876354	0.9881732
0.6389034	0.009666232	0.9870923	0.9876359	0.9881706
0.6380505	0.009744853	0.9869583	0.9875235	0.9880706
0.6374136	0.009749295	0.9869108	0.987514	0.9880662
0.6363729	0.009752161	0.9869704	0.9875101	0.9880751
0.6357954	0.009816286	0.9868739	0.9874246	0.9879788
0.635675	0.009818169	0.9868334	0.9874238	0.9879672
0.6354086	0.009821803	0.9868423	0.9874216	0.9879767
0.6350922	0.009822802	0.9868281	0.9874193	0.9879537
0.6346532	0.0098331	0.9868643	0.9874074	0.9879456
0.6342425	0.009837069	0.9868149	0.9874027	0.98798
0.6339339	0.009837708	0.9868144	0.9874022	0.987966
0.633361	0.009838073	0.986854	0.9874021	0.9879722
0.6327563	0.01004343	0.9865138	0.9871217	0.9876822
0.6325515	0.0100478	0.9864906	0.9871186	0.9877334
0.6320201	0.01005014	0.986578	0.9871168	0.9877366
0.6314795	0.01005477	0.9865366	0.9871088	0.9876776
0.6308309	0.01005989	0.9865318	0.9871035	0.9876575
0.6303019	0.01006293	0.9865238	0.9871005	0.9876702
0.6301289	0.01006419	0.986494	0.9870976	0.9876849
0.6294384	0.01013131	0.9863919	0.9869979	0.9875899
0.6287665	0.01013271	0.9864384	0.9869971	0.9875664
0.6281564	0.01019534	0.986317	0.9869111	0.9874437
0.6275106	0.01019703	0.9862472	0.986911	0.9874678
0.6269278	0.0102018	0.9863029	0.9869043	0.9874905
0.6263144	0.01020449	0.9862904	0.986902	0.9874676
0.6260275	0.01020648	0.986331	0.9869012	0.9874222
0.6256231	0.01020738	0.9862591	0.9869004	0.9874543
0.6251981	0.01021019	0.9863064	0.9869004	0.9874781
0.6242245	0.01058358	0.9858349	0.9864103	0.9869764
0.623986	0.01058658	0.9858385	0.9864091	0.9869802
0.623568	0.01058757	0.9858113	0.9864068	0.9870255
0.6233747	0.0105892	0.9858153	0.9864057	0.9869573
0.6229865	0.01058993	0.9858031	0.9864051	0.986958
0.6226798	0.01059488	0.9857771	0.9863977	0.9869886
0.6221735	0.01062247	0.9857633	0.986366	0.9869384
0.6216582	0.01062359	0.9857468	0.9863638	0.9869454
0.6212448	0.01062433	0.9857535	0.9863639	0.9869749
0.6209863	0.01063216	0.9857038	0.9863606	0.9869564
0.6205895	0.01063261	0.9856968	0.9863599	0.9869734
0.620027	0.0106336	0.9857416	0.9863593	0.9869162
0.6197536	0.01064574	0.9857356	0.986348	0.9869452
0.6195363	0.01064799	0.9857862	0.9863481	0.9869642
0.6193166	0.01064929	0.9857398	0.9863465	0.9869315
0.6186301	0.01078028	0.9855342	0.9861644	0.9867539
0.6180908	0.01078994	0.9855466	0.9861511	0.9867151
0.617556	0.0107933	0.9855052	0.9861484	0.9867206
0.6172415	0.01079459	0.9855127	0.9861466	0.9867392
0.6166894	0.01079646	0.985569	0.9861455	0.9867333
0.6161473	0.01080658	0.9855034	0.9861356	0.9867238
0.6152637	0.01082755	0.9854794	0.9861121	0.9867203
0.6149857	0.01082842	0.9854772	0.986112	0.9866821
0.6145342	0.01083364	0.9854828	0.9861045	0.9867053
0.6143017	0.01083386	0.9854749	0.9861042	0.98669
0.6140419	0.01083962	0.9855015	0.9860953	0.9866662
0.6134095	0.01085374	0.9854678	0.9860774	0.9866047
0.6126303	0.01085787	0.9854152	0.986072	0.986653
0.6117621	0.01086614	0.9854148	0.9860634	0.9866278
0.6112162	0.01086654	0.9854034	0.9860631	0.9866383
0.6104626	0.01129234	0.9847237	0.9854046	0.9860191
0.6102897	0.01129782	0.9847863	0.9854006	0.9860168
0.6099664	0.01129941	0.9848211	0.9853994	0.986003
0.6095628	0.01130008	0.9848265	0.9853993	0.9860014
0.6093642	0.01130846	0.9847528	0.9853871	0.985974
0.6088426	0.01130938	0.9848153	0.9853867	0.9859896
0.6083402	0.01131076	0.9847576	0.9853867	0.9859822
0.6076908	0.01131725	0.9847995	0.9853798	0.9860373
0.606951	0.01135896	0.984684	0.9853176	0.9859445
0.606483	0.01136065	0.9846749	0.9853142	0.9859102
0.6056948	0.01140217	0.9846302	0.9852568	0.9858078
0.6052064	0.011404	0.9846301	0.9852568	0.9858561
0.6050392	0.01140729	0.9846576	0.9852555	0.9858171
0.6047069	0.01141006	0.9846663	0.9852521	0.9859011
0.604057	0.01144177	0.9845591	0.9852135	0.9858287
0.603452	0.01144375	0.9846192	0.9852135	0.9858736
0.6030262	0.01145159	0.984538	0.9852051	0.9858119
0.6026012	0.01145264	0.9845989	0.9852042	0.9858469
0.6019988	0.01146076	0.9845054	0.9851948	0.9857603
0.601464	0.01146277	0.9845499	0.9851929	0.9857799
0.6011968	0.01146469	0.9845752	0.9851905	0.9858226
0.6006128	0.01146644	0.9845388	0.9851884	0.9858076
0.5991131	0.01263394	0.9827028	0.9833595	0.9840062
0.5986822	0.01263627	0.982712	0.9833569	0.984003
0.5984114	0.01263695	0.9827134	0.9833552	0.9839779
0.5980847	0.01263783	0.9827152	0.9833539	0.983993
0.5973852	0.01264508	0.9827165	0.983348	0.9839474
0.5970183	0.01265157	0.9826734	0.9833382	0.9839961
0.5965181	0.01265395	0.9826948	0.9833343	0.9839438
0.5960893	0.01266194	0.9826589	0.9833304	0.9839428
0.5955441	0.0126633	0.9826811	0.9833298	0.9839538
0.5944934	0.01271231	0.9826318	0.9832724	0.9838697
0.5941183	0.01271556	0.9826143	0.983267	0.9838896
0.5935395	0.01273924	0.9825548	0.9832385	0.9838858
0.5926001	0.01274277	0.9824982	0.9832314	0.9838976
0.5917805	0.01278796	0.9825078	0.9831747	0.9838064
0.5906614	0.01280727	0.9824606	0.9831492	0.9838051
0.5902722	0.01280934	0.9824842	0.9831478	0.9838167
0.5898949	0.01281139	0.9825068	0.9831478	0.9838088
0.5893955	0.01282154	0.9824657	0.9831399	0.9837716
0.5889273	0.01283164	0.9823958	0.983125	0.9837361
0.5886556	0.01283666	0.9824661	0.9831195	0.9837507
0.5877975	0.01284106	0.9824463	0.9831146	0.9837625
0.5872305	0.01284689	0.9824581	0.9831076	0.9837454
0.5867272	0.01284819	0.9824399	0.9831061	0.9837357
0.5863982	0.01285292	0.9823492	0.9831	0.9837751
0.5859866	0.012855	0.9824567	0.983093	0.9837609
0.5858203	0.01285712	0.9824242	0.9830865	0.9837343
0.5852527	0.01286677	0.9824607	0.9830734	0.983748
0.5850024	0.0128683	0.9823797	0.9830721	0.9837104
0.5846649	0.01286928	0.9824294	0.9830714	0.9837833
0.5844417	0.01287437	0.9823676	0.9830646	0.9837069
0.5831366	0.01313002	0.9820432	0.9827187	0.983338
0.5823659	0.01313107	0.9821058	0.9827181	0.9834258
0.5818625	0.01313285	0.9820414	0.9827165	0.9833995
0.5814065	0.01314694	0.9820391	0.9827005	0.9833422
0.5808518	0.01314824	0.9820138	0.9826985	0.9833696
0.5803308	0.01315127	0.9819971	0.9826938	0.9833415
0.5799169	0.01316346	0.9820249	0.9826813	0.9833344
0.5797153	0.01316428	0.9819259	0.9826799	0.9833381
0.5792328	0.01316746	0.981989	0.9826782	0.9833367
0.5782959	0.01317079	0.9820037	0.9826748	0.9833585
0.5778523	0.01317461	0.9820149	0.9826699	0.9832898
0.5774712	0.0131946	0.9819248	0.9826484	0.9833546
0.5770092	0.01319513	0.9819548	0.9826483	0.9833798
0.5764392	0.01320588	0.9819623	0.982637	0.983282
0.5758857	0.01320697	0.9819458	0.9826365	0.9832743
0.5755008	0.01323547	0.9819567	0.9825966	0.9832233
0.5749161	0.01329527	0.9817947	0.982512	0.9831904
0.5741279	0.01329581	0.9818543	0.9825115	0.9831774
0.573775	0.0133111	0.9818106	0.9824908	0.9831845
0.573221	0.01331801	0.9818305	0.9824835	0.9831107
0.5725617	0.01332152	0.981806	0.9824798	0.9831266
0.5720363	0.01332272	0.9817703	0.9824791	0.983152
0.5702839	0.01351913	0.9815591	0.9822153	0.9829007
0.5696071	0.01351996	0.9815339	0.9822143	0.9828707
0.5689609	0.01353766	0.9814541	0.9821988	0.9828414
0.5685394	0.01354002	0.9815074	0.9821952	0.9828721
0.568255	0.01354077	0.9815029	0.9821941	0.9828738
0.5678155	0.01354805	0.981515	0.9821804	0.982856
0.5668686	0.01354885	0.981527	0.9821793	0.9828613
0.5658868	0.01372081	0.9812661	0.9819191	0.9826072
0.5656168	0.01372179	0.9811955	0.9819177	0.9825668
0.5651257	0.0137237	0.9812007	0.9819165	0.9825858
0.5647124	0.01372596	0.9812015	0.9819164	0.9825891
0.564231	0.01372762	0.9812252	0.9819154	0.9826506
0.5635852	0.01374154	0.9812448	0.9818945	0.9825552
0.563302	0.01374367	0.981209	0.9818908	0.9825231
0.5630015	0.0137451	0.9811631	0.9818908	0.9826143
0.5625763	0.01374922	0.9811233	0.9818847	0.9825556
0.5618564	0.01381206	0.9811333	0.9818156	0.9825196
0.5612887	0.01381504	0.9810779	0.9818107	0.982518
0.5608838	0.01381622	0.9810986	0.9818107	0.9825012
0.5603953	0.0138218	0.9810655	0.9818054	0.9825023
0.5598316	0.01407102	0.9806802	0.9813745	0.9820974
0.5593908	0.01407475	0.9807151	0.9813701	0.9820242
0.5592468	0.01407646	0.980682	0.9813676	0.9820542
0.5590145	0.01407817	0.9806367	0.9813663	0.9820145
0.5589555	0.01407886	0.9806492	0.981366	0.9820515
0.5584674	0.01408108	0.9806156	0.9813647	0.9820372
0.558083	0.0140828	0.98065	0.9813628	0.9820204
0.5576835	0.0140872	0.9806364	0.9813577	0.9820379
0.5570099	0.01409237	0.9806456	0.9813519	0.9820381
0.5565763	0.01409344	0.980584	0.9813514	0.9820337
0.5554623	0.01428722	0.9803359	0.9810744	0.9817659
0.5546183	0.01428802	0.9803332	0.9810743	0.9817733
0.5540167	0.01428956	0.9803856	0.981074	0.9818068
0.5537234	0.01429615	0.9803401	0.9810673	0.9817454
0.5532238	0.01430365	0.9803123	0.9810588	0.981764
0.5529477	0.01430426	0.9802574	0.9810586	0.98176
0.5525606	0.01430829	0.9803265	0.9810568	0.9817138
0.5521115	0.01431059	0.9803057	0.9810553	0.9816817
0.5515861	0.01431371	0.9802747	0.9810517	0.9817715
0.5509334	0.01432025	0.9803556	0.9810404	0.981703
0.5506896	0.014321	0.9803236	0.9810396	0.9817354
0.5499635	0.01477406	0.9796133	0.9802747	0.9810053
0.5493827	0.01477583	0.9795256	0.980273	0.9809793
0.5489344	0.01477733	0.9795362	0.9802724	0.9809986
0.5485037	0.01477941	0.9795531	0.980271	0.9810311
0.548049	0.01478186	0.9795098	0.980267	0.9809652
0.5475145	0.01481255	0.9795399	0.9802238	0.9809572
0.5472792	0.0148149	0.9794898	0.9802216	0.9809166
0.5469492	0.01481656	0.9794867	0.9802204	0.9809559
0.5463123	0.01482423	0.9794088	0.9802116	0.9809612
0.5459316	0.01482612	0.9794826	0.9802095	0.9808958
0.5451305	0.01485407	0.9794071	0.9801726	0.9809109
0.5446362	0.01485653	0.9794225	0.980169	0.9808571
0.5440165	0.0148592	0.9794599	0.9801655	0.9808568
0.5429443	0.01486364	0.979383	0.9801601	0.9808749
0.5424531	0.01493394	0.9793711	0.9800452	0.9806724
0.5414355	0.0150524	0.9791546	0.979883	0.9806176
0.5407537	0.01505375	0.9790898	0.9798811	0.9805527
0.5403196	0.01505467	0.9791558	0.9798806	0.9805571
0.5398258	0.01506438	0.9791791	0.9798659	0.9805514
0.5390844	0.0150691	0.9791545	0.9798636	0.9806031
0.5383901	0.01508058	0.9791097	0.979851	0.9806046
0.5380529	0.01508092	0.9791052	0.9798496	0.9805483
0.5379217	0.01508256	0.9790773	0.9798492	0.9805499
0.5377059	0.01508554	0.9791199	0.9798474	0.9805478
0.5368994	0.01509582	0.9790367	0.9798364	0.9805632
0.5363217	0.01509711	0.9790888	0.9798349	0.9805363
0.5352411	0.01511925	0.9790872	0.9798045	0.9805469
0.5344733	0.01512139	0.9790932	0.9798008	0.9804988
0.53408	0.01512465	0.9790739	0.9797984	0.9804969
0.5336405	0.01512538	0.9790541	0.9797981	0.9804761
0.5326656	0.0154324	0.9786274	0.9793362	0.9800031
0.5324007	0.01543566	0.9785717	0.9793322	0.9800909
0.5318739	0.01543711	0.9785879	0.9793322	0.9800736
0.5314869	0.01544136	0.9785782	0.9793291	0.9800621
0.5311345	0.01547689	0.9785195	0.9792942	0.9799997
0.5306656	0.01547847	0.9785361	0.9792922	0.9800573
0.5303017	0.01548513	0.9785323	0.9792819	0.9800331
0.5300579	0.01548666	0.9784913	0.9792812	0.9799417
0.5295041	0.01548813	0.9785282	0.97928	0.979938
0.5288243	0.01549006	0.9785372	0.9792759	0.9799949
0.5282098	0.0154971	0.9785141	0.9792693	0.9800119
0.5271923	0.01555696	0.9785039	0.9792055	0.9799209
0.5258891	0.01555968	0.9784751	0.9792025	0.9799287
0.525609	0.01556236	0.9784887	0.9791984	0.9799038
0.5250338	0.0155637	0.9783467	0.9791936	0.9798856
0.5236251	0.01564653	0.978276	0.9790883	0.9797852
0.5226377	0.01565499	0.9782622	0.9790753	0.9798047
0.5220967	0.01565723	0.9783185	0.9790718	0.9797537
0.5218669	0.01565937	0.9783466	0.9790709	0.9797934
0.5211721	0.01566025	0.9783006	0.9790699	0.9798103
0.5209252	0.01566305	0.9783893	0.9790692	0.9797931
0.5202414	0.01567818	0.9783358	0.9790516	0.9798063
0.5195646	0.015838	0.9780035	0.9787722	0.9795229
0.518915	0.01584059	0.9780629	0.9787689	0.9795087
0.5181969	0.01585321	0.9779668	0.9787488	0.9794776
0.5171615	0.01585674	0.97803	0.9787434	0.9794875
0.5168387	0.01585802	0.9779706	0.9787392	0.9794224
0.5164027	0.01586738	0.9779837	0.9787258	0.9794241
0.5160656	0.01586785	0.9779903	0.9787255	0.9795014
0.5157425	0.01586896	0.977981	0.9787238	0.9794782
0.5154361	0.01587195	0.9779206	0.9787193	0.9794228
0.5149245	0.01588078	0.9780109	0.9787076	0.9794533
0.5141425	0.01594475	0.9778751	0.9786101	0.9792679
0.5134051	0.01595254	0.9778714	0.978604	0.9793332
0.5125966	0.01595567	0.9778262	0.9785949	0.9793303
0.5121522	0.01595746	0.9778052	0.9785938	0.9793357
0.5113902	0.01595982	0.9778432	0.9785906	0.9793498
0.5107984	0.0159793	0.9777992	0.9785653	0.9793094
0.5100984	0.01598048	0.9777897	0.9785645	0.9793245
0.5096383	0.01598158	0.9778086	0.9785626	0.979308
0.5090527	0.01600334	0.977814	0.9785353	0.9792782
0.5081287	0.01600515	0.9777813	0.9785327	0.9792369
0.5071677	0.01600939	0.9777724	0.9785298	0.9792013
0.5068796	0.01601155	0.9778152	0.978528	0.9793138
0.5060241	0.01601266	0.9777532	0.9785254	0.979282
0.505554	0.01601322	0.9777742	0.9785251	0.9792212
0.5052414	0.01601462	0.9777363	0.9785214	0.979291
0.5050731	0.01601536	0.9777989	0.9785211	0.9792687
0.5047457	0.01601745	0.9777533	0.9785148	0.9792341
0.5040317	0.01601819	0.9777644	0.978514	0.979252
0.5030655	0.01601989	0.9778438	0.9785127	0.9792646
0.5009584	0.01602339	0.9777051	0.9785123	0.9792394
0.4969452	0.01693716	0.9762395	0.9770343	0.9778051
0.4962588	0.01693761	0.976244	0.9770337	0.977849
0.4955715	0.01694226	0.9762906	0.9770307	0.9777724
0.4950569	0.01694392	0.9762062	0.977021	0.9777454
0.4945083	0.01694502	0.97625	0.9770201	0.9777673
0.4937161	0.01694612	0.9762082	0.9770181	0.9777681
0.4931378	0.01694825	0.9762442	0.9770171	0.9777632
0.4922923	0.01695227	0.9763079	0.9770091	0.9778033
0.4915069	0.01695362	0.976273	0.9770071	0.9777517
0.4912347	0.01695467	0.9762096	0.977006	0.9777515
0.4904888	0.01696309	0.9762021	0.9769947	0.9777712
0.4900977	0.0169645	0.9762474	0.9769934	0.9777248
0.4893509	0.01696693	0.9761705	0.9769928	0.9777622
0.4885457	0.01698132	0.9762133	0.97697	0.9777287
0.4879269	0.01698814	0.9762	0.976965	0.977734
0.4876127	0.01699131	0.9761547	0.9769646	0.9776483
0.4870785	0.01699277	0.9761907	0.9769626	0.977739
0.486275	0.0169937	0.9761444	0.9769617	0.977697
0.485705	0.0170363	0.9761536	0.9768925	0.9776562
0.4847603	0.01704049	0.9761326	0.9768859	0.977617
0.484426	0.01704142	0.9761062	0.9768845	0.9775998
0.4837834	0.01704534	0.9760998	0.9768795	0.9776323
0.4834328	0.01704657	0.9761356	0.9768786	0.9776336
0.4824692	0.01705409	0.9760375	0.9768664	0.9775823
0.4820284	0.01705952	0.9760869	0.9768625	0.9776262
0.4808607	0.0170669	0.9760438	0.9768534	0.9775939
0.4800424	0.01706763	0.976023	0.9768521	0.9775996
0.4790326	0.01716594	0.9759103	0.9766914	0.9774362
0.4784635	0.01716652	0.9759499	0.9766913	0.9774483
0.4777809	0.01716883	0.9758324	0.976688	0.9774354
0.4769026	0.01718157	0.975831	0.9766722	0.9773709
0.4753705	0.01719896	0.9758544	0.976647	0.9774133
0.4743484	0.01722395	0.9758341	0.9766126	0.9773771
0.4740544	0.0172257	0.9758463	0.9766124	0.9773671
0.4737269	0.01722628	0.9758079	0.9766105	0.9773604
0.4732566	0.01722954	0.9758105	0.9766094	0.9773987
0.4721026	0.01726923	0.9756858	0.9765584	0.9773227
0.4712634	0.01727263	0.975805	0.9765548	0.9773485
0.4708602	0.01727496	0.9757964	0.9765517	0.9773209
0.4701039	0.01727558	0.9757291	0.9765512	0.977343
0.4697071	0.01727643	0.9757621	0.9765494	0.9772532
0.4684062	0.01730669	0.9756834	0.9764837	0.9772714
0.4669583	0.01730809	0.9757403	0.976483	0.9772515
0.465908	0.01754347	0.9753525	0.9761115	0.9768729
0.4645163	0.01754434	0.9753074	0.9761107	0.9768871
0.4626298	0.01755619	0.9752914	0.9760972	0.9769107
0.4617194	0.01755926	0.9753465	0.9760922	0.9768728
0.4602981	0.01756273	0.975272	0.9760838	0.9767863
0.4586701	0.01756785	0.9752443	0.9760782	0.9768574
0.4567479	0.01762708	0.975203	0.9759856	0.9768102
0.4560362	0.01762756	0.9751487	0.9759847	0.9767653
0.454609	0.01762945	0.9752218	0.9759843	0.9767519
0.4536167	0.01763758	0.9752023	0.9759747	0.97674
0.4528741	0.01763808	0.9751886	0.9759733	0.9767475
0.4514728	0.01764584	0.9751581	0.975964	0.9767373
0.450673	0.01764741	0.9752007	0.9759628	0.9767768
0.4483968	0.01793869	0.9746505	0.9754694	0.976248
0.4478947	0.01793999	0.9747264	0.9754675	0.9761876
0.4468563	0.01794097	0.9746556	0.9754675	0.976228
0.4462225	0.01794283	0.9746514	0.975465	0.9762577
0.4435262	0.01799527	0.9746357	0.9753888	0.9761151
0.4413787	0.01799594	0.9745934	0.9753881	0.9761327
0.4400815	0.01799638	0.9746034	0.9753881	0.9761373
0.4385602	0.01806128	0.9745449	0.9752928	0.976023
0.4362917	0.01809885	0.9744304	0.9752344	0.9759556
0.4344877	0.0181009	0.9744217	0.9752338	0.9760006
0.432664	0.0181717	0.974359	0.9751238	0.9758377
0.4307638	0.0181761	0.9743228	0.9751179	0.9758617
0.4292956	0.01817802	0.9742977	0.9751095	0.9758116
0.4282477	0.01820498	0.9742799	0.9750745	0.9757855
0.4262688	0.01820573	0.9742665	0.9750734	0.9758724
0.4241685	0.01821857	0.9742527	0.9750528	0.9758364
0.4222613	0.01822053	0.9742611	0.9750528	0.9758384
0.4204092	0.01822293	0.9742492	0.9750489	0.9758077
0.4183409	0.0182253	0.9742021	0.9750472	0.9757973
0.416125	0.01826325	0.9741723	0.9749977	0.9757173
0.4129043	0.01826487	0.9741835	0.9749979	0.9757548
0.411024	0.01826611	0.9741686	0.974995	0.975774
0.409582	0.0182684	0.9741869	0.9749906	0.9757619
0.4083411	0.01827151	0.9742109	0.9749893	0.9757432
0.4059465	0.01829513	0.9742085	0.9749734	0.9757514
0.4041605	0.01829686	0.9741467	0.9749711	0.9757194
0.4014907	0.0182989	0.9741837	0.9749647	0.9757544
0.3976178	0.0186032	0.9736605	0.9744474	0.9752113
0.3960961	0.01860349	0.9736685	0.9744462	0.9752321
0.3938372	0.01860689	0.9736216	0.9744412	0.9752323
0.3920173	0.01860793	0.9736487	0.9744404	0.9751835
0.389024	0.01860889	0.9736437	0.9744397	0.9751632
0.3807881	0.01863122	0.9736109	0.9744029	0.9751981
0.3791525	0.01863417	0.9735977	0.9743998	0.9751615
0.3753031	0.01863588	0.9736165	0.9743968	0.9751977
0.3700232	0.01865776	0.9735999	0.9743663	0.9751424
0.3648193	0.01866645	0.9736138	0.9743493	0.9750603
0.3600345	0.01866933	0.9735656	0.9743467	0.9750998
0.3566219	0.01868784	0.9735231	0.974314	0.9751412
0.352575	0.01869106	0.9735103	0.974305	0.9750015
0.3490295	0.01871255	0.9733986	0.9742693	0.975039
0.3433871	0.01871479	0.973362	0.9742654	0.9749912
0.3351076	0.01871653	0.9734358	0.974263	0.9750812
0.3212502	0.01884166	0.9732082	0.9740624	0.9748595
0.3134207	0.0188488	0.973204	0.974051	0.97482
0.303881	0.01885069	0.9732907	0.9740473	0.974848
0.3012645	0.0188514	0.973217	0.9740468	0.9748155
0.2936919	0.01885548	0.9732315	0.9740384	0.9748505
0.2815985	0.01885835	0.9732082	0.9740331	0.9748529
0.2769966	0.01886175	0.9732249	0.9740292	0.9747905
0.2688447	0.01886221	0.973217	0.9740287	0.9747767
0.208333	0.01886438	0.973247	0.9740247	0.9748222
