1006.733	0	1	1	1
0.937783	0.4799714	0.6054626	0.6079799	0.6104889
0.5865337	0.5570731	0.596374	0.598651	0.6009754
6.786093e-07	0.5996892	0.599721	0.6017215	0.6039954
3.312383	0.08672489	0.9422444	0.9448663	0.9474638
3.291645	0.08742294	0.9415409	0.9440906	0.9464613
3.271696	0.0881438	0.9406945	0.9432692	0.945662
3.251267	0.08883721	0.9399966	0.9425055	0.9452497
3.229916	0.08956828	0.939026	0.9416397	0.944154
3.209945	0.09025258	0.9383445	0.9407873	0.9432498
3.190357	0.09095728	0.9373537	0.9399615	0.942681
3.171121	0.09165193	0.9364681	0.939085	0.9419455
3.152442	0.0923686	0.9356961	0.938271	0.9409251
3.133663	0.0930946	0.9346776	0.9373975	0.9399127
19.13972	0.01232927	0.9939082	0.9948714	0.9957099
3.115331	0.09378409	0.9338352	0.9365722	0.9392523
3.098599	0.09447426	0.9329758	0.9357174	0.9383425
3.08166	0.09517527	0.9322259	0.9347985	0.9373205
3.064175	0.09587984	0.931389	0.9339926	0.9366908
3.047367	0.09660119	0.9300995	0.9330344	0.9357603
3.031077	0.0973053	0.9293578	0.9321865	0.9348139
3.01491	0.09800989	0.9284637	0.9312771	0.9337653
2.999469	0.09869876	0.9276913	0.9304139	0.9327996
2.984478	0.09939854	0.9268215	0.9295266	0.9322646
2.969007	0.1001222	0.9260182	0.9285363	0.9313624
18.02739	0.01338822	0.9932292	0.994301	0.9952376
2.955097	0.1008257	0.9249223	0.9276051	0.9305261
2.940875	0.1015266	0.9238134	0.9266757	0.9296818
2.926684	0.1022511	0.9230574	0.9257527	0.928388
2.912733	0.1029722	0.9218296	0.9248	0.9275293
2.898312	0.1036703	0.9211583	0.9239198	0.9265893
2.884773	0.1043816	0.9201571	0.9230211	0.9256418
2.87159	0.1050773	0.919586	0.9221285	0.9249145
2.858959	0.1057455	0.9183791	0.9212883	0.9238077
2.846112	0.1064378	0.917577	0.9204617	0.9231805
2.834041	0.1071285	0.9166838	0.9194608	0.9223693
16.99478	0.0144787	0.9927439	0.9938475	0.9948024
2.822233	0.1078099	0.9156776	0.9184739	0.921305
2.810881	0.1084853	0.9147589	0.9175571	0.9202216
2.799188	0.1091844	0.9139369	0.916656	0.9194513
2.788831	0.1098854	0.9128749	0.9157983	0.9187506
2.777924	0.1105707	0.9119062	0.9149013	0.9177262
2.766122	0.1112563	0.9112396	0.9140452	0.916882
2.75574	0.1119155	0.9101312	0.9131662	0.9160613
2.745235	0.1126044	0.9095472	0.9122154	0.9149121
2.734639	0.1132664	0.9086467	0.9113168	0.9142703
2.724029	0.1139256	0.9075165	0.9104424	0.9132317
16.00423	0.01556729	0.9921194	0.9932326	0.9942564
2.714054	0.1146292	0.906717	0.9095495	0.91243
2.704432	0.1153306	0.9056709	0.9085805	0.9112079
2.694122	0.1160126	0.9045939	0.9077252	0.9105267
2.684671	0.1167122	0.9038878	0.9068045	0.9095842
2.674944	0.1174134	0.9028909	0.90581	0.9086877
2.665294	0.1181495	0.9020991	0.9048537	0.9077453
2.655553	0.1188479	0.9007992	0.9038798	0.9070112
2.64655	0.1195353	0.9000371	0.9029386	0.90572
2.637064	0.1202626	0.8990223	0.9019442	0.904957
2.628429	0.1209556	0.8981872	0.9010157	0.9041344
15.07846	0.01668616	0.9913784	0.992546	0.9936588
2.619442	0.121647	0.8972624	0.9001645	0.9030308
2.61047	0.1223705	0.8963054	0.899137	0.9021565
2.601963	0.1230772	0.895026	0.8981423	0.901117
2.593613	0.1237911	0.8944279	0.8971766	0.9000491
2.584976	0.1244797	0.8934065	0.8962453	0.8990287
2.576233	0.1251973	0.8922929	0.8952973	0.8983537
2.567771	0.1259084	0.8912194	0.8943339	0.8975183
2.559325	0.1266115	0.890304	0.893333	0.8962305
2.551019	0.1273155	0.8895978	0.8923864	0.8952949
2.542816	0.1280067	0.8884635	0.8914009	0.8943441
14.34424	0.01785166	0.9904995	0.9917622	0.9929957
2.534979	0.1286719	0.887449	0.8905532	0.8938134
2.527072	0.1293472	0.8864341	0.8896384	0.8927012
2.519324	0.1300138	0.8856023	0.8887219	0.8917099
2.512049	0.1306818	0.8847773	0.8877942	0.8908723
2.504938	0.1313661	0.884012	0.8869301	0.8896932
2.497579	0.132043	0.8829747	0.8860053	0.8890633
2.490416	0.13272	0.8820138	0.8850804	0.8882454
2.483022	0.1333807	0.8810852	0.8841816	0.8873245
2.475818	0.1340973	0.8801159	0.8832144	0.8864351
2.468576	0.1347832	0.879255	0.8823396	0.8852462
13.6835	0.01896485	0.9895941	0.9909302	0.9922265
2.461144	0.1354663	0.87859	0.8814543	0.8843417
2.454243	0.13612	0.8776609	0.8806116	0.8835813
2.447246	0.1368062	0.8766724	0.8796532	0.8826628
2.440563	0.1375123	0.8756705	0.8787403	0.8816418
2.433814	0.1382139	0.8748507	0.8778279	0.8810004
2.427327	0.1389035	0.8738741	0.8769379	0.8801264
2.42063	0.1395996	0.8728377	0.8760142	0.8790212
2.414305	0.1402579	0.8720872	0.8751118	0.8782688
2.408203	0.140918	0.8709415	0.8742047	0.8774401
2.401889	0.1415937	0.8702929	0.8732586	0.8763679
13.12503	0.02002969	0.9887039	0.9901104	0.9914429
2.395601	0.142323	0.8692027	0.8721699	0.8749374
2.389239	0.1430027	0.8681386	0.8712949	0.8742877
2.383478	0.1437011	0.8672063	0.8703666	0.8736803
2.37745	0.1443695	0.8663087	0.8695152	0.8725343
2.370901	0.1450215	0.8654536	0.868655	0.8719321
2.364775	0.1456682	0.8647268	0.86778	0.8708609
2.35897	0.1463479	0.8637322	0.8668081	0.8698714
2.353064	0.1470346	0.8629217	0.8658371	0.868873
2.34728	0.1476998	0.8616556	0.8649654	0.8681597
2.341402	0.1483635	0.8610195	0.8641021	0.8670749
12.69	0.02107802	0.9879164	0.9894093	0.9909295
2.335504	0.1489764	0.8601659	0.8633537	0.8666592
2.329876	0.1496696	0.8592452	0.8624737	0.8656735
2.324174	0.1503471	0.858175	0.8615758	0.8648104
2.318456	0.1509979	0.8577858	0.8608333	0.8641911
2.313144	0.1516787	0.8567463	0.859963	0.8632313
2.307695	0.1523284	0.8559231	0.8590506	0.8622284
2.301976	0.1529795	0.8550259	0.8582215	0.8614561
2.296744	0.1536359	0.8541775	0.8573521	0.86054
2.291293	0.1542846	0.8535125	0.8566046	0.8595326
2.286	0.154947	0.8524086	0.8556877	0.8588798
12.33488	0.02207973	0.9873973	0.9889199	0.9904919
79.94549	0.001728404	0.9985939	0.9992091	0.9996797
2.281049	0.1556074	0.8516748	0.8548361	0.858108
2.275921	0.1562476	0.850904	0.8540214	0.8571868
2.270811	0.1569586	0.849768	0.8530938	0.8563487
2.26585	0.1575922	0.8489837	0.8522865	0.8554707
2.260555	0.1582194	0.8482368	0.8515023	0.8548363
2.255762	0.1588691	0.847218	0.8507471	0.8541708
2.250872	0.1595075	0.846669	0.8499297	0.8530059
2.245814	0.1601644	0.8458908	0.8490947	0.8521612
2.241051	0.1608069	0.8451861	0.8482911	0.8513209
2.236122	0.161457	0.8445845	0.8474729	0.8508066
11.95076	0.02313776	0.9870642	0.9886111	0.9900728
2.231154	0.1620974	0.8432667	0.8466495	0.8498075
2.226398	0.1627517	0.8426025	0.8457925	0.8493368
2.222067	0.1633575	0.8417282	0.845021	0.8483413
2.21746	0.1639847	0.8409992	0.844195	0.8472616
2.21283	0.1646344	0.8403317	0.8433529	0.8464609
2.208388	0.1652704	0.8394475	0.8425402	0.845578
2.203889	0.1659111	0.8385069	0.8417293	0.8450053
2.199555	0.1665342	0.8375243	0.8409762	0.8442819
2.195135	0.1671643	0.8367931	0.8402416	0.8434294
2.19058	0.1677967	0.8364322	0.8394632	0.8427023
11.54627	0.02423163	0.9868199	0.9882687	0.989742
2.186126	0.1684536	0.8354723	0.8386673	0.8420155
2.181558	0.1690794	0.8347546	0.8378526	0.8414071
2.177169	0.1697476	0.8334946	0.8369486	0.8401016
2.172819	0.1703868	0.8327689	0.8361411	0.8390475
2.168379	0.1710213	0.8322056	0.8353519	0.8386686
2.164017	0.1716936	0.8311063	0.834534	0.8378149
2.159905	0.1723329	0.8305209	0.8337828	0.8372161
2.155517	0.1729624	0.8295654	0.832936	0.8362242
2.151297	0.1735814	0.8289407	0.8322096	0.8353057
2.147223	0.174216	0.8279909	0.8314405	0.8346468
11.17244	0.02531897	0.9862604	0.9878321	0.9893421
2.142988	0.1748624	0.8276529	0.8306182	0.8338686
2.138734	0.1755216	0.8266132	0.8297973	0.8331283
2.13481	0.1761583	0.8257521	0.8290514	0.8323404
2.130565	0.1768053	0.824797	0.8282313	0.8313679
2.126337	0.1774317	0.82392	0.8274525	0.8305839
2.122446	0.1780689	0.8234689	0.8267094	0.8300555
2.118464	0.178694	0.8228021	0.826008	0.829019
2.11441	0.1793032	0.8220256	0.8252486	0.8284397
2.110362	0.1799281	0.8210356	0.8244191	0.8278629
2.106483	0.180564	0.8204507	0.8236321	0.8267972
10.80959	0.02637663	0.9857724	0.9873832	0.9888134
2.102333	0.1811779	0.8197175	0.8229191	0.8262819
2.098491	0.1817891	0.8189857	0.8221973	0.8255522
2.094506	0.1824163	0.8181304	0.8214314	0.8248458
2.090715	0.183041	0.8173953	0.8206621	0.8239268
2.086953	0.1837015	0.8164338	0.8198132	0.8232563
2.082988	0.1843314	0.8155037	0.8190876	0.8223609
2.079412	0.1849597	0.8148625	0.8183602	0.8217499
2.075927	0.1855644	0.8142156	0.8176782	0.8209907
2.072282	0.1861631	0.813712	0.8169847	0.82015
2.068676	0.1867553	0.8130241	0.8163174	0.8196535
10.49032	0.02745192	0.9855051	0.9869701	0.988526
2.064881	0.1873894	0.8122636	0.8155217	0.8188786
2.061281	0.1880128	0.8112517	0.8147758	0.8181341
2.057592	0.1886495	0.8107102	0.8139608	0.8176537
2.053809	0.1892748	0.8101278	0.8132323	0.8165167
2.050267	0.1898768	0.8091758	0.8125325	0.8158457
2.046703	0.1905039	0.808325	0.8118143	0.8150347
2.042884	0.1911226	0.8078828	0.8110522	0.8142912
2.039495	0.1917325	0.8070908	0.8103781	0.8137846
2.03594	0.1923493	0.8062356	0.8096352	0.8129591
2.032359	0.1929677	0.8056975	0.8089784	0.8124758
10.18533	0.02849376	0.9846913	0.9864376	0.9880035
2.028919	0.193576	0.804812	0.8082816	0.8118383
2.025444	0.1942156	0.8043334	0.8075567	0.8108016
2.021925	0.1948409	0.8035967	0.8068384	0.8100485
2.018518	0.1954438	0.8023556	0.8061387	0.8095437
2.01501	0.1960544	0.8020422	0.8054524	0.8086113
2.011774	0.1966597	0.8013825	0.8047046	0.8080532
2.00846	0.1972732	0.8005072	0.8039849	0.8073323
2.005107	0.1979099	0.7997528	0.803233	0.8066295
2.001757	0.1984953	0.7993873	0.8025621	0.8062659
1.998375	0.1991166	0.7984543	0.8018066	0.8051772
9.895784	0.02954265	0.9841824	0.9859747	0.9875855
1.995123	0.1997487	0.7975469	0.8010901	0.8046887
1.99183	0.200359	0.7968947	0.8003781	0.8038358
1.988442	0.2009732	0.7962595	0.7996728	0.8029043
1.985048	0.2016244	0.7956008	0.7989357	0.8027903
1.981651	0.20222	0.7950669	0.7982513	0.8016449
1.978295	0.2028363	0.7943519	0.7975153	0.8009503
1.974972	0.2034443	0.7933731	0.7968337	0.7999556
1.971612	0.2040453	0.7927231	0.7961661	0.7991604
1.96826	0.2046528	0.7919307	0.7954663	0.7988857
1.964723	0.2052679	0.7911024	0.7947598	0.7981269
9.619177	0.030568	0.9837519	0.985459	0.9870955
1.961589	0.2058855	0.7907453	0.7941217	0.7977161
1.958365	0.2064675	0.7902534	0.7934915	0.7968265
1.9553	0.2070834	0.7896975	0.7928444	0.7963966
1.952136	0.2076698	0.788653	0.7922051	0.7955616
1.948889	0.2082617	0.7881174	0.7915954	0.7949627
1.945646	0.2088589	0.7877292	0.7909502	0.7943605
1.942587	0.2094593	0.7867205	0.7902299	0.7937753
1.939384	0.2100504	0.785982	0.7895509	0.7928791
1.936256	0.2106579	0.7853733	0.788879	0.7924178
1.933322	0.2112542	0.7848057	0.7882249	0.7913072
9.369737	0.03153589	0.9831123	0.9848429	0.9864928
1.930341	0.2118618	0.7841435	0.7875779	0.7912039
1.927339	0.2124611	0.7835903	0.7869592	0.7902782
1.924266	0.2130427	0.7829912	0.7863373	0.7896502
1.921376	0.2136013	0.7819371	0.7857153	0.7892722
1.918366	0.2142023	0.781595	0.7850443	0.7885181
1.91546	0.214793	0.7807716	0.7843624	0.7877388
1.912436	0.2153843	0.7803501	0.7837509	0.7870732
1.909479	0.2159515	0.779694	0.783112	0.7866877
1.906712	0.2165275	0.7792739	0.7824835	0.7858716
1.903764	0.2170989	0.7784388	0.7818986	0.7854961
9.13777	0.03253619	0.9826126	0.984353	0.9860679
54.88643	0.003308151	0.9981107	0.9987293	0.9992542
1.900929	0.2176989	0.7778268	0.7812709	0.784726
1.89816	0.2182973	0.7772216	0.7806451	0.7837632
1.895269	0.2189023	0.7763849	0.7799911	0.7833988
1.892468	0.2194774	0.7756165	0.7793702	0.782493
1.889597	0.2200519	0.7753595	0.7787636	0.7822448
1.886958	0.2205938	0.774938	0.778178	0.7815919
1.884023	0.2211608	0.7741401	0.7775572	0.7809656
1.881284	0.2217116	0.7734248	0.7769111	0.7803336
1.878584	0.2222819	0.7730792	0.7762926	0.7796967
1.875838	0.2228559	0.7721255	0.7756856	0.7789457
8.907755	0.03356002	0.9820648	0.9837435	0.9853952
1.872965	0.223438	0.7717439	0.7750809	0.778278
1.870179	0.2240018	0.7710849	0.7745066	0.7779684
1.867432	0.2245746	0.7705462	0.7739547	0.7772245
1.864658	0.2251426	0.7702151	0.7733992	0.7768145
1.861779	0.2257207	0.7691072	0.7727309	0.7759244
1.859106	0.2262808	0.7687367	0.7721295	0.7756928
1.856347	0.2268533	0.7677143	0.7715066	0.775159
1.853702	0.2274032	0.7674522	0.7709695	0.7744474
1.851186	0.2279786	0.766843	0.7702921	0.7738787
1.848387	0.2285591	0.7660593	0.7696566	0.7731742
8.690971	0.03452066	0.9814862	0.9832578	0.9851916
1.845824	0.2291173	0.7654988	0.7690333	0.7722941
1.843222	0.2296854	0.7649689	0.7683952	0.7720041
1.840654	0.2302666	0.7645044	0.7677979	0.7710871
1.837959	0.2308442	0.7639786	0.7671855	0.7705216
1.83542	0.2313962	0.7633296	0.7666223	0.7698434
1.832822	0.2319661	0.7626278	0.7660415	0.7695204
1.830307	0.2325449	0.7620461	0.7654068	0.7688483
1.82762	0.2330863	0.7614674	0.7648311	0.7680088
1.825039	0.2336571	0.7607221	0.7642784	0.7677997
1.82254	0.2342192	0.7604237	0.7637201	0.7671009
8.483047	0.03546337	0.981125	0.9829165	0.9847202
1.819853	0.2347477	0.7595665	0.7631326	0.7663301
1.817388	0.2353088	0.7590802	0.7625844	0.7660272
1.814792	0.2358768	0.7585629	0.7620118	0.7653939
1.812156	0.2364247	0.7578866	0.761433	0.7646812
1.809584	0.2369773	0.7576027	0.7608968	0.7640927
1.807138	0.2375439	0.7570329	0.7603198	0.7636823
1.804566	0.2381322	0.7565157	0.7597704	0.7630296
1.802073	0.2386878	0.7556715	0.7591687	0.762537
1.799697	0.2392561	0.7551427	0.7586057	0.7617831
1.797152	0.2398121	0.754653	0.7580289	0.7615894
8.291458	0.03634906	0.9808239	0.982564	0.9844079
1.794699	0.2403825	0.7540279	0.7574649	0.7608957
1.792275	0.2409523	0.7536928	0.7568434	0.7600703
1.789755	0.2415369	0.7528537	0.7562639	0.7596155
1.787297	0.2420622	0.7523284	0.7556982	0.759238
1.784794	0.2426231	0.7520639	0.7551892	0.7587982
1.782506	0.2431599	0.7510329	0.7546216	0.7581214
1.779966	0.2437168	0.7509387	0.7540741	0.7574794
1.777593	0.2442788	0.7500666	0.7535157	0.7571948
1.775237	0.2448241	0.7493994	0.7529447	0.756454
1.772794	0.2453649	0.7490757	0.7523884	0.7557023
8.091953	0.03729918	0.9804515	0.98218	0.9838793
1.770458	0.2459128	0.7484395	0.751839	0.7550928
1.768085	0.2464694	0.748001	0.7512838	0.7548743
1.765678	0.2470103	0.7475315	0.7507389	0.7540331
1.763285	0.2475523	0.7465719	0.7501703	0.7535172
1.761016	0.2480938	0.7463004	0.7496613	0.7528813
1.758701	0.2486314	0.7456794	0.7491401	0.7524668
1.756429	0.249191	0.7452629	0.7486135	0.7518283
1.754143	0.2497291	0.7450189	0.7481214	0.7515279
1.751907	0.2502543	0.7443407	0.7475935	0.7510935
1.749588	0.2507899	0.7439412	0.7471009	0.7505584
8	0.03771479	0.9800844	0.9819774	0.9839282
1.747301	0.2513161	0.7431365	0.746604	0.7499935
1.744949	0.251848	0.7425959	0.746124	0.7492492
1.742543	0.252386	0.7422433	0.7456567	0.7489092
1.740348	0.2528947	0.7418579	0.745178	0.7484611
1.738166	0.2534264	0.7411348	0.7445953	0.7481408
1.735916	0.2539526	0.7405705	0.7441167	0.7476007
1.733732	0.2544657	0.7402077	0.7436359	0.7467472
1.731486	0.2549959	0.7397983	0.7431125	0.7462973
1.729311	0.2555539	0.7390835	0.7425739	0.745934
1.727061	0.2560917	0.7388093	0.7420555	0.7454433
7.897159	0.03819365	0.9798088	0.981734	0.9835041
1.724819	0.2566394	0.7380903	0.7414813	0.7449437
1.722636	0.257163	0.7374678	0.7409749	0.7441832
1.720327	0.2577264	0.7372816	0.7404434	0.7437579
1.718125	0.2582472	0.7367324	0.739947	0.7434074
1.715813	0.258779	0.7359657	0.7394302	0.742901
1.713577	0.2593134	0.7355594	0.7389213	0.7420192
1.711428	0.2598397	0.7351376	0.738412	0.7418089
1.709266	0.2603636	0.7345498	0.737899	0.7411411
1.70699	0.2609146	0.734176	0.7373678	0.7408635
1.704904	0.2614398	0.7334211	0.7368754	0.7404003
7.707938	0.039104	0.9795561	0.9813286	0.9831195
1.702755	0.2619681	0.7328344	0.7364204	0.7395972
1.700456	0.2624917	0.732618	0.7359418	0.7391925
1.698327	0.2630094	0.7320444	0.7354926	0.7391392
1.696275	0.2635369	0.7313782	0.7349927	0.7385979
1.694073	0.2640776	0.7311297	0.7345302	0.7379806
1.691892	0.2645945	0.7308028	0.7340389	0.7375126
1.689696	0.2651147	0.7301321	0.733516	0.7368895
1.68754	0.2656393	0.7295675	0.7330334	0.7364747
1.685358	0.2661359	0.7292306	0.73263	0.736212
1.683268	0.2666619	0.7288242	0.7321763	0.7356066
7.538659	0.04002501	0.9789397	0.9808875	0.9828678
1.681148	0.2671939	0.7284197	0.7316943	0.7349846
1.679047	0.2677201	0.7280279	0.7312121	0.7346978
1.677008	0.268255	0.7272482	0.730696	0.7339947
1.674848	0.2687892	0.7270465	0.7301833	0.7335915
1.672811	0.2693344	0.7263921	0.7296573	0.7330508
1.670743	0.2698581	0.725858	0.7291569	0.7324017
1.66873	0.2703785	0.7251849	0.7286985	0.7321909
1.666744	0.2709055	0.7247461	0.7282033	0.7315482
1.664737	0.2713992	0.7245461	0.7277521	0.7311984
1.662659	0.2719236	0.7242313	0.7272628	0.7304874
7.384808	0.04096334	0.9785648	0.9804525	0.9823134
43.89268	0.004493395	0.9980441	0.9984902	0.9989427
1.660702	0.2724202	0.7235287	0.7268077	0.7302074
1.658588	0.2729274	0.7229585	0.7263281	0.7296205
1.656564	0.2734402	0.7226871	0.7258925	0.7291329
1.654652	0.2739563	0.7222561	0.7253973	0.7287346
1.652627	0.2744779	0.7215523	0.7249244	0.728572
1.650589	0.2750035	0.7208006	0.7244456	0.727704
1.648621	0.2755194	0.7207944	0.7239949	0.7274748
1.646718	0.276047	0.720154	0.7235191	0.7266275
1.644742	0.2765782	0.7197856	0.7230233	0.7264958
1.642745	0.2770898	0.7193138	0.7226123	0.726001
7.227551	0.04187002	0.9779645	0.9800408	0.9818615
1.640718	0.2776085	0.718928	0.7221499	0.7253675
1.638803	0.2781063	0.7183384	0.72173	0.7249193
1.63681	0.2785954	0.7178211	0.7212723	0.7244992
1.634831	0.2791095	0.7175222	0.7207952	0.724471
1.632893	0.2795783	0.7173526	0.7204138	0.7237647
1.63092	0.2800886	0.7167409	0.7199941	0.7232235
1.628973	0.2806087	0.7161412	0.7195166	0.7227094
1.627061	0.2811007	0.7159541	0.7191063	0.7226947
1.625175	0.2816167	0.7151774	0.7186601	0.7216206
1.623141	0.2821475	0.7151212	0.7182167	0.7214088
7.086832	0.04272181	0.9777982	0.9796026	0.9815591
1.621107	0.2826571	0.7144572	0.7177225	0.7210714
1.619215	0.2831462	0.7137644	0.7172312	0.7207217
1.617328	0.2836598	0.7136564	0.7167249	0.720048
1.615459	0.2841527	0.7129864	0.716273	0.7194526
1.613673	0.2846494	0.7126488	0.7158658	0.7194332
1.611811	0.2851417	0.7121951	0.7154471	0.7185611
1.609954	0.285657	0.7116893	0.714999	0.7184219
1.608142	0.286141	0.7114415	0.7145873	0.7178649
1.606283	0.286632	0.711162	0.7141398	0.7176625
1.604352	0.2871254	0.710312	0.7137395	0.7172088
6.942002	0.04361336	0.9772809	0.9791708	0.981157
1.602392	0.2875995	0.7098206	0.7133294	0.7166799
1.600509	0.2880962	0.709803	0.7129134	0.7161475
1.598707	0.288576	0.7091666	0.7125165	0.715884
1.596811	0.289059	0.708939	0.7121606	0.7155528
1.594984	0.2895561	0.7084899	0.7117107	0.7152017
1.593208	0.2900499	0.7077106	0.7113046	0.7146944
1.591273	0.2905418	0.7077218	0.7109097	0.7142518
1.589469	0.2910483	0.7072582	0.7104475	0.7137156
1.58772	0.2915499	0.7064908	0.7100347	0.7131468
1.58588	0.2920461	0.7064106	0.7096369	0.7128191
6.802015	0.04446747	0.9767773	0.9787811	0.9806331
1.58404	0.2925352	0.7056349	0.7092324	0.7125039
1.582283	0.2930147	0.7055318	0.7088154	0.7120345
1.58054	0.2935054	0.7052228	0.7083993	0.7117491
1.578793	0.293967	0.7048905	0.7080375	0.7114577
1.576849	0.2944782	0.7043036	0.7076289	0.7109106
1.57512	0.2949635	0.7041021	0.7072834	0.7107607
1.573395	0.2954607	0.7038073	0.7068806	0.7100523
1.571671	0.2959476	0.7032758	0.7064777	0.7096411
1.569871	0.2964519	0.7025703	0.7061109	0.7093119
1.568053	0.2969512	0.7022432	0.7056748	0.7089526
6.663991	0.04529036	0.9763663	0.9782864	0.980149
1.566193	0.2974735	0.7017477	0.70524	0.7084989
1.564439	0.2979666	0.7017577	0.7048421	0.7081738
1.562615	0.2984329	0.7011384	0.7044674	0.707692
1.560868	0.2989296	0.7006742	0.7040512	0.7074906
1.559066	0.2994094	0.7003436	0.7036625	0.7070056
1.557244	0.2998844	0.6999935	0.7032629	0.7065851
1.555348	0.3003633	0.6997667	0.7029223	0.7061093
1.553578	0.3008381	0.6991254	0.7025026	0.7057947
1.551946	0.3013144	0.6986956	0.7021215	0.7053871
1.550309	0.3017669	0.6983361	0.701747	0.7051111
6.527242	0.04609273	0.97599	0.9779575	0.9798108
1.548444	0.3022709	0.6981021	0.7013323	0.7045139
1.546682	0.3027685	0.6979606	0.7008806	0.7041436
1.544966	0.3032448	0.697051	0.7004578	0.7035514
1.543142	0.3037244	0.6968035	0.7000955	0.7030871
1.541358	0.30421	0.6964995	0.6997432	0.7031889
1.539697	0.3046847	0.6961006	0.6993766	0.702768
1.537947	0.3051642	0.6957568	0.6989814	0.7022966
1.536199	0.3056174	0.6955629	0.6985942	0.7018097
1.534561	0.3061019	0.6949024	0.6981801	0.7017078
1.532823	0.3065705	0.6946381	0.6978154	0.7011097
6.405143	0.0468844	0.9753703	0.9775201	0.9795769
1.531219	0.3070398	0.6942373	0.6974342	0.7005749
1.529562	0.3074884	0.6941327	0.6971074	0.7002554
1.527921	0.3079468	0.6935382	0.6967352	0.6997668
1.526213	0.3083879	0.6932094	0.6963778	0.6996394
1.524552	0.30885	0.692891	0.6960304	0.6992663
1.522832	0.3093344	0.692429	0.6956181	0.6987675
1.521119	0.3097801	0.6922245	0.6952641	0.6982898
1.519475	0.3102206	0.6916487	0.6949223	0.6981266
1.517868	0.3106599	0.6914587	0.6945593	0.6977285
1.516157	0.3111251	0.6909842	0.694167	0.6974926
6.276655	0.04772495	0.9749646	0.9770513	0.9788894
1.514523	0.3115766	0.6905867	0.6937711	0.6968819
1.512873	0.312048	0.6898452	0.6934117	0.6967213
1.511229	0.3125013	0.6898255	0.6930782	0.6962799
1.50965	0.3129346	0.6894765	0.6927264	0.6957212
1.508129	0.3134025	0.6892404	0.6923478	0.6954309
1.506587	0.3138374	0.6888577	0.6920174	0.6953549
1.505007	0.3143168	0.6883724	0.691618	0.6946639
1.503374	0.3147692	0.688232	0.6912808	0.6944731
1.501816	0.3152136	0.6878496	0.6909563	0.6942041
1.500149	0.3156627	0.6873816	0.6906425	0.6938737
6.15221	0.04856622	0.974596	0.9766595	0.9784286
1.49856	0.3161278	0.6871981	0.6902587	0.6936662
1.496977	0.3165588	0.6867709	0.6899245	0.6929469
1.495367	0.3170025	0.6865275	0.6896188	0.6926295
1.493713	0.3174546	0.6861782	0.6893254	0.6923208
1.492208	0.317903	0.6859663	0.6890066	0.6923426
1.490683	0.3183387	0.6856545	0.6886688	0.6918245
1.489122	0.3187561	0.6851917	0.6883784	0.6914436
1.487557	0.3191944	0.6848431	0.6880743	0.6910783
1.485959	0.3196616	0.6845052	0.6876404	0.6910832
1.484376	0.3200768	0.6842396	0.6873087	0.6903144
6.034493	0.04940002	0.9742528	0.9762601	0.9783073
35.88203	0.005742354	0.9972405	0.99788	0.9984919
1.482931	0.3205203	0.6838397	0.6869638	0.6900581
1.481384	0.3209528	0.6836675	0.6866276	0.6896295
1.479847	0.3213937	0.6831923	0.6862749	0.6894154
1.478303	0.3218579	0.6825848	0.6859261	0.689051
1.476805	0.3222985	0.6824236	0.6856065	0.6889621
1.475194	0.3227303	0.6820777	0.6853021	0.6885689
1.473638	0.3231875	0.6820056	0.6849706	0.6880445
1.472067	0.3236332	0.6816011	0.6846389	0.6878621
1.470557	0.3240675	0.6811442	0.6843104	0.6871614
1.469025	0.3245006	0.6808735	0.6840068	0.6873201
5.920764	0.05021856	0.9740155	0.9759084	0.9778889
1.467522	0.3249399	0.6805937	0.6836732	0.6868902
1.465981	0.3253625	0.6804063	0.6833779	0.6866659
1.464488	0.3257852	0.6798888	0.6830853	0.6862464
1.463022	0.3261958	0.6795362	0.6827766	0.6860359
1.461578	0.3266201	0.6791549	0.6824224	0.6854545
1.460181	0.3270687	0.6788391	0.6821107	0.6851043
1.458682	0.3274802	0.678642	0.681812	0.6849195
1.457236	0.3278915	0.6783835	0.6815157	0.6844823
1.455752	0.3283239	0.6781466	0.6812328	0.6844483
1.454352	0.3287657	0.677575	0.6808995	0.6839382
5.813127	0.05101272	0.9734204	0.9755278	0.9774942
1.4529	0.3291878	0.6774058	0.6805986	0.6836037
1.45149	0.3295825	0.6769464	0.6803333	0.6832324
1.449989	0.3300318	0.6767169	0.6799969	0.6831471
1.44848	0.3304901	0.6765367	0.6796641	0.682539
1.446972	0.3309134	0.6759192	0.6793764	0.6825892
1.445512	0.3313468	0.6759219	0.6790645	0.6821838
1.443997	0.3317816	0.675671	0.6787533	0.681836
1.442598	0.3321672	0.6755321	0.6784867	0.6815169
1.441177	0.3325714	0.675037	0.6781831	0.6814093
1.439716	0.3330169	0.6748403	0.6778359	0.6809424
5.702685	0.05182018	0.9729155	0.9751177	0.9769497
1.438327	0.3334343	0.6745033	0.6775133	0.6806562
1.436799	0.3338518	0.6742162	0.6772289	0.6804967
1.435336	0.3342826	0.6739144	0.6769277	0.6797506
1.433884	0.334701	0.6737627	0.6766367	0.6797005
1.432347	0.3351434	0.6733612	0.6763559	0.6796118
1.430867	0.3355301	0.6730164	0.6760939	0.6791788
1.4294	0.3359479	0.6727524	0.6758304	0.6790078
1.428025	0.3363789	0.6724471	0.6755086	0.6786429
1.426616	0.3367998	0.6721249	0.6752768	0.6783009
1.425088	0.3372228	0.6716846	0.6749814	0.6783489
5.598642	0.0526368	0.9724316	0.9746483	0.9766436
1.423655	0.337637	0.6714072	0.674734	0.677967
1.422147	0.3380694	0.6714178	0.6744288	0.6774742
1.420731	0.3385121	0.6711255	0.6741227	0.6773986
1.419241	0.3389371	0.6707378	0.6738545	0.6771901
1.417764	0.3393813	0.6705348	0.6735247	0.6766177
1.416307	0.3398179	0.6701218	0.6732334	0.6762908
1.414868	0.3402452	0.6698308	0.6729099	0.6762668
1.413448	0.340644	0.6697203	0.6726108	0.6757739
1.411972	0.341056	0.6694015	0.6723182	0.6752955
1.410518	0.3414747	0.6688851	0.6720167	0.6749886
5.499105	0.05339216	0.9722	0.9741997	0.9763109
1.408982	0.3419075	0.6688247	0.6717091	0.6747938
1.407508	0.3423306	0.6683722	0.671426	0.6744703
1.406094	0.3427238	0.6681479	0.6711812	0.6744422
1.404736	0.3431641	0.6678436	0.6708839	0.6737045
1.403326	0.3435596	0.667557	0.6706028	0.6738144
1.401881	0.3439685	0.6673378	0.6703353	0.6732568
1.400577	0.3443776	0.6673829	0.6700918	0.6730737
1.399176	0.3447645	0.6667688	0.6698203	0.6729584
1.397821	0.3451892	0.6662645	0.6695275	0.672709
1.396396	0.3455978	0.6659453	0.6692073	0.6723777
5.404305	0.054152	0.9717122	0.9737278	0.9758021
1.394978	0.3460159	0.6657967	0.6689457	0.6720059
1.393521	0.3464222	0.6656634	0.668718	0.6717743
1.392063	0.3468373	0.6652474	0.6684178	0.6712998
1.390704	0.3472538	0.665081	0.6681313	0.6712977
1.389303	0.3476657	0.6646793	0.6678556	0.6708291
1.387954	0.3480774	0.6643249	0.6675948	0.6704361
1.386535	0.3485062	0.6644139	0.6672956	0.6703573
1.38516	0.3489205	0.6639896	0.6670115	0.6700339
1.383775	0.3493435	0.6638536	0.666759	0.6698475
1.382393	0.3497387	0.6634322	0.6664914	0.6695477
5.311689	0.0549403	0.9713364	0.9732701	0.9752653
1.381055	0.3501314	0.6632782	0.6662257	0.6692428
1.379682	0.3505425	0.662775	0.6659471	0.6693083
1.378339	0.3509811	0.6627228	0.6656805	0.6688822
1.376997	0.3513954	0.6626875	0.6654267	0.6682703
1.375625	0.3518035	0.6621294	0.6651506	0.6682017
1.374222	0.3522125	0.661762	0.6648883	0.6679
1.372857	0.3526215	0.6616357	0.6646265	0.6675381
1.371511	0.353014	0.6614714	0.6643765	0.6675354
1.370056	0.3534229	0.6611616	0.6641258	0.6669334
1.368714	0.353818	0.6608582	0.6638866	0.6667136
5.223602	0.05574152	0.9706854	0.9728102	0.9749662
1.367335	0.3542347	0.6604728	0.6636078	0.6666365
1.36604	0.3546239	0.6601873	0.6633892	0.6663379
1.364727	0.3550227	0.6602324	0.6631245	0.6663417
1.363447	0.3554227	0.6599426	0.6628309	0.6656215
1.362115	0.355824	0.6598461	0.6625734	0.6657455
1.360832	0.3562247	0.6594297	0.6623026	0.6654147
1.359519	0.3566217	0.6587611	0.6620224	0.6652284
1.358241	0.3570146	0.6587272	0.6617977	0.6647601
1.35698	0.3574202	0.6586573	0.6615436	0.6645384
1.35574	0.3578151	0.6581786	0.6613072	0.664405
5.130221	0.05651781	0.9702349	0.9723981	0.9745555
1.354425	0.3582019	0.6579608	0.6610399	0.6643642
1.35315	0.3585998	0.6578124	0.6607843	0.6637697
1.351851	0.3590035	0.6577298	0.6605403	0.6634528
1.35052	0.35938	0.6574886	0.6603301	0.663447
1.349272	0.3597717	0.6571283	0.6600945	0.6631499
1.347967	0.3601773	0.6567249	0.6598475	0.6628167
1.346629	0.3605456	0.6565084	0.6596455	0.6626455
1.345298	0.3609601	0.6564572	0.6593723	0.662167
1.343985	0.3613415	0.6562399	0.6591417	0.6620698
1.342724	0.3617134	0.6560785	0.6589392	0.6620235
5.047598	0.05731431	0.9696345	0.971752	0.9739448
30.84321	0.007000409	0.9963992	0.9972556	0.9979155
1.341413	0.3621044	0.6556147	0.6586947	0.6617664
1.340077	0.3625029	0.6553444	0.6584351	0.6613397
1.33873	0.3628957	0.6552884	0.6582052	0.6611959
1.337447	0.3632925	0.6550862	0.6579755	0.6606789
1.336176	0.3636912	0.6547539	0.6577054	0.6605882
1.334832	0.3640903	0.6546095	0.6574768	0.6603894
1.33354	0.3644965	0.6540414	0.657258	0.6602427
1.332174	0.3648615	0.6542536	0.6570463	0.6603439
1.330894	0.3652515	0.6538211	0.6568472	0.6599375
1.329601	0.3656128	0.6540266	0.6566656	0.6597833
4.971329	0.05806336	0.9689092	0.9712429	0.9734344
1.32832	0.3660056	0.6536894	0.6564218	0.659294
1.327018	0.3663826	0.6533414	0.6561761	0.6590002
1.325745	0.3667748	0.6530078	0.6559442	0.6588865
1.324495	0.3671501	0.6528333	0.6557138	0.6588337
1.323245	0.3675307	0.6525878	0.655452	0.6583597
1.321958	0.367907	0.6524902	0.6552449	0.658188
1.320751	0.368301	0.6518505	0.6549965	0.6577404
1.319536	0.3686795	0.6518413	0.6547682	0.6575278
1.318232	0.369046	0.65146	0.6545426	0.6575496
1.316988	0.3694219	0.6515848	0.6543104	0.6573335
4.899264	0.05884479	0.9686723	0.9707569	0.9728069
1.315742	0.3698062	0.6509071	0.6540851	0.6567677
1.314491	0.3701548	0.6506838	0.6539068	0.6568753
1.313205	0.370511	0.6506987	0.6536908	0.6567742
1.311963	0.3708853	0.6503154	0.6534691	0.6564262
1.310687	0.3712558	0.6503974	0.6532721	0.6562265
1.309438	0.371642	0.6503641	0.6530649	0.6560654
1.30819	0.3720107	0.6501993	0.6528548	0.6557515
1.306945	0.3724054	0.6497224	0.6526466	0.6558177
1.305701	0.372777	0.6494328	0.652465	0.6555028
1.304496	0.3731408	0.6493286	0.6522164	0.655062
4.829222	0.05958529	0.9680297	0.9701487	0.972191
1.303275	0.3735122	0.6491688	0.6519638	0.6548606
1.302014	0.3738912	0.6489535	0.6517578	0.6545135
1.300767	0.3742516	0.6486612	0.6515701	0.6543631
1.299522	0.3746081	0.6484377	0.6514087	0.6543071
1.298284	0.3749599	0.6480925	0.6511976	0.6537913
1.297025	0.3753384	0.647914	0.6509706	0.6538549
1.295834	0.375713	0.6479235	0.6507575	0.6539071
1.294624	0.3760735	0.6477764	0.6505298	0.6535126
1.293408	0.3764359	0.6472706	0.6503291	0.6532822
1.29221	0.3767968	0.6472775	0.6501057	0.6530558
4.758185	0.06032254	0.9673372	0.9695972	0.9716456
1.290981	0.377165	0.6469753	0.6499092	0.6527096
1.289762	0.3775334	0.6467486	0.6497042	0.6524507
1.288552	0.3778836	0.6466445	0.6495118	0.6524096
1.28737	0.3782456	0.64657	0.6492814	0.6523318
1.286167	0.3786199	0.6459167	0.6490649	0.6518629
1.284918	0.3789988	0.6458597	0.6488221	0.6516242
1.28371	0.3793605	0.6459313	0.6486257	0.6514719
1.282512	0.3797194	0.6454258	0.6484153	0.6513656
1.281232	0.3800703	0.6452592	0.6482332	0.6512368
1.279997	0.3804499	0.6451511	0.6480376	0.6509748
4.687566	0.06107721	0.9669198	0.9690531	0.9713609
1.278748	0.3808142	0.6447589	0.647865	0.6508205
1.277485	0.3811942	0.6445979	0.6476503	0.6505332
1.276264	0.3815463	0.6447858	0.6474479	0.6505245
1.27501	0.3819214	0.6443308	0.6472351	0.6500698
1.273789	0.3822815	0.643959	0.6470311	0.6498211
1.272574	0.3826479	0.6440492	0.6468016	0.6496868
1.271343	0.3830153	0.6436061	0.6466088	0.6495488
1.270125	0.3833626	0.6434178	0.6464236	0.6491745
1.268921	0.3837266	0.6431294	0.6462666	0.649068
1.267746	0.3840863	0.6432594	0.6460853	0.6490433
4.622477	0.06182175	0.9659874	0.9683918	0.9706469
1.266552	0.3844473	0.643334	0.6458917	0.6487942
1.265325	0.384812	0.6427451	0.6456925	0.6483084
1.264168	0.3851595	0.6428591	0.6455228	0.648348
1.262964	0.3855382	0.6424302	0.6453143	0.6480538
1.261796	0.3859024	0.6422559	0.6451169	0.6479073
1.260605	0.3862491	0.6419708	0.644905	0.6477196
1.259429	0.3866015	0.6420287	0.6447341	0.6475765
1.258256	0.3869771	0.6415965	0.6445365	0.6475795
1.257035	0.38732	0.6414232	0.6443688	0.6470835
1.255866	0.3876635	0.6413681	0.6441787	0.6471085
4.56001	0.06255622	0.9654193	0.9678584	0.9700847
1.254715	0.3880242	0.641036	0.6440011	0.6468927
1.253556	0.3883654	0.6407373	0.6438502	0.646787
1.252419	0.3887229	0.6407823	0.6436551	0.6467138
1.251293	0.3890803	0.6406319	0.6434544	0.6461829
1.25015	0.3894117	0.6404836	0.6432915	0.646391
1.249034	0.3897717	0.6403554	0.6431329	0.6460783
1.247824	0.3901375	0.6398651	0.6429416	0.6460126
1.246654	0.3904826	0.6399634	0.6427511	0.6456702
1.245486	0.3908157	0.6398085	0.6425849	0.6456301
1.244384	0.3911718	0.6396197	0.6423873	0.6451347
4.500906	0.06327512	0.9649971	0.9672905	0.9694121
1.243226	0.3915158	0.6393599	0.6422255	0.644986
1.242055	0.3918749	0.6394094	0.6420453	0.6451252
1.240931	0.3922315	0.6390236	0.6418715	0.6447863
1.239733	0.3925771	0.6388169	0.6416854	0.6445282
1.238603	0.3929171	0.6386476	0.6415084	0.6443364
1.237435	0.3932645	0.6385169	0.6413284	0.6443641
1.236314	0.3935984	0.6384384	0.6411603	0.644029
1.235171	0.3939402	0.6381672	0.6409703	0.6437917
1.234007	0.3942749	0.6377816	0.6408018	0.643576
1.232816	0.3946266	0.6376565	0.6406088	0.6435996
4.445504	0.0639752	0.96431	0.9667101	0.9689604
1.231726	0.3949724	0.6376675	0.6404268	0.6432685
1.230597	0.3953195	0.6373971	0.6402485	0.6429661
1.229463	0.3956722	0.6373184	0.6400555	0.6430585
1.228317	0.3960146	0.6370164	0.6398538	0.64258
1.227174	0.3963544	0.6368498	0.6396882	0.6424045
1.225987	0.3967025	0.6367652	0.6395067	0.6425663
1.224858	0.3970358	0.6366237	0.6393272	0.6422732
1.223752	0.3973879	0.6364018	0.6391423	0.6421175
1.22259	0.3977167	0.6361757	0.6389683	0.6419439
1.221428	0.3980575	0.6360036	0.6387839	0.6413909
4.390424	0.06467438	0.9637554	0.9661769	0.9684109
26.7796	0.008114528	0.9957402	0.9966353	0.9974475
1.220326	0.3984082	0.6358023	0.6386236	0.6413893
1.219222	0.39875	0.6359089	0.6384437	0.641037
1.218106	0.3990811	0.6356252	0.6382805	0.6410629
1.216984	0.3994059	0.6352696	0.6381197	0.640888
1.215851	0.3997344	0.6351347	0.6379556	0.6407039
1.21471	0.4000774	0.635021	0.6377889	0.6405857
1.213586	0.4004105	0.6347953	0.637638	0.6404483
1.212484	0.4007467	0.6347354	0.6374626	0.6403472
1.211342	0.401081	0.6344336	0.6372595	0.6400948
1.210235	0.4013815	0.6343772	0.6371103	0.6397502
4.339735	0.06541537	0.9633141	0.9655757	0.9679642
1.209119	0.4017207	0.6342029	0.6369243	0.6396942
1.208012	0.4020608	0.6341317	0.6367846	0.6395021
1.206894	0.402398	0.633939	0.636601	0.6394628
1.205778	0.4027233	0.6337161	0.636449	0.6394405
1.204698	0.4030517	0.633538	0.6362952	0.6391221
1.203642	0.4033871	0.6334977	0.6361336	0.6388938
1.202467	0.4037304	0.6330283	0.6359753	0.6390683
1.201417	0.4040558	0.6329041	0.6358265	0.6384736
1.200374	0.4043882	0.6328595	0.6356865	0.6384348
1.199284	0.4047018	0.6329122	0.6355563	0.6383294
4.291915	0.06612411	0.9625019	0.9649627	0.9671706
1.198239	0.4050388	0.6327037	0.6354157	0.6381147
1.197111	0.4053577	0.6324005	0.6352606	0.6381122
1.196006	0.4056918	0.6321557	0.6351118	0.6378372
1.194899	0.4060073	0.632091	0.6349297	0.6375308
1.193782	0.4063132	0.6321599	0.6347723	0.6373757
1.192708	0.4066353	0.6318796	0.6346263	0.6374887
1.191664	0.4069494	0.631614	0.6344692	0.6373944
1.190621	0.4072701	0.631324	0.6343169	0.6371139
1.18956	0.4075927	0.6313216	0.6341557	0.6369299
1.188503	0.4079342	0.6310063	0.6339963	0.6367615
4.244088	0.06682763	0.9621181	0.9644496	0.9667175
1.187503	0.4082548	0.6313631	0.6338524	0.6367677
1.186399	0.4085701	0.631004	0.6336931	0.6364261
1.185361	0.4088792	0.6307906	0.6335501	0.6364287
1.184328	0.4091911	0.6306515	0.6333691	0.6363039
1.183315	0.4095161	0.6302658	0.6332067	0.6357775
1.182235	0.4098139	0.6301736	0.6330526	0.6356653
1.18115	0.4101268	0.6299128	0.6329116	0.6357578
1.180088	0.4104381	0.6300792	0.6327637	0.6356263
1.179054	0.4107649	0.6297377	0.6326151	0.6353498
1.177951	0.4110872	0.6295597	0.6324602	0.6351246
4.193685	0.06753609	0.961497	0.9639137	0.9662956
1.176842	0.4113961	0.6296347	0.6323034	0.6353488
1.175739	0.4117118	0.629389	0.6321201	0.6348248
1.174652	0.4120278	0.6293252	0.6319609	0.6348002
1.173649	0.4123298	0.6290381	0.6318318	0.6344816
1.172614	0.4126455	0.6289216	0.6316995	0.6345045
1.171572	0.4129665	0.6288943	0.6315469	0.6343212
1.170534	0.4132915	0.62876	0.6314004	0.6340733
1.169467	0.4135942	0.6284186	0.6312686	0.633937
1.168405	0.4139079	0.6285141	0.6311531	0.6341436
1.16732	0.414229	0.6282528	0.6310076	0.6336691
4.145372	0.06825792	0.9611829	0.9634111	0.9655822
1.166305	0.4145471	0.6282672	0.6308859	0.6338616
1.16528	0.4148738	0.6279596	0.6307319	0.633553
1.164248	0.4151853	0.6279243	0.6305915	0.6333873
1.163222	0.4154979	0.6276733	0.6304541	0.633287
1.162177	0.4157851	0.6276614	0.6303293	0.6330242
1.161139	0.4160916	0.6276824	0.6302156	0.6331741
1.160108	0.4163985	0.6272979	0.6300708	0.6327711
1.159042	0.416714	0.6271889	0.629934	0.6326537
1.158012	0.4170349	0.6269498	0.6298055	0.6324209
1.156926	0.4173547	0.6271414	0.6296789	0.6324189
4.098461	0.06896157	0.960604	0.9628051	0.9651506
1.15589	0.4176896	0.6269773	0.6295418	0.6322374
1.154817	0.418006	0.6267824	0.6294128	0.6325336
1.153732	0.4183034	0.6265987	0.6292748	0.6321538
1.152711	0.4186275	0.6263439	0.6291256	0.6321675
1.151646	0.418937	0.6263806	0.6289684	0.6317707
1.150653	0.419251	0.6260257	0.6288201	0.6314727
1.149678	0.4195599	0.6259987	0.6286677	0.6314071
1.148645	0.4198704	0.6256996	0.6285327	0.6311511
1.147596	0.4201797	0.625481	0.628383	0.6311796
1.146596	0.4204707	0.6256561	0.6282671	0.6311804
4.055221	0.06965551	0.9599187	0.9621224	0.9644084
1.145615	0.4207672	0.625579	0.6281341	0.6309118
1.144613	0.4210621	0.6254234	0.6280224	0.6306526
1.143595	0.4213511	0.6250738	0.6279083	0.6306924
1.142514	0.4216516	0.6251028	0.6277869	0.6307863
1.141481	0.4219484	0.6248934	0.6276641	0.630229
1.140475	0.4222328	0.6247111	0.6275235	0.6301934
1.139446	0.4225049	0.6247258	0.6274165	0.6298971
1.138443	0.422809	0.6247462	0.6272946	0.6299754
1.137399	0.4231023	0.6245709	0.6271668	0.6299296
1.136428	0.4234015	0.6244704	0.6270591	0.6298198
4.014385	0.07038016	0.9590508	0.9615389	0.9640334
1.135416	0.4237186	0.6243387	0.6269298	0.6297056
1.13443	0.4240174	0.6241476	0.6268053	0.6295218
1.133459	0.424326	0.6239278	0.6266748	0.6292382
1.132478	0.4246429	0.6239061	0.6265443	0.6292992
1.131503	0.4249331	0.6238802	0.6264313	0.6291073
1.130518	0.4252315	0.623513	0.6263096	0.6290549
1.129512	0.4255235	0.6232952	0.6261904	0.6287962
1.128518	0.4258063	0.6234047	0.6260785	0.6286164
1.127533	0.4261098	0.6234749	0.6259456	0.6285625
1.126505	0.4263873	0.6232813	0.6258104	0.6284984
3.972071	0.07107142	0.9586234	0.9609328	0.9632426
1.125528	0.4266722	0.6227738	0.6257176	0.6283109
1.124534	0.4269521	0.6229895	0.6256099	0.6281506
1.123586	0.4272503	0.6229771	0.6254974	0.6281302
1.122606	0.4275338	0.6227351	0.6253984	0.6280976
1.121571	0.4278158	0.622492	0.6252998	0.6280605
1.120631	0.4281089	0.6224242	0.625162	0.6278647
1.119596	0.428393	0.6222746	0.6250472	0.6276341
1.118629	0.4286835	0.6222657	0.6249335	0.627652
1.117659	0.4289588	0.6221194	0.6248016	0.6276179
1.116707	0.429247	0.622126	0.6246745	0.6272624
3.933042	0.07179062	0.9578319	0.9602751	0.9628133
24.03599	0.009177465	0.9954022	0.9962366	0.9970134
1.115733	0.4295519	0.6219106	0.624552	0.6272457
1.114756	0.4298518	0.6217055	0.6244152	0.6270201
1.113774	0.4301415	0.6214837	0.6242886	0.6269497
1.112837	0.4304432	0.6214592	0.62419	0.6266568
1.111826	0.4307429	0.6212538	0.6240767	0.6267168
1.110831	0.4310307	0.6211844	0.6239981	0.6264207
1.109946	0.4313136	0.6215148	0.6238854	0.6266224
1.108959	0.4315875	0.6211462	0.6237832	0.6264539
1.107989	0.4318656	0.6209976	0.6236818	0.6263919
1.106986	0.4321642	0.6209353	0.6235722	0.6261525
3.896055	0.07250884	0.9572896	0.9596253	0.9618679
1.106011	0.4324416	0.6208214	0.6234673	0.6260593
1.105077	0.432736	0.6206291	0.6233529	0.6260551
1.104056	0.4330313	0.6203054	0.6232294	0.6259721
1.103075	0.4333216	0.6205944	0.6231036	0.6256929
1.102032	0.4336125	0.6203944	0.6229792	0.6256932
1.101018	0.4339061	0.6200655	0.6228496	0.6254825
1.099955	0.4341984	0.6199303	0.6227085	0.6254232
1.099008	0.4344817	0.6199563	0.6226065	0.6254728
1.098064	0.4347718	0.6197993	0.6224812	0.6253507
1.097124	0.4350488	0.6197776	0.6223785	0.6251661
3.858611	0.07322366	0.9565181	0.9590276	0.961366
1.096154	0.435328	0.6195372	0.622274	0.6249937
1.09518	0.4356136	0.6195284	0.6221696	0.624864
1.094216	0.4358987	0.6193435	0.622046	0.6249486
1.093275	0.4361778	0.6193114	0.6219492	0.6246604
1.092323	0.4364577	0.6195399	0.6218271	0.6244397
1.091346	0.4367533	0.6190579	0.6217199	0.6243728
1.09042	0.4370382	0.6189835	0.6215858	0.6242296
1.08946	0.4373128	0.6188143	0.6214771	0.6240702
1.088516	0.4376011	0.6186241	0.6213638	0.623966
1.087604	0.437866	0.6185061	0.6212642	0.6237411
3.823596	0.0739547	0.9560945	0.958361	0.9608357
1.08666	0.438145	0.6185144	0.621161	0.6240188
1.085696	0.4384013	0.6185433	0.6210467	0.6238616
1.084711	0.4386588	0.6182014	0.620936	0.6236171
1.083803	0.4389466	0.6180822	0.6208312	0.6233803
1.082858	0.4392253	0.6179406	0.6207172	0.623559
1.081875	0.4395115	0.6178614	0.6205972	0.6231606
1.080971	0.4397782	0.6178884	0.620505	0.623257
1.080042	0.440047	0.617839	0.6204106	0.6230736
1.079125	0.4403267	0.6175932	0.6203255	0.6230506
1.078165	0.4406004	0.6174979	0.6202082	0.6229682
3.786908	0.07466482	0.9553009	0.9576681	0.9600933
1.077271	0.440867	0.6175586	0.6201058	0.6227355
1.076362	0.4411237	0.6174233	0.6200031	0.6225193
1.075384	0.441393	0.6174305	0.6198876	0.6225628
1.074468	0.4416648	0.6170376	0.6197855	0.6224101
1.0735	0.4419512	0.6168754	0.6196909	0.6222329
1.072538	0.4422282	0.6166404	0.6195755	0.6223553
1.071571	0.4424906	0.6167558	0.6194821	0.6218933
1.070662	0.442776	0.616718	0.6193773	0.6223141
1.069712	0.4430417	0.616577	0.6192939	0.6218162
1.068794	0.4433003	0.616645	0.6192165	0.6216331
3.754366	0.07535768	0.9545511	0.9569452	0.9593187
1.067887	0.4435791	0.6163898	0.6191173	0.6217342
1.06693	0.443845	0.6162069	0.619027	0.6217293
1.066	0.4440953	0.6164477	0.618947	0.6215634
1.065057	0.4443645	0.6162409	0.6188492	0.6213873
1.064084	0.4446289	0.6163144	0.6187562	0.621323
1.063144	0.4448883	0.6161935	0.618661	0.6214258
1.062221	0.4451583	0.6160632	0.6185462	0.6210791
1.06134	0.4454295	0.6159613	0.6184555	0.6210609
1.060394	0.4457016	0.6154952	0.6183701	0.6210685
1.059503	0.4459602	0.6156252	0.6182637	0.6207652
3.721808	0.07604673	0.9539022	0.9562725	0.9587029
1.058576	0.4462228	0.6156621	0.6181523	0.620815
1.05763	0.4465058	0.6154901	0.6180583	0.6207949
1.056717	0.4467636	0.6153706	0.6179668	0.6205143
1.055823	0.4470313	0.6152939	0.6178679	0.6205126
1.054932	0.447325	0.6148606	0.6177419	0.6204046
1.054051	0.4475946	0.6151505	0.6176428	0.6201619
1.053183	0.4478508	0.6150629	0.6175479	0.6202741
1.052311	0.4481067	0.615068	0.6174699	0.6201278
1.051377	0.4483817	0.6148172	0.617368	0.6199713
1.050485	0.4486467	0.614684	0.6172843	0.6198881
3.690056	0.07673903	0.9531669	0.9555767	0.9581694
1.049545	0.4489099	0.6147803	0.6172047	0.6198088
1.048629	0.4491792	0.6145076	0.6171261	0.6197154
1.047736	0.4494454	0.6144504	0.6170344	0.6194361
1.04684	0.4497086	0.6142129	0.6169429	0.619367
1.045975	0.4499454	0.6142193	0.6168531	0.6195227
1.045067	0.4502143	0.6140962	0.6167798	0.6193869
1.044163	0.450471	0.6141453	0.6166905	0.6192581
1.043261	0.4507405	0.6139145	0.6165986	0.6192441
1.042345	0.4509868	0.6140279	0.616498	0.61924
1.04145	0.4512422	0.6138241	0.6163982	0.6190167
3.659882	0.07745748	0.9524696	0.9549931	0.957291
1.040571	0.4514977	0.613758	0.616316	0.6189168
1.039641	0.4517482	0.6137816	0.6162363	0.6188169
1.038753	0.4520222	0.6135636	0.6161598	0.6188263
1.037912	0.4522737	0.6134535	0.616088	0.6184092
1.037006	0.4525395	0.6136217	0.6160035	0.6185988
1.036102	0.4528239	0.6135097	0.6159098	0.618425
1.035214	0.4530864	0.6132983	0.6158102	0.6183453
1.034293	0.4533562	0.6129716	0.6157119	0.618468
1.033388	0.4536037	0.6132766	0.6156263	0.6182462
1.032476	0.4538563	0.6129974	0.6155298	0.6179608
3.630092	0.07814182	0.9519233	0.9542897	0.9567684
1.031574	0.4541239	0.6130099	0.6154349	0.6180291
1.030755	0.4543777	0.6128506	0.6153572	0.618001
1.029789	0.4546399	0.6127791	0.6152564	0.6178502
1.028851	0.4548801	0.6125663	0.615187	0.6177304
1.027925	0.4551356	0.6124751	0.6150863	0.6176336
1.027058	0.4553826	0.612448	0.6150306	0.6175809
1.026152	0.4556449	0.6124302	0.6149299	0.6177248
1.02524	0.4558976	0.6123581	0.6148339	0.617445
1.024364	0.4561477	0.6122361	0.6147502	0.6173343
1.023466	0.4563946	0.6119715	0.6146725	0.617175
3.599137	0.07884422	0.9511063	0.9536257	0.9562997
22.03552	0.01021229	0.994807	0.9956975	0.9965268
1.022577	0.4566382	0.6120901	0.6145627	0.6171764
1.021738	0.4568843	0.6117857	0.6144788	0.6172009
1.020822	0.4571323	0.6118444	0.6143959	0.6171495
1.019927	0.457382	0.6118274	0.6143353	0.6169449
1.019067	0.4576107	0.6118333	0.6142645	0.6167451
1.01818	0.4578637	0.6115155	0.6141804	0.6167889
1.017334	0.4581005	0.6117441	0.6140946	0.6164537
1.016504	0.4583555	0.6113678	0.6140141	0.616556
1.015594	0.4586057	0.6117637	0.6139316	0.6164279
1.014685	0.4588492	0.611483	0.6138613	0.6164723
3.568163	0.07958179	0.9503098	0.9528002	0.9554374
1.013812	0.4590947	0.6110939	0.6137991	0.6164643
1.012954	0.4593311	0.6111937	0.6137162	0.616227
1.012045	0.4595825	0.6112994	0.613653	0.6162008
1.011143	0.459828	0.6110437	0.6135812	0.6160743
1.01024	0.4600993	0.6108185	0.6135021	0.6160227
1.009384	0.4603509	0.6108575	0.6134134	0.6159358
1.008493	0.4605774	0.6109458	0.6133534	0.6158723
1.007601	0.4608263	0.6105652	0.6132682	0.6158082
1.00672	0.4610684	0.6108751	0.6131932	0.6158653
1.005879	0.4613026	0.6106868	0.6131178	0.6155966
3.540221	0.08031279	0.9494449	0.9519944	0.9545172
1.005047	0.4615423	0.6106126	0.6130516	0.6155827
1.004162	0.4617952	0.6102658	0.6129519	0.6156676
1.003249	0.4620346	0.6103004	0.612894	0.6154565
1.002348	0.4622701	0.6101049	0.6128274	0.6154301
1.001454	0.4625206	0.610282	0.6127531	0.6153492
1.000553	0.4627537	0.6101484	0.6126981	0.6150755
0.999645	0.4629935	0.6100261	0.6126454	0.6151604
0.9987471	0.4632378	0.6102179	0.6125639	0.615095
0.9978564	0.4634761	0.6099476	0.6124937	0.6150974
0.9970035	0.4637255	0.6100017	0.6124141	0.6150418
3.511941	0.08101758	0.9486252	0.951315	0.9538791
0.9961012	0.4639674	0.6099215	0.6123415	0.6148964
0.995244	0.464216	0.6097515	0.6122766	0.614921
0.9944152	0.4644711	0.6096641	0.6121919	0.6147017
0.9935428	0.4646988	0.6096169	0.6121184	0.6147463
0.9926775	0.4649409	0.6094499	0.6120527	0.6146383
0.9917699	0.4651869	0.6094261	0.6119922	0.6144644
0.9909951	0.465423	0.6095159	0.6119242	0.6145465
0.990122	0.4656592	0.6095075	0.6118474	0.6143518
0.9892635	0.4659137	0.6093618	0.611781	0.6143504
0.9884008	0.4661607	0.6093016	0.6117179	0.6143902
3.485345	0.08169608	0.9480042	0.9505154	0.953022
0.9875891	0.4663893	0.6091601	0.6116545	0.6142292
0.9866932	0.4666337	0.6091067	0.6115802	0.6141726
0.9858231	0.466904	0.6088014	0.6114916	0.6139573
0.9849384	0.4671369	0.6090037	0.6114287	0.613745
0.9840636	0.4673656	0.608792	0.6113834	0.6138328
0.9831796	0.4676101	0.6087436	0.6113073	0.6136857
0.9823087	0.4678403	0.6087608	0.6112529	0.6136951
0.9814681	0.4680847	0.608818	0.6111808	0.6137804
0.9806037	0.4683275	0.6084944	0.6111099	0.6136575
0.9797206	0.468569	0.6084768	0.6110153	0.6134888
3.458102	0.08240376	0.9471112	0.9497437	0.9520488
0.9789092	0.4687887	0.6082502	0.6109557	0.6136201
0.9780512	0.4690233	0.6083244	0.610905	0.6133309
0.9772011	0.4692628	0.6082713	0.6108276	0.613366
0.9763699	0.4694915	0.6082379	0.6107768	0.6131873
0.9755245	0.4697073	0.6081934	0.6107162	0.6133435
0.9746947	0.4699373	0.608136	0.6106596	0.6132636
0.9738492	0.4701685	0.6080697	0.6105945	0.6130712
0.9730578	0.4703836	0.6079722	0.6105303	0.613126
0.9722247	0.4706093	0.6080188	0.6104771	0.613126
0.9713885	0.4708441	0.6080831	0.6104157	0.6127831
3.431134	0.08311066	0.9463151	0.9489146	0.9513821
0.9705069	0.4711005	0.6078587	0.610335	0.612824
0.9696502	0.471322	0.6077854	0.6102704	0.6124991
0.9688061	0.4715506	0.6075577	0.6101918	0.6127434
0.9679802	0.471778	0.6076205	0.6101458	0.6126255
0.9671388	0.4719964	0.6076013	0.6100819	0.6127149
0.9663016	0.4722272	0.6074168	0.610018	0.6123914
0.9654823	0.4724459	0.6075253	0.6099897	0.6126669
0.9646077	0.4726742	0.6075623	0.6099256	0.6122425
0.9637446	0.4729155	0.607244	0.609861	0.6122418
0.9629266	0.4731317	0.6073767	0.6098064	0.6123338
3.406673	0.0838319	0.9455305	0.9480667	0.9505104
0.9620996	0.4733508	0.607107	0.6097316	0.612307
0.9613449	0.4735645	0.6072281	0.6096685	0.6121468
0.9605254	0.473784	0.6073255	0.6096127	0.612244
0.9596689	0.4740048	0.607114	0.6095654	0.6122329
0.9588526	0.4742256	0.60705	0.6095162	0.6120215
0.9580411	0.4744584	0.6068811	0.6094531	0.6119844
0.9572498	0.474667	0.6069725	0.609397	0.611955
0.9564071	0.4748873	0.6068649	0.6093346	0.6119225
0.9555502	0.475121	0.6068402	0.6092742	0.6119571
0.9547125	0.4753439	0.6067877	0.609198	0.6115125
3.383015	0.08457145	0.9447039	0.9472833	0.9499143
0.9539149	0.4755625	0.6067532	0.6091293	0.611839
0.9531086	0.4757793	0.6065002	0.6090684	0.611556
0.9523313	0.4759974	0.6064787	0.609011	0.6117645
0.9515067	0.476222	0.6062989	0.6089401	0.6115145
0.9506907	0.4764584	0.606296	0.6088793	0.6112019
0.9498942	0.4766866	0.6063224	0.6088267	0.6114532
0.9490794	0.4768991	0.6064467	0.6087813	0.6114064
0.9483073	0.4771235	0.6061092	0.6087254	0.6113901
0.9474738	0.4773388	0.6060991	0.6086595	0.6110715
0.9466619	0.4775625	0.6061938	0.6085928	0.6111048
3.358979	0.08530081	0.9439575	0.9464889	0.9491026
0.9458252	0.4777773	0.605992	0.608516	0.6112547
0.9450057	0.477998	0.6059445	0.608456	0.6108304
0.9442224	0.4782163	0.6058173	0.6083983	0.611047
0.9434251	0.4784344	0.6057301	0.6083461	0.6109978
0.9426372	0.4786498	0.6056416	0.6083025	0.6104084
0.9418409	0.4788753	0.6058742	0.6082531	0.6106082
0.9410537	0.4790979	0.6057048	0.6082051	0.611039
0.9402756	0.4793178	0.6056381	0.6081361	0.6108659
0.9394706	0.4795329	0.6056624	0.6080818	0.6103856
0.9386239	0.4797611	0.6055466	0.6080365	0.6103797
3.335842	0.0860079	0.9430022	0.9457172	0.9483008
20.43334	0.01126325	0.9942478	0.9951218	0.9959929
