5355.611	1.55074e-06	0.9999813	0.9999938	1
1.3265	0.1750091	0.7383331	0.7401372	0.741858
0.582165	0.2176087	0.6874288	0.688972	0.6905727
1.704425e-06	0.2484025	0.6544997	0.6558705	0.6573034
6.443808	0.03063159	0.9589221	0.9602888	0.9617029
6.413486	0.03089669	0.9584792	0.9598008	0.9611844
6.383844	0.03116112	0.9579942	0.9593652	0.9606572
6.354313	0.0314106	0.9576095	0.9589516	0.9604163
6.324346	0.03167438	0.9572264	0.9585012	0.9599363
6.295953	0.03193215	0.956725	0.9580435	0.9594625
6.267329	0.03219068	0.9563237	0.957595	0.9589777
6.239666	0.03243912	0.9558866	0.9571625	0.9584094
6.209867	0.03268877	0.9552971	0.9567105	0.9580878
6.183809	0.03293901	0.9549807	0.9562815	0.9576249
24.73161	0.006796211	0.9948594	0.9954751	0.9961499
6.156475	0.03320348	0.9544179	0.9558064	0.9572438
6.128893	0.03344667	0.9540326	0.9553964	0.9567863
6.102327	0.03370413	0.9535446	0.9549561	0.9564196
6.07689	0.03396916	0.9530821	0.9544788	0.9557706
6.051841	0.03423272	0.952486	0.9539968	0.9553087
6.025613	0.03448572	0.9520302	0.9535474	0.9549366
6.00053	0.03474629	0.9517416	0.9531023	0.9544999
5.975798	0.03499772	0.9512309	0.9526778	0.9541226
5.951429	0.03525994	0.9506926	0.9522044	0.9536605
5.927583	0.03551531	0.9501768	0.9517291	0.9531701
22.94484	0.007178788	0.9944562	0.9951895	0.9958417
5.903444	0.03576649	0.9500093	0.9513178	0.9528439
5.880075	0.03601875	0.9495044	0.9509021	0.9522123
5.857239	0.03628125	0.9490638	0.950446	0.9518353
5.834869	0.03652867	0.9485222	0.9500502	0.9514484
5.812157	0.03677988	0.9480837	0.9496232	0.9511045
5.791164	0.03701899	0.9478223	0.9492335	0.950716
5.769561	0.03726367	0.9473102	0.9487958	0.9503368
5.748252	0.03751063	0.9468657	0.9483794	0.9498536
5.727543	0.03775459	0.9463932	0.9479626	0.9495216
5.707052	0.03801059	0.9459408	0.9475145	0.9489289
21.59065	0.007523045	0.9941091	0.9948247	0.9955527
5.685104	0.0382533	0.9456123	0.9470781	0.9486389
5.664517	0.03849492	0.9451675	0.9466305	0.9481087
5.643266	0.03873397	0.9447412	0.9462387	0.9476192
5.622354	0.03897883	0.9443259	0.9458176	0.9471904
5.601776	0.0392204	0.9439747	0.9454006	0.946921
5.582557	0.0394636	0.9435953	0.9449919	0.9464704
5.563298	0.03971576	0.9431209	0.9445707	0.945984
5.542732	0.03995778	0.9426253	0.9441668	0.9456483
5.523816	0.04019796	0.9421307	0.9437203	0.9452532
5.505015	0.0404432	0.9416831	0.9432949	0.9446955
20.38444	0.007837504	0.9937828	0.9945314	0.9952669
5.485988	0.04068209	0.9413011	0.9428926	0.9443601
5.467603	0.04092581	0.9410787	0.9424817	0.9439256
5.449124	0.04116196	0.9404279	0.942068	0.9435152
5.430494	0.041397	0.9400267	0.9416771	0.9432809
5.411958	0.04163143	0.9397443	0.9412666	0.9427756
5.394175	0.04187444	0.9392922	0.9408516	0.9423432
5.376613	0.04210907	0.9388936	0.9404449	0.9419489
5.359151	0.04235063	0.9385558	0.940039	0.9414448
5.342033	0.04258915	0.9381918	0.9396436	0.9411199
5.32517	0.04282539	0.9376335	0.9392525	0.940776
19.36341	0.008153076	0.9934685	0.9942482	0.9949606
5.307789	0.04305814	0.9372489	0.9388589	0.9403582
5.291299	0.04329682	0.9369655	0.9384513	0.9401533
5.2744	0.04351909	0.9365616	0.9380936	0.9396235
5.258233	0.04374607	0.9360857	0.9376956	0.9391778
5.241324	0.04397337	0.9358112	0.937309	0.9389626
5.22515	0.04420488	0.9353394	0.9369199	0.9384343
5.208144	0.04444626	0.9348406	0.9365136	0.9381156
5.192535	0.04468878	0.934511	0.9361036	0.9377262
5.176968	0.04492044	0.9341624	0.9357222	0.9372896
5.161643	0.04513825	0.933683	0.9353569	0.9368833
18.52119	0.008444238	0.993156	0.9939777	0.994732
5.146936	0.04537553	0.9333358	0.9349424	0.9366096
5.131443	0.04559994	0.9328202	0.9345603	0.9361777
5.116136	0.04581857	0.9326347	0.9341922	0.935779
5.100697	0.04604892	0.9322742	0.9337976	0.9353388
5.085999	0.04627979	0.9317875	0.9334057	0.934998
5.071532	0.04650989	0.9314347	0.933009	0.9345342
5.057442	0.046731	0.9311041	0.9326249	0.9340976
5.04316	0.04695859	0.9306216	0.9322459	0.9337412
5.029071	0.0471882	0.9303351	0.9318767	0.9336654
5.015138	0.04740676	0.9298706	0.9315095	0.9331076
17.75134	0.008739495	0.9929526	0.9937064	0.9944443
4.999845	0.04763632	0.9294323	0.9311099	0.9327514
4.985427	0.0478433	0.9290987	0.9307602	0.9324105
4.9715	0.04804692	0.9288119	0.9304011	0.9320738
4.957601	0.04826702	0.9285173	0.9300175	0.9317958
4.944313	0.04848464	0.9281969	0.9296633	0.9313031
4.930884	0.04871011	0.9277639	0.9292946	0.9309222
4.917434	0.04892883	0.9273682	0.9289298	0.9305073
4.903704	0.04915306	0.9269338	0.9285515	0.9300636
4.890526	0.04936773	0.9265	0.9281964	0.9298521
4.877039	0.04958664	0.9261343	0.9278242	0.9293687
17.07756	0.009011274	0.9926229	0.9933829	0.9941206
4.864477	0.04979916	0.92581	0.9274755	0.9291065
4.851599	0.05002101	0.9255465	0.9271089	0.9288329
4.83901	0.05024016	0.9249582	0.9267386	0.9283401
4.826715	0.05046746	0.9246579	0.9263398	0.927961
4.814287	0.050682	0.9242424	0.9259764	0.9275001
4.801517	0.05089029	0.9239804	0.9256199	0.927274
4.789214	0.05109879	0.9236708	0.9252705	0.9267647
4.777611	0.05132374	0.9232105	0.9248829	0.9265779
4.765694	0.05154239	0.9228602	0.9245082	0.9261066
4.753992	0.05175768	0.9224681	0.9241295	0.9258349
16.48052	0.009281386	0.9922392	0.99309	0.9938903
4.742299	0.05196221	0.9221362	0.9237963	0.9254621
4.730188	0.05218091	0.9216985	0.923434	0.9252322
4.719051	0.05238745	0.9214009	0.9230921	0.9247627
4.708069	0.05259288	0.9210081	0.92274	0.9243463
4.697209	0.05280814	0.9207984	0.9223901	0.9239891
4.685379	0.05301176	0.9203507	0.922052	0.9237159
4.673868	0.05323246	0.9201202	0.9217028	0.9234159
4.662627	0.0534428	0.9196106	0.9213431	0.9229145
4.651649	0.05365845	0.9192785	0.9209937	0.9227277
4.640567	0.05387991	0.9189648	0.9206251	0.9223128
15.93839	0.009546721	0.9919612	0.9928217	0.9936805
166.6655	0.001319966	0.9991959	0.9994253	0.9996473
4.629709	0.05409531	0.9186178	0.920246	0.9220279
4.618667	0.05429281	0.9183193	0.9199258	0.9215239
4.608252	0.05450169	0.9180146	0.9195857	0.9212378
4.597521	0.05469955	0.9176095	0.919272	0.9209958
4.586852	0.05490876	0.9170801	0.9189061	0.9205956
4.576368	0.05511423	0.9168528	0.9185899	0.920219
4.56596	0.05532289	0.9165689	0.9182651	0.9199855
4.555613	0.05553442	0.9161677	0.9178689	0.9195785
4.545466	0.05574664	0.9157506	0.9175139	0.9191451
4.534823	0.05594769	0.9155795	0.9171719	0.9188121
15.44308	0.009828978	0.991636	0.9924987	0.9933367
4.523528	0.05615258	0.9151544	0.9168364	0.9184074
4.513478	0.05635854	0.914754	0.9164815	0.9181308
4.503767	0.05656582	0.9144308	0.9161182	0.9178792
4.494154	0.05677225	0.9139991	0.9157577	0.9174965
4.484344	0.05697571	0.9137474	0.9154234	0.9171076
4.474165	0.05717262	0.9133683	0.9151046	0.9168275
4.464327	0.05737367	0.9130439	0.9147762	0.9164566
4.454658	0.05757961	0.9127088	0.9144485	0.9160385
4.444583	0.05778533	0.9124051	0.9140921	0.915894
4.434649	0.05798565	0.9120711	0.9137558	0.915392
15.01487	0.01008241	0.9913342	0.9922365	0.99302
4.424896	0.05818689	0.9117131	0.9134269	0.9150771
4.415693	0.05838705	0.9113245	0.9130711	0.9148088
4.405807	0.05858177	0.9108854	0.912742	0.9143839
4.396686	0.05878775	0.910478	0.9123993	0.9140815
4.38684	0.05898533	0.9104022	0.9120877	0.9136855
4.377251	0.05919699	0.9098732	0.9117453	0.9134903
4.368128	0.05939921	0.9095831	0.9114191	0.9131
4.358789	0.05959908	0.909395	0.9110677	0.9127547
4.349355	0.05981302	0.909026	0.9107137	0.912384
4.340225	0.06001349	0.9087371	0.9103803	0.9121017
14.57132	0.01033187	0.9910748	0.9919689	0.9928034
4.330848	0.06020163	0.9082945	0.9100368	0.911793
4.32169	0.06040121	0.9079784	0.9096969	0.9113816
4.312595	0.06059889	0.9076369	0.9093673	0.9110978
4.303626	0.06079091	0.9073114	0.9090437	0.910685
4.294546	0.06098966	0.9068847	0.9086848	0.9103594
4.285388	0.06118695	0.9065776	0.9083464	0.9101414
4.276297	0.06137713	0.9061549	0.9080185	0.9096843
4.267446	0.06158676	0.9060154	0.9076646	0.909262
4.258784	0.06177742	0.9056768	0.9073508	0.9089928
4.250102	0.0619728	0.9053124	0.9070324	0.9088287
14.16936	0.01058211	0.9908148	0.9917103	0.9925717
4.241167	0.06215593	0.9049663	0.9067365	0.9084139
4.232662	0.06235969	0.9047457	0.9064054	0.90826
4.22395	0.06254476	0.9043593	0.9060995	0.9078878
4.215235	0.06273347	0.9039577	0.9057882	0.9075979
4.206489	0.06292384	0.9035156	0.9054683	0.9070361
4.19788	0.06311985	0.9032796	0.9051489	0.9069204
4.189294	0.06331865	0.9029271	0.9048086	0.9066903
4.180955	0.06351748	0.9026836	0.9044734	0.9062385
4.172655	0.06370691	0.9024882	0.9041515	0.9058869
4.164402	0.06389945	0.9019252	0.9038266	0.905562
13.81299	0.01082846	0.9904861	0.9914223	0.9923531
4.155556	0.06409318	0.901672	0.9034928	0.9052321
4.147248	0.06428117	0.9014237	0.9031778	0.9050218
4.138946	0.06448242	0.9010554	0.9028355	0.9045404
4.130669	0.06467125	0.9007745	0.9025087	0.9042086
4.122399	0.06486826	0.9004101	0.902172	0.9039092
4.114086	0.06506838	0.8999468	0.9018426	0.9035957
4.105971	0.06526587	0.8998282	0.9015239	0.9030957
4.097806	0.06547116	0.8994733	0.901168	0.9029272
4.089537	0.06567501	0.8990237	0.9008451	0.902587
4.081001	0.06587392	0.8987472	0.9005102	0.9022973
13.46435	0.01107795	0.990186	0.9911388	0.9919693
4.072871	0.06607193	0.898412	0.9001803	0.9018947
4.064813	0.06626738	0.8980474	0.8998482	0.901884
4.056974	0.0664629	0.8977233	0.8995465	0.9012418
4.048801	0.06665494	0.8973615	0.8992317	0.9009961
4.040851	0.06684557	0.8971529	0.8989137	0.900555
4.032808	0.06704744	0.8968689	0.8985772	0.9003137
4.024795	0.06724461	0.896472	0.898254	0.8999548
4.016758	0.06743478	0.8961425	0.8979653	0.8997128
4.008908	0.06761339	0.8957658	0.897665	0.8994215
4.001	0.06780802	0.8956932	0.8973513	0.8990894
13.15493	0.0113208	0.9899702	0.9908339	0.9917652
3.993158	0.06800656	0.8950182	0.8970316	0.8989557
3.984953	0.06819914	0.8948634	0.896731	0.8985673
3.977007	0.06839405	0.8945676	0.896414	0.8981719
3.968986	0.06859808	0.8942409	0.89609	0.8978319
3.960936	0.06878212	0.8938639	0.8957722	0.8975791
3.953101	0.06897742	0.8936544	0.8954646	0.8972963
3.945439	0.06917259	0.8934219	0.8951583	0.896973
3.937717	0.06936833	0.8930737	0.8948501	0.8967958
3.930015	0.06956669	0.8927522	0.8945305	0.8962907
3.922819	0.06976373	0.8924119	0.8942182	0.8959994
12.87197	0.01156912	0.9896198	0.9905167	0.9913798
3.915502	0.06995679	0.8920773	0.8939083	0.8957144
3.907759	0.07013838	0.8918736	0.8936178	0.8953739
3.899939	0.07033242	0.8915052	0.8932948	0.8951674
3.892176	0.07052512	0.8912783	0.8929892	0.8947997
3.88492	0.07072257	0.8907742	0.892674	0.8945651
3.877418	0.07090444	0.890617	0.8923809	0.8941545
3.870026	0.07109529	0.8903348	0.8920684	0.8938453
3.862657	0.07128961	0.8898063	0.8917332	0.8935417
3.855076	0.07147402	0.8896704	0.8914312	0.8932406
3.847654	0.0716702	0.8893968	0.8910997	0.8928961
12.60074	0.01180249	0.9892058	0.9902331	0.9911332
3.840587	0.07187493	0.8889231	0.8907546	0.8924874
3.833192	0.07206759	0.8886109	0.8904489	0.8922514
3.825955	0.07226221	0.8882981	0.8901243	0.8921516
3.818435	0.07245739	0.8879275	0.8898093	0.8916911
3.811339	0.07263842	0.8876213	0.8895145	0.8913159
3.8043	0.07282922	0.887387	0.8892061	0.8909174
3.79694	0.07302098	0.8869684	0.888899	0.890712
3.789847	0.07321003	0.8867221	0.888602	0.8903529
3.782953	0.07340079	0.8864929	0.8882883	0.8901782
3.775356	0.07358814	0.8862761	0.8879848	0.8897405
12.34557	0.01203967	0.9890121	0.9899569	0.9908709
91.02953	0.002262743	0.9985598	0.9989182	0.9992116
3.768474	0.07378001	0.88583	0.887675	0.8895979
3.761384	0.07397332	0.885627	0.8873486	0.8890947
3.754098	0.07415646	0.8851933	0.8870315	0.888889
3.747193	0.07435205	0.8847963	0.8867141	0.8884538
3.740124	0.07453925	0.884578	0.8864162	0.8882222
3.733081	0.0747376	0.8842844	0.8860748	0.888047
3.725971	0.07492447	0.8836809	0.8857634	0.8876231
3.719289	0.07511532	0.8834934	0.8854548	0.8871931
3.712268	0.07530512	0.883319	0.8851513	0.8870262
3.705521	0.07549373	0.8828943	0.8848405	0.8866813
12.11256	0.01228745	0.9887362	0.9896615	0.9905403
3.698832	0.0756794	0.8827402	0.8845483	0.8863954
3.691649	0.07587262	0.882296	0.8842451	0.8860546
3.685137	0.07607036	0.8821608	0.883941	0.885734
3.678227	0.07626023	0.8817964	0.8836397	0.8855705
3.671509	0.07645774	0.881518	0.8833201	0.8851029
3.664703	0.07664169	0.8811892	0.8830292	0.8848707
3.658037	0.07682555	0.8807739	0.8827323	0.8846358
3.651314	0.07701675	0.8804733	0.8824282	0.8842792
3.644511	0.07720767	0.8803585	0.8821526	0.8840204
3.637668	0.07739771	0.8800024	0.8818355	0.8836802
11.89222	0.01253385	0.9883685	0.989351	0.9902511
3.630927	0.07758978	0.8795757	0.8815252	0.8834433
3.62416	0.07777504	0.8793241	0.8812153	0.8830553
3.617569	0.07795819	0.8789711	0.8809131	0.8825584
3.610895	0.07814889	0.8787212	0.8805904	0.8824934
3.604376	0.07833752	0.8785458	0.8802912	0.8821844
3.597628	0.07852263	0.8782118	0.8800014	0.8818073
3.591147	0.07871379	0.8777741	0.879683	0.8815011
3.584522	0.07889311	0.8773913	0.8793949	0.881194
3.578291	0.0790811	0.876945	0.8790955	0.8809991
3.571891	0.07926959	0.877037	0.8788145	0.8806506
11.66911	0.01276544	0.9881262	0.9890812	0.9899542
3.565089	0.07946727	0.8765441	0.8784857	0.8803255
3.558715	0.07965193	0.8763027	0.8781778	0.8800848
3.552337	0.07984169	0.8759959	0.877856	0.8797831
3.546055	0.08003341	0.8756472	0.8775465	0.8795113
3.539655	0.08022411	0.8754185	0.877239	0.8790617
3.533273	0.08040691	0.87503	0.8769417	0.8788162
3.527045	0.08058569	0.8746195	0.8766784	0.8784851
3.520708	0.08078841	0.8745709	0.8763524	0.8781757
3.514452	0.08097965	0.8741719	0.8760551	0.8778332
3.508347	0.08116421	0.8738369	0.8757532	0.8776643
11.46237	0.01300638	0.9878079	0.9887735	0.9896882
3.502129	0.08134628	0.8735475	0.875486	0.8773675
3.495724	0.08152652	0.8733481	0.8751947	0.8770562
3.489621	0.08170459	0.8729447	0.8749011	0.8768131
3.483321	0.08188801	0.8725975	0.8746049	0.8765683
3.477376	0.08207146	0.8725571	0.8743177	0.8761704
3.471196	0.08225179	0.8721463	0.8740272	0.8758782
3.464708	0.08244309	0.8717657	0.8737134	0.8755809
3.458633	0.08262873	0.8715535	0.8734398	0.8752795
3.452423	0.0828092	0.8711579	0.8731705	0.8749401
3.446416	0.08299178	0.8709976	0.8728777	0.8746213
11.26404	0.01324979	0.9874378	0.9884437	0.9893633
3.440586	0.08318727	0.8707598	0.872561	0.8745048
3.434487	0.08337408	0.8702699	0.872276	0.8742965
3.428435	0.08356062	0.8702	0.8719633	0.8740203
3.422345	0.0837446	0.8698455	0.8716776	0.8736686
3.416444	0.08392554	0.8693114	0.8713871	0.8732511
3.410471	0.08411649	0.8691213	0.8711128	0.8729231
3.404382	0.08430389	0.8688909	0.8708064	0.872608
3.398599	0.08448372	0.8686945	0.8705157	0.87238
3.392732	0.08466946	0.8683647	0.8702369	0.8721813
3.386608	0.08484914	0.8681056	0.8699393	0.8717287
11.08194	0.01350515	0.9871072	0.988079	0.9890209
3.380661	0.08502716	0.8679103	0.8696468	0.8715651
3.374765	0.08519867	0.8675897	0.869364	0.8712829
3.369061	0.08537386	0.8672376	0.8690828	0.8709409
3.363065	0.0855579	0.8668089	0.8687961	0.8704969
3.357023	0.08574721	0.8668801	0.868501	0.8702759
3.351141	0.08593209	0.8662597	0.8681988	0.8701776
3.345302	0.0861176	0.8660356	0.8679196	0.8696706
3.339264	0.08629388	0.8657066	0.8676373	0.8694701
3.333346	0.086477	0.8654661	0.8673454	0.8691498
3.327388	0.08664925	0.8652146	0.8670782	0.8690334
10.91095	0.0137706	0.9867828	0.9877147	0.9886148
3.321654	0.0868378	0.8649368	0.8667885	0.8686133
3.315902	0.08703022	0.8647986	0.8664862	0.8683961
3.310066	0.0872059	0.8644769	0.8662209	0.868057
3.30445	0.08738662	0.8639391	0.8659228	0.8678731
3.298904	0.08756679	0.8636752	0.8656374	0.8674921
3.293118	0.08774225	0.8634853	0.8653516	0.8672219
3.287682	0.08792939	0.86323	0.8650513	0.8669551
3.282153	0.08810751	0.8629582	0.8647673	0.8665723
3.276509	0.08827568	0.8625054	0.8645013	0.8663061
3.271149	0.08845445	0.8623417	0.8642238	0.8661857
10.74205	0.01401998	0.9863337	0.9873475	0.9884148
3.265698	0.08862851	0.862118	0.863952	0.8656829
3.260222	0.0887974	0.8617563	0.8636796	0.8656132
3.254803	0.08898101	0.8615664	0.8634095	0.8653332
3.24939	0.08916759	0.8611431	0.8631209	0.8650517
3.243989	0.08935577	0.8608784	0.8628323	0.8646602
3.238656	0.08953746	0.860576	0.8625348	0.8644507
3.233102	0.08971337	0.8602718	0.8622643	0.8641529
3.22783	0.08988708	0.860021	0.8619993	0.8639707
3.222519	0.09007053	0.8598632	0.861712	0.8635625
3.217202	0.09025184	0.859521	0.8614185	0.863236
10.57915	0.01429539	0.9859408	0.9869681	0.9878856
3.211648	0.09042399	0.8591659	0.8611432	0.8630053
3.206482	0.09060948	0.8589681	0.8608579	0.86289
3.201246	0.09078315	0.8585206	0.8605825	0.8625301
3.19607	0.09096104	0.8584458	0.8603061	0.8620761
3.190881	0.09114139	0.8580952	0.8600308	0.861989
3.185507	0.09132359	0.8577987	0.8597325	0.861698
3.180138	0.09150702	0.8575412	0.8594082	0.8613172
3.174891	0.09168109	0.8571811	0.8591319	0.861116
3.169446	0.09184361	0.8569746	0.858884	0.8608079
3.164336	0.09201224	0.8567024	0.8586167	0.8605231
10.42491	0.01456075	0.9856286	0.9865684	0.9875418
64.52666	0.003036987	0.9978674	0.9982853	0.9986995
3.159199	0.09218471	0.8564313	0.858348	0.8603651
3.15408	0.09235655	0.8561234	0.8580767	0.8600416
3.14882	0.09253312	0.8558096	0.8577953	0.8596398
3.143568	0.09271177	0.8556961	0.8575139	0.8593731
3.138315	0.09289319	0.8554135	0.8572319	0.859161
3.13328	0.09308058	0.8550799	0.8569296	0.858943
3.12825	0.09325307	0.8548642	0.8566569	0.8586237
3.123468	0.09342618	0.8544757	0.8563826	0.8582025
3.118372	0.09360157	0.8541709	0.8561203	0.8580272
3.113446	0.093774	0.8539462	0.8558555	0.8577465
10.28255	0.01482346	0.9852233	0.9862016	0.9871847
3.108535	0.09394724	0.8536571	0.8555857	0.8573566
3.103394	0.09411852	0.8532804	0.8553056	0.8572223
3.098413	0.09429448	0.8531176	0.8550119	0.8570125
3.093472	0.09446303	0.8529303	0.8547466	0.8565051
3.088543	0.09462772	0.852507	0.854482	0.8562566
3.083744	0.09480449	0.8523491	0.8542055	0.8561775
3.07909	0.09497178	0.852068	0.8539485	0.8560969
3.074135	0.09513844	0.851905	0.8536808	0.8556962
3.06931	0.09531426	0.8514255	0.8534024	0.855411
3.064682	0.0954929	0.8511659	0.8531369	0.8550281
10.14361	0.01509243	0.9847596	0.9858207	0.9867313
3.060058	0.09566208	0.8508785	0.8528743	0.8547217
3.055427	0.09583096	0.8508059	0.8526185	0.8544427
3.050568	0.09600237	0.8503461	0.8523418	0.8544794
3.045763	0.09616695	0.8501279	0.8520711	0.853846
3.040999	0.0963298	0.8497899	0.8518088	0.8536971
3.036007	0.09649622	0.849735	0.8515598	0.8533783
3.03122	0.09665903	0.8494513	0.8513094	0.8531485
3.026491	0.09682192	0.8491642	0.8510513	0.8530364
3.021423	0.09698857	0.8487394	0.850784	0.8527773
3.016722	0.09716015	0.848693	0.8505233	0.8525446
10.00987	0.01534362	0.9844534	0.9854707	0.9864787
3.012188	0.09731913	0.848508	0.8502888	0.8520948
3.007603	0.09748971	0.8480884	0.8500398	0.8519866
3.002814	0.09765427	0.8479574	0.849793	0.8518074
2.998215	0.09783009	0.8475662	0.8495209	0.8513305
2.993556	0.09799773	0.8474065	0.8492656	0.8511087
2.988908	0.09816663	0.8469932	0.8490028	0.8509976
2.984294	0.09833205	0.8467786	0.8487566	0.8506562
2.979517	0.09849818	0.8466786	0.8484926	0.8505914
2.974949	0.09866586	0.8463083	0.8482337	0.8501651
2.970434	0.09883472	0.8460521	0.8479793	0.8498199
9.879539	0.01560368	0.9840432	0.9850682	0.9860913
2.965723	0.09899291	0.84589	0.8477307	0.8497115
2.960927	0.09915308	0.8455783	0.8474931	0.849431
2.956132	0.09931456	0.8451398	0.8472568	0.8491855
2.951616	0.09947676	0.8450059	0.8470165	0.8488883
2.947063	0.09964303	0.8448476	0.8467819	0.8487675
2.942461	0.09981023	0.8444384	0.8465161	0.8484746
2.938097	0.09997586	0.8442864	0.8462572	0.8480384
2.933503	0.1001417	0.844062	0.8460051	0.847907
2.929054	0.1003073	0.8439199	0.8457412	0.8476419
2.92439	0.1004696	0.8434911	0.8454975	0.8473464
9.759666	0.01586658	0.9835872	0.984644	0.9856417
2.91997	0.1006321	0.8431511	0.8452405	0.8471365
2.915441	0.1008055	0.8430247	0.8449831	0.8467919
2.910907	0.100975	0.8428491	0.8447244	0.8467988
2.906341	0.1011431	0.8424559	0.8444782	0.8463597
2.901988	0.1013016	0.8422993	0.8442313	0.8462208
2.897611	0.101456	0.8421294	0.843996	0.8458766
2.893161	0.1016134	0.8418529	0.8437662	0.8457126
2.888856	0.1017777	0.8417627	0.843511	0.8454171
2.884235	0.1019412	0.841184	0.8432598	0.8451177
2.879994	0.1021061	0.8411031	0.8429945	0.8449654
9.635743	0.01611831	0.9832773	0.9842684	0.9853096
2.875724	0.1022712	0.8408452	0.8427435	0.8445722
2.871305	0.1024285	0.8406662	0.8425054	0.8444958
2.867018	0.1025911	0.840303	0.8422526	0.8441917
2.862724	0.1027546	0.8400568	0.8420169	0.8438869
2.858393	0.1029163	0.8400307	0.8417632	0.8436883
2.853976	0.1030876	0.8395294	0.841501	0.8434746
2.849751	0.1032504	0.8393268	0.8412502	0.8432305
2.84541	0.1034102	0.8389671	0.8410053	0.842921
2.841078	0.1035727	0.8388314	0.8407412	0.8424386
2.836941	0.1037376	0.8385591	0.840491	0.84249
9.518351	0.01638636	0.9828502	0.9838751	0.9849369
2.832574	0.1039113	0.8383022	0.8402195	0.8421502
2.828327	0.1040758	0.8380006	0.8399741	0.8418488
2.824241	0.1042385	0.8377717	0.8397306	0.8416748
2.820107	0.1043954	0.8374458	0.8394964	0.8414166
2.815999	0.1045568	0.8372248	0.8392518	0.8411767
2.811736	0.1047129	0.8370072	0.8390077	0.84083
2.807699	0.1048746	0.8367715	0.8387646	0.840538
2.803584	0.1050347	0.8364981	0.8385078	0.8403263
2.799284	0.1052025	0.8362993	0.8382487	0.8401442
2.795252	0.105373	0.8360883	0.8380036	0.8398275
9.405876	0.01665569	0.9822943	0.983438	0.9844063
2.791061	0.1055352	0.8357332	0.8377543	0.8397315
2.78711	0.1056872	0.8353147	0.8375214	0.8394667
2.783024	0.1058457	0.8353021	0.8372886	0.8392418
2.778715	0.1060066	0.8351052	0.8370498	0.8390767
2.7746	0.1061611	0.8349348	0.836794	0.8387828
2.770646	0.1063224	0.8347375	0.8365444	0.8383124
2.766495	0.1064816	0.8343973	0.8363151	0.8382488
2.76241	0.1066442	0.8342582	0.8360772	0.8381239
2.758282	0.1068034	0.833919	0.8358338	0.8377394
2.754192	0.1069632	0.8336749	0.8355913	0.8374484
9.296324	0.01692604	0.9818895	0.9830315	0.9840114
2.750149	0.107123	0.8333019	0.8353431	0.83717
2.746073	0.1072852	0.8330907	0.8350806	0.8371496
2.741878	0.107438	0.8328808	0.8348444	0.8367312
2.737583	0.1075998	0.8325065	0.834584	0.8364574
2.733497	0.1077497	0.8326018	0.8343627	0.8362192
2.729486	0.1079082	0.8322398	0.8341121	0.8360213
2.725437	0.1080629	0.8320032	0.8338754	0.835897
2.721271	0.1082147	0.8316088	0.8336476	0.835609
2.717323	0.108367	0.83158	0.8334304	0.8352725
2.713347	0.1085213	0.8311211	0.8332015	0.835052
9.191553	0.0171875	0.9815627	0.9826086	0.9837468
50.9409	0.003749621	0.9972944	0.9977919	0.9982398
2.709535	0.1086777	0.8310305	0.8329612	0.8347178
2.70565	0.1088312	0.8308165	0.8327315	0.8346212
2.701661	0.1089856	0.8305977	0.8324867	0.8344623
2.697738	0.1091441	0.8302648	0.8322499	0.8343252
2.693953	0.1092908	0.8299045	0.8320293	0.8338148
2.689955	0.1094428	0.8298936	0.8317957	0.8336344
2.686086	0.1096	0.8296237	0.8315661	0.8334604
2.682175	0.1097598	0.8292689	0.8313117	0.8334024
2.678413	0.1099136	0.829057	0.8310864	0.8329949
2.674557	0.1100757	0.8289377	0.8308549	0.8328213
9.088261	0.01746403	0.9810493	0.9821802	0.9832127
2.6708	0.1102263	0.8287254	0.8306166	0.832625
2.666845	0.110383	0.8285826	0.8303995	0.8324507
2.662996	0.1105356	0.8282669	0.8301639	0.8321072
2.659198	0.110694	0.8280822	0.8299286	0.8319363
2.655388	0.1108493	0.8277152	0.8296907	0.8314951
2.651713	0.1110075	0.8274696	0.829453	0.8314774
2.647927	0.1111659	0.8272634	0.8292115	0.8311639
2.644223	0.1113193	0.8271133	0.8289826	0.8309628
2.640412	0.1114675	0.826818	0.8287568	0.8307751
2.636377	0.1116203	0.8265905	0.8285293	0.830356
8.99614	0.01772709	0.9807631	0.9817825	0.982846
2.632631	0.1117768	0.8263792	0.8282951	0.830312
2.62886	0.1119291	0.8261972	0.8280827	0.8300939
2.625107	0.1120787	0.8258492	0.8278563	0.829706
2.621228	0.1122379	0.8256982	0.8276178	0.8295084
2.617427	0.1124046	0.8254241	0.8273682	0.8293598
2.613515	0.1125615	0.8250795	0.8271288	0.8291324
2.609686	0.1127219	0.8250438	0.8268815	0.8287466
2.605892	0.1128733	0.8245588	0.8266434	0.8285099
2.60191	0.1130196	0.8245095	0.8264303	0.8283292
2.59815	0.113176	0.8241844	0.8261839	0.8279462
8.902928	0.01799437	0.9802429	0.981348	0.9825266
2.594372	0.1133353	0.8240969	0.8259446	0.8277008
2.59056	0.1134874	0.8240556	0.8257211	0.8277073
2.586927	0.1136436	0.8234223	0.8254795	0.827221
2.583116	0.1137985	0.8233651	0.8252502	0.8271597
2.579299	0.1139512	0.8230599	0.8250235	0.8269682
2.575521	0.1140998	0.822995	0.8248047	0.8266677
2.571898	0.1142539	0.8225691	0.8245797	0.8265018
2.568262	0.1144048	0.8225165	0.8243469	0.8262362
2.564497	0.1145587	0.8223286	0.8241136	0.82603
2.56077	0.1147064	0.8220331	0.8239012	0.8257362
8.812382	0.01827076	0.9798013	0.9809258	0.9819489
2.557149	0.1148671	0.8216926	0.8236662	0.8256097
2.553479	0.1150106	0.8215076	0.8234362	0.8253996
2.549908	0.1151757	0.821221	0.8231891	0.8251348
2.546248	0.1153297	0.8209678	0.8229644	0.8247862
2.542563	0.1154846	0.8207317	0.8227398	0.8246575
2.538906	0.1156421	0.8205473	0.8224973	0.824395
2.535267	0.1157922	0.8201442	0.8222611	0.8239463
2.531579	0.1159472	0.820046	0.8220397	0.8239086
2.528077	0.116098	0.8198304	0.8218241	0.8237774
2.524292	0.1162619	0.8197172	0.821581	0.8235975
8.724156	0.01852862	0.9792684	0.9805405	0.9816726
2.520669	0.1164119	0.8194131	0.8213571	0.823356
2.517045	0.1165662	0.8193097	0.8211336	0.8230688
2.513271	0.1167273	0.8188628	0.8208882	0.8229158
2.509545	0.1168756	0.8187419	0.8206691	0.8227739
2.505954	0.1170256	0.8186056	0.8204453	0.8224124
2.502334	0.1171869	0.8181371	0.8201975	0.822249
2.498714	0.1173372	0.8179009	0.8199789	0.8218762
2.495013	0.1174925	0.8177266	0.8197599	0.821589
2.491354	0.1176414	0.817611	0.8195304	0.8214091
2.48767	0.1177965	0.8173636	0.8192982	0.8212506
8.641904	0.01879829	0.9789835	0.9800993	0.9812249
2.483911	0.117952	0.8172443	0.8190663	0.8210087
2.480458	0.1181034	0.8169681	0.8188325	0.8208615
2.476962	0.1182613	0.8167046	0.8186008	0.8205569
2.473263	0.1184126	0.8163236	0.8183738	0.8204229
2.469501	0.1185685	0.8162292	0.8181372	0.8200329
2.465835	0.1187266	0.8159975	0.8179064	0.8198646
2.462284	0.1188853	0.8157833	0.8176738	0.8193954
2.458736	0.1190381	0.8156679	0.8174422	0.8193336
2.455294	0.1191904	0.8153097	0.8172112	0.8190944
2.45181	0.1193475	0.8150415	0.8169735	0.8189043
8.561328	0.01906732	0.9786472	0.9796783	0.9807767
2.448334	0.1194964	0.814759	0.8167539	0.8187175
2.444914	0.119652	0.8145761	0.8165314	0.8185063
2.441195	0.1198034	0.814298	0.8163063	0.8182847
2.437793	0.1199551	0.8142141	0.8160841	0.8180301
2.434107	0.12011	0.8138232	0.8158425	0.8178449
2.430777	0.1202618	0.8136894	0.8156302	0.8174658
2.427133	0.1204139	0.8133413	0.8154174	0.8172925
2.423627	0.1205677	0.8132411	0.8151821	0.8172206
2.420147	0.1207167	0.8129303	0.8149675	0.8168129
2.41664	0.1208739	0.8128501	0.8147472	0.8166275
8.483186	0.01935163	0.9780385	0.9792104	0.9803073
2.41299	0.121021	0.8125416	0.8145269	0.8163464
2.409496	0.1211715	0.8124556	0.8142974	0.8161281
2.406067	0.1213247	0.8120323	0.8140723	0.8158511
2.402712	0.1214768	0.8120419	0.8138469	0.8158357
2.399165	0.1216274	0.8117004	0.8136284	0.8155911
2.395731	0.1217695	0.8114733	0.8134108	0.8153659
2.392226	0.1219141	0.8113814	0.8131897	0.8151234
2.388772	0.1220692	0.8110207	0.8129548	0.8148314
2.385398	0.1222187	0.8108579	0.8127256	0.8146428
2.381933	0.122358	0.8105661	0.8125292	0.8144283
8.403378	0.01961738	0.9776897	0.978793	0.9798905
2.378321	0.1225017	0.8103176	0.8123149	0.8143112
2.375006	0.1226553	0.8102943	0.8121025	0.8140098
2.371489	0.1228059	0.8099096	0.811882	0.8137924
2.367911	0.1229601	0.8097123	0.8116529	0.8136116
2.364386	0.1231155	0.8093928	0.8114139	0.8132708
2.360872	0.123266	0.8092254	0.8111917	0.8132139
2.357424	0.1234204	0.809048	0.8109639	0.8127533
2.353825	0.1235734	0.8089079	0.8107356	0.812729
2.350415	0.1237272	0.8085598	0.8104992	0.8123498
2.346938	0.1238787	0.8084947	0.8102759	0.812138
8.328593	0.01987499	0.9772131	0.9783611	0.9794685
42.81565	0.004357423	0.9968246	0.9973616	0.9978273
2.343519	0.1240356	0.8081689	0.8100492	0.8120588
2.340089	0.1241828	0.8079258	0.8098337	0.8117195
2.336841	0.1243279	0.8077295	0.8096256	0.8115384
2.333508	0.1244803	0.8074187	0.8094052	0.8113288
2.330116	0.1246325	0.8071531	0.8091656	0.8110519
2.326665	0.124775	0.8070238	0.8089584	0.810825
2.323321	0.1249204	0.8068109	0.8087563	0.8105712
2.319879	0.1250666	0.8066582	0.8085453	0.8103521
2.316646	0.1252119	0.8065606	0.8083376	0.8102133
2.313215	0.1253622	0.8062139	0.8081073	0.8100405
8.255848	0.02015064	0.976838	0.9779298	0.9790321
2.309797	0.1255112	0.8059294	0.8078843	0.8098125
2.306384	0.1256588	0.8057392	0.8076782	0.8096036
2.303001	0.1258047	0.8055557	0.8074633	0.8094223
2.299705	0.1259519	0.8053305	0.8072591	0.8092351
2.296408	0.1260966	0.8051672	0.8070392	0.8090388
2.29319	0.126239	0.8049906	0.8068468	0.8088226
2.289793	0.1263897	0.8046763	0.8066387	0.8086913
2.286546	0.1265331	0.8045436	0.806433	0.8084163
2.283183	0.1266813	0.8043756	0.8062085	0.8081111
2.279843	0.1268316	0.8040423	0.8059799	0.8080696
8.184746	0.0204215	0.9763412	0.9774879	0.978681
2.276525	0.1269808	0.8038042	0.8057647	0.8076131
2.273013	0.1271308	0.8036083	0.8055457	0.8073679
2.26968	0.1272765	0.8034503	0.8053375	0.8072338
2.266465	0.1274252	0.8031871	0.8051205	0.806993
2.263167	0.1275703	0.8029179	0.8049099	0.8069034
2.259847	0.1277301	0.8027648	0.8046571	0.8064276
2.25651	0.1278784	0.8025433	0.804448	0.8063141
2.25318	0.1280303	0.8024306	0.8042291	0.8060191
2.249989	0.1281663	0.802164	0.8040248	0.8058699
2.246665	0.1283083	0.8019416	0.8038205	0.8058236
8.115552	0.02069671	0.9758582	0.9770202	0.9781728
2.243624	0.1284542	0.8017856	0.8036018	0.8054489
2.240489	0.1286061	0.8015666	0.8034011	0.8053491
2.237165	0.1287505	0.8012572	0.8031902	0.8051055
2.233857	0.1289005	0.8009751	0.8029669	0.8049499
2.230599	0.1290457	0.8007794	0.8027576	0.8047571
2.227541	0.1291909	0.8007051	0.802548	0.8044255
2.224268	0.1293401	0.8004648	0.8023226	0.8041476
2.220907	0.129488	0.8000512	0.8021076	0.8041369
2.217758	0.129627	0.80007	0.8019134	0.803881
2.214437	0.1297741	0.7998641	0.801716	0.803615
8.049155	0.02095538	0.9754276	0.976594	0.9777853
2.211171	0.1299169	0.7995899	0.8015116	0.8035638
2.208021	0.1300657	0.7992826	0.8012987	0.8031723
2.204958	0.1302067	0.7991616	0.8010938	0.8029958
2.201738	0.1303554	0.7989002	0.80088	0.8027443
2.198578	0.1305078	0.7985952	0.8006653	0.8026193
2.19541	0.1306526	0.7986089	0.8004636	0.8023944
2.192126	0.1308053	0.7982297	0.8002357	0.8020877
2.188869	0.1309454	0.7981542	0.8000344	0.8020297
2.18578	0.1310973	0.7978007	0.7998252	0.8017076
2.182653	0.1312359	0.7976864	0.7996269	0.8014826
8	0.02114385	0.9751135	0.9762808	0.9774383
2.179524	0.131386	0.7975726	0.799413	0.8013652
2.176321	0.1315323	0.7972908	0.7992099	0.801084
2.173195	0.1316781	0.7970532	0.7990108	0.8008896
2.170032	0.1318185	0.7969691	0.7988132	0.800608
2.166785	0.1319626	0.7966313	0.7985985	0.8004877
2.163718	0.132099	0.7965198	0.7984126	0.8004374
2.160545	0.1322299	0.7964377	0.7982188	0.8000812
2.157392	0.1323678	0.7960128	0.7980178	0.7999976
2.154203	0.1325059	0.7958228	0.7978225	0.7998646
2.151165	0.1326498	0.795468	0.7976073	0.7994862
7.983915	0.02121662	0.9750749	0.9761518	0.977362
2.147987	0.132796	0.7954217	0.7974007	0.799277
2.1448	0.1329401	0.7953284	0.797191	0.7989655
2.14166	0.1330874	0.7950898	0.7969794	0.798865
2.138552	0.1332391	0.7949077	0.7967705	0.7986949
2.135485	0.1333805	0.7945926	0.7965632	0.79842
2.132433	0.1335136	0.7942454	0.796379	0.7981472
2.129453	0.1336554	0.7942825	0.7961799	0.7982129
2.126403	0.1337951	0.7940083	0.7959826	0.7979234
2.123231	0.1339481	0.7939123	0.7957654	0.7976077
2.120225	0.1340905	0.7935793	0.7955594	0.797559
7.918878	0.02148993	0.9745419	0.9756909	0.9768295
2.117125	0.1342328	0.7935648	0.7953407	0.7972322
2.113999	0.1343741	0.7931462	0.7951361	0.7970903
2.110918	0.1345159	0.7931334	0.7949286	0.7968957
2.107809	0.1346619	0.7925526	0.7947324	0.7968417
2.104628	0.1347993	0.7925554	0.7945411	0.7962929
2.101444	0.1349379	0.7926129	0.7943438	0.796308
2.098431	0.1350875	0.7921597	0.7941304	0.7959694
2.095373	0.1352267	0.7920364	0.7939222	0.7957415
2.092479	0.135369	0.7917589	0.7937139	0.7957102
2.089346	0.1355118	0.7915879	0.7935097	0.795411
7.855288	0.02177339	0.9739457	0.9752279	0.9763552
2.086278	0.1356609	0.7914061	0.7933042	0.7950588
2.083231	0.135799	0.7910284	0.7931165	0.7950217
2.080326	0.1359466	0.7910367	0.7928955	0.7948401
2.077454	0.1360897	0.7908172	0.7927008	0.7947318
2.074595	0.1362273	0.7906897	0.7925105	0.7944059
2.071703	0.136371	0.7903772	0.7923047	0.7941737
2.068594	0.1365104	0.7903371	0.7921009	0.7940729
2.065651	0.1366528	0.7900195	0.7919063	0.7939428
2.062712	0.1367912	0.7897523	0.7917175	0.7937195
2.059898	0.136931	0.7896759	0.7915249	0.7933941
7.797558	0.02205582	0.9736009	0.9747788	0.9758978
2.057108	0.1370654	0.7892958	0.7913314	0.7932627
2.054229	0.1372002	0.7893396	0.7911407	0.7929925
2.051308	0.1373338	0.7888626	0.7909613	0.7928032
2.048327	0.1374758	0.7888337	0.790752	0.7926509
2.045367	0.1376114	0.7887378	0.7905623	0.7924202
2.042433	0.1377533	0.7885792	0.7903594	0.7921816
2.039484	0.1378934	0.7881771	0.7901517	0.7921235
2.036456	0.1380394	0.7881653	0.7899481	0.7917738
2.033482	0.1381799	0.7878591	0.7897547	0.7915585
2.030628	0.138322	0.7876892	0.789561	0.7913083
7.740314	0.02233553	0.9730328	0.9743228	0.9755246
37.12129	0.004949731	0.9963927	0.9969493	0.997499
2.027778	0.1384566	0.7874908	0.7893733	0.7913368
2.024887	0.1385973	0.7873168	0.7891751	0.7910132
2.021973	0.1387389	0.7869806	0.7889725	0.790809
2.019037	0.1388699	0.7869217	0.7887956	0.790751
2.016173	0.1389977	0.7867104	0.7886215	0.790442
2.01335	0.1391366	0.7866174	0.7884294	0.7903715
2.010485	0.1392699	0.7861034	0.7882279	0.7900897
2.007661	0.1394057	0.786107	0.7880326	0.7897732
2.004893	0.1395418	0.7858732	0.7878479	0.789578
2.002114	0.1396745	0.7857786	0.7876542	0.7894939
7.684843	0.02261346	0.9726084	0.9738897	0.9750955
1.999243	0.1398073	0.7855634	0.7874674	0.7893401
1.996602	0.1399475	0.7854306	0.7872695	0.7890195
1.993802	0.1400796	0.7853184	0.7870887	0.7889415
1.99102	0.1402123	0.7849221	0.7868847	0.7887088
1.988254	0.140347	0.7848604	0.7866992	0.7886455
1.985405	0.1404856	0.7846115	0.786507	0.7884563
1.982641	0.1406147	0.7845482	0.7863234	0.7882473
1.979793	0.1407617	0.7842293	0.7861126	0.7880129
1.977043	0.1409022	0.78394	0.7859197	0.787836
1.974344	0.1410391	0.7838177	0.7857372	0.7875639
7.629638	0.02289112	0.9723181	0.973415	0.9747076
1.971629	0.1411776	0.7835868	0.7855514	0.7874081
1.968912	0.1413192	0.7834136	0.7853643	0.7874108
1.966008	0.1414588	0.7832784	0.7851695	0.787043
1.963319	0.1415965	0.7831084	0.7849785	0.7867519
1.960523	0.1417312	0.7826389	0.7847904	0.786762
1.957832	0.1418668	0.7826938	0.7845997	0.7865816
1.955121	0.142002	0.7825376	0.7844106	0.7863673
1.952387	0.142143	0.7823696	0.7842051	0.7860363
1.949607	0.1422808	0.7821493	0.7840192	0.7860052
1.946872	0.1424173	0.7819123	0.783832	0.7857695
7.572701	0.02317502	0.9716855	0.9729464	0.97417
1.944054	0.1425536	0.7817539	0.7836546	0.785542
1.94128	0.1426821	0.7814642	0.7834676	0.7852744
1.938444	0.1428247	0.781315	0.7832638	0.7851465
1.935722	0.1429496	0.7811127	0.7830783	0.7849863
1.932957	0.1430824	0.7809004	0.7828996	0.7847374
1.930117	0.1432185	0.780738	0.782703	0.7845617
1.927197	0.1433497	0.7803783	0.7825214	0.7844763
1.924558	0.1434808	0.780495	0.7823513	0.7842072
1.921946	0.1436185	0.7803634	0.7821713	0.7840539
1.919247	0.1437503	0.780057	0.7819907	0.7839593
7.520618	0.0234518	0.9713483	0.9724707	0.9736209
1.916588	0.1438817	0.7799009	0.7818111	0.7836579
1.913975	0.1440163	0.7797173	0.7816234	0.7835481
1.911195	0.1441501	0.7794999	0.7814299	0.7833976
1.908589	0.1442838	0.7794147	0.7812447	0.7831306
1.905883	0.1444131	0.7791464	0.7810652	0.7829046
1.903193	0.1445446	0.7790137	0.7808848	0.7826586
1.900418	0.1446741	0.7787772	0.7806987	0.7825717
1.897635	0.1448	0.7787295	0.7805143	0.7823272
1.894898	0.1449379	0.7784108	0.7803228	0.782225
1.892182	0.1450768	0.7781468	0.78013	0.7819521
7.467165	0.02371683	0.9709352	0.9720528	0.9732318
1.889596	0.145206	0.7780184	0.7799397	0.7819768
1.886935	0.1453427	0.7779061	0.779755	0.7814841
1.884189	0.1454684	0.7777702	0.7795903	0.781402
1.881442	0.1456078	0.7775864	0.7793918	0.7812024
1.878823	0.1457394	0.7774047	0.7792098	0.7810657
1.876136	0.1458668	0.7771859	0.7790272	0.7809599
1.873554	0.1459949	0.7769643	0.778858	0.7807467
1.870839	0.1461256	0.7766229	0.7786811	0.7804919
1.868096	0.1462648	0.7765511	0.7784912	0.7805073
1.865394	0.1464016	0.7763648	0.7782978	0.7801969
7.415797	0.0239779	0.9703843	0.9716072	0.9727851
1.862693	0.1465277	0.7762066	0.7781154	0.7799299
1.859992	0.1466577	0.7760756	0.7779294	0.7796982
1.857324	0.1467912	0.7758369	0.7777299	0.779613
1.854646	0.1469177	0.7756991	0.7775459	0.7793822
1.851953	0.1470611	0.7753525	0.77735	0.7792847
1.849379	0.1471988	0.7752818	0.777156	0.7791068
1.846739	0.1473389	0.7749076	0.7769573	0.7787568
1.844127	0.147469	0.7749883	0.7767793	0.7787476
1.841531	0.1476019	0.7746174	0.7765968	0.7784385
1.838944	0.1477327	0.7745324	0.7764058	0.7783059
7.367748	0.02424485	0.9698292	0.971165	0.9723026
1.83626	0.147865	0.7743798	0.7762174	0.7780355
1.833569	0.1479957	0.7741455	0.7760355	0.777879
1.830979	0.1481291	0.774015	0.7758611	0.7778302
1.828353	0.1482635	0.7736931	0.775675	0.7777023
1.825755	0.1483966	0.7735238	0.7754961	0.7773094
1.8232	0.1485287	0.7735531	0.7753167	0.7772086
1.820608	0.1486584	0.7732359	0.7751385	0.7768983
1.818028	0.148791	0.7730601	0.77495	0.7767309
1.815489	0.1489245	0.7729806	0.7747628	0.776599
1.812884	0.1490523	0.7727208	0.7745839	0.7764465
7.320016	0.02450692	0.969425	0.9707087	0.9719032
1.810289	0.1491846	0.7726482	0.7744029	0.7763021
1.80768	0.149305	0.7723409	0.7742339	0.7763042
1.805086	0.149438	0.7722342	0.774052	0.7759737
1.802411	0.1495664	0.7718943	0.7738641	0.7757356
1.79989	0.1496996	0.7717402	0.7736905	0.7756532
1.797375	0.149829	0.7715887	0.773507	0.7754701
1.794816	0.1499567	0.771653	0.7733333	0.7753175
1.792319	0.1500802	0.7713701	0.7731749	0.7751223
1.78974	0.1502157	0.7711878	0.7729949	0.7748954
1.787113	0.1503361	0.7709988	0.7728291	0.7747153
7.272856	0.02476461	0.9691062	0.9702835	0.9715077
1.784583	0.1504617	0.7709014	0.7726552	0.7745451
1.78208	0.150596	0.7704605	0.7724686	0.774321
1.779552	0.1507248	0.770354	0.7722824	0.7740287
1.777026	0.1508561	0.7702351	0.7720998	0.7739805
1.774513	0.1509808	0.770135	0.7719403	0.7737202
1.771839	0.1511102	0.769977	0.7717643	0.7736636
1.769272	0.1512402	0.7697215	0.7715889	0.7733991
1.766613	0.1513707	0.7695291	0.7714182	0.7732492
1.764097	0.1515062	0.7693039	0.7712303	0.772988
1.761537	0.1516305	0.7692926	0.7710635	0.7728534
7.225273	0.02504598	0.9685562	0.9698125	0.971004
32.81401	0.005464025	0.9959524	0.9965474	0.9970675
1.759024	0.1517565	0.7689299	0.7708839	0.772768
1.756526	0.1518807	0.7688333	0.7707193	0.7725606
1.754041	0.1520036	0.7686317	0.7705563	0.7723151
1.751399	0.1521441	0.7685071	0.7703647	0.7722454
1.748818	0.15228	0.7683349	0.7701816	0.7723152
1.746446	0.1524112	0.7680143	0.77	0.7719127
1.744068	0.1525353	0.7679032	0.7698355	0.7717705
1.741563	0.1526644	0.7676662	0.7696471	0.7714869
1.739037	0.1527957	0.7674849	0.76947	0.7714486
1.73655	0.1529226	0.7674177	0.7692969	0.7713101
7.183361	0.0253222	0.9681666	0.9693211	0.9705297
1.734059	0.153037	0.7673407	0.7691259	0.7709828
1.731667	0.1531689	0.7670786	0.7689406	0.7707628
1.729235	0.1532917	0.7668809	0.7687686	0.770688
1.726703	0.1534198	0.7666965	0.7685962	0.7704175
1.724413	0.1535474	0.7664664	0.7684175	0.7701564
1.721955	0.1536793	0.7664183	0.7682391	0.7702172
1.719496	0.1538034	0.7662009	0.7680739	0.7700506
1.717165	0.1539338	0.7661462	0.7679021	0.7695144
1.714831	0.1540563	0.7659053	0.7677376	0.7696451
1.712291	0.1541868	0.7657707	0.7675576	0.769438
7.139924	0.02560081	0.9675858	0.9688424	0.9701041
1.709843	0.1543121	0.76564	0.7673845	0.7693224
1.707415	0.1544361	0.7654475	0.7672098	0.7691638
1.704974	0.1545589	0.7651765	0.7670399	0.7689765
1.702565	0.1546904	0.7649804	0.7668662	0.768577
1.7001	0.1548149	0.7647392	0.7666953	0.7684692
1.697754	0.1549503	0.7647227	0.7665054	0.7683635
1.695366	0.1550763	0.7645745	0.7663476	0.7682804
1.693008	0.1552008	0.7643348	0.7661864	0.7681574
1.690608	0.1553301	0.7640344	0.7660076	0.7678505
1.688272	0.1554568	0.7639722	0.7658376	0.7676138
7.097883	0.02587034	0.967098	0.9683814	0.9696094
1.685747	0.1555807	0.7639466	0.76568	0.767544
1.683414	0.1557025	0.7637644	0.7655169	0.7673093
1.680942	0.1558304	0.7634421	0.7653436	0.7672378
1.678535	0.1559515	0.7633268	0.7651731	0.7669991
1.676227	0.1560757	0.7631863	0.7650072	0.7668715
1.673787	0.15619	0.7629679	0.7648622	0.7666603
1.671366	0.1563111	0.762981	0.7647027	0.7664881
1.668992	0.1564332	0.7627303	0.7645392	0.766437
1.666597	0.1565573	0.7626622	0.7643758	0.7663945
1.664219	0.1566873	0.7623423	0.7642021	0.7660935
7.058041	0.02613942	0.966597	0.9679281	0.9691692
1.661971	0.1568116	0.7620604	0.7640291	0.765804
1.659583	0.1569439	0.7620555	0.7638521	0.7656299
1.657219	0.157059	0.761924	0.7636837	0.765514
1.654898	0.1571864	0.7617062	0.7635122	0.7652092
1.652531	0.157307	0.7615089	0.7633563	0.7650529
1.650144	0.1574323	0.7612553	0.7631894	0.7650715
1.647769	0.1575497	0.7611681	0.7630385	0.7649045
1.645389	0.1576749	0.7609088	0.7628781	0.7648088
1.642971	0.1577919	0.7609785	0.7627173	0.7646839
1.640688	0.1579096	0.7607502	0.7625491	0.7643164
7.01614	0.02640642	0.9662338	0.9674853	0.9686014
1.638338	0.1580312	0.7606159	0.7623899	0.7641234
1.636005	0.1581516	0.7604445	0.7622228	0.7639998
1.633704	0.1582707	0.7601249	0.762063	0.7639547
1.631348	0.1583881	0.76006	0.7619051	0.7637685
1.629093	0.158509	0.7598321	0.761746	0.7636047
1.626744	0.1586287	0.7598135	0.7615815	0.7635748
1.624516	0.1587455	0.7594715	0.7614297	0.7631811
1.62224	0.1588694	0.7595148	0.7612585	0.7630608
1.619873	0.1589878	0.7592096	0.7610989	0.7631323
1.617542	0.1591101	0.7590147	0.7609464	0.7627263
6.975483	0.02667624	0.9657506	0.9670222	0.9682772
1.615294	0.1592293	0.758955	0.7607914	0.7627229
1.612876	0.1593449	0.7586738	0.7606333	0.7624664
1.61053	0.1594639	0.758675	0.7604825	0.7624069
1.608343	0.1595841	0.7585447	0.760327	0.7622162
1.606061	0.1597042	0.7582693	0.7601771	0.7620566
1.60374	0.1598225	0.7581912	0.7600154	0.7619615
1.601551	0.1599398	0.7578961	0.7598578	0.7617064
1.599138	0.1600602	0.7579205	0.7596868	0.7615383
1.596916	0.1601827	0.7576517	0.7595207	0.7613798
1.59465	0.1603026	0.7574476	0.7593491	0.7612624
6.934597	0.02693206	0.9652388	0.9665829	0.9679182
1.592477	0.1604199	0.7572822	0.7591903	0.7613059
1.590226	0.1605387	0.7572556	0.7590263	0.7607451
1.587901	0.1606581	0.7570121	0.758863	0.7607347
1.585641	0.1607835	0.7568662	0.758692	0.7606193
1.583426	0.1609071	0.7567768	0.7585293	0.7604471
1.581176	0.1610246	0.75651	0.7583775	0.760258
1.578988	0.1611521	0.7563734	0.7582157	0.760096
1.576831	0.1612812	0.756218	0.7580485	0.759985
1.574645	0.1614008	0.756014	0.7578928	0.759689
1.572422	0.1615184	0.7558443	0.7577294	0.7595301
6.894034	0.02719442	0.9647353	0.966124	0.9673473
1.570129	0.1616369	0.755631	0.757575	0.7593439
1.56781	0.1617544	0.7556935	0.7574232	0.7591005
1.565597	0.1618788	0.7553332	0.7572534	0.7589896
1.563467	0.1620015	0.7552069	0.7570973	0.7588467
1.561231	0.1621224	0.7551585	0.7569372	0.7588182
1.559028	0.1622393	0.7549468	0.756777	0.7585812
1.556855	0.1623609	0.7548525	0.7566113	0.7584248
1.554609	0.1624788	0.754769	0.7564527	0.7583921
1.552432	0.162594	0.7543783	0.7563004	0.7581992
1.550302	0.1627187	0.7542261	0.7561366	0.7581614
6.856658	0.02745081	0.9643353	0.9656759	0.967099
1.548006	0.1628352	0.7541843	0.7559804	0.7579032
1.5458	0.162953	0.7541011	0.7558131	0.7575798
1.543425	0.1630728	0.7538137	0.7556567	0.7575327
1.541253	0.1631872	0.7536948	0.7555048	0.7571943
1.539037	0.1633035	0.7535499	0.7553475	0.7572126
1.536846	0.1634245	0.7533379	0.7551779	0.7570375
1.534711	0.1635407	0.753175	0.7550299	0.7568065
1.532518	0.1636603	0.7531109	0.754865	0.7566464
1.530338	0.1637826	0.7528812	0.7547008	0.7564203
1.528234	0.1638978	0.7527339	0.7545521	0.7563306
6.817542	0.02770636	0.9638368	0.9652298	0.9664483
29.47241	0.005942576	0.9955639	0.996208	0.9967883
1.526022	0.1640133	0.7525527	0.7544094	0.7561683
1.52389	0.1641377	0.7524567	0.7542441	0.7559969
1.521769	0.1642596	0.7522037	0.7540792	0.7558995
1.519573	0.1643775	0.7520677	0.7539237	0.7556252
1.517457	0.1644922	0.7518851	0.7537777	0.7555618
1.515365	0.1646058	0.7518662	0.7536215	0.75548
1.513288	0.1647229	0.7516871	0.7534625	0.7553682
1.511187	0.1648392	0.7514999	0.7533114	0.754969
1.509013	0.1649465	0.7514653	0.7531802	0.7550339
1.506868	0.1650622	0.7511416	0.7530248	0.7548668
6.780791	0.0279554	0.9635244	0.9648292	0.96613
1.504772	0.165172	0.7510609	0.7528826	0.7546228
1.502712	0.165287	0.7507741	0.7527319	0.7546461
1.500593	0.1654021	0.7507973	0.7525804	0.7544109
1.498547	0.1655118	0.7505515	0.7524306	0.7541925
1.496539	0.1656289	0.7504032	0.7522682	0.7540484
1.494386	0.1657487	0.7503035	0.7521121	0.7539762
1.492234	0.165863	0.7500354	0.7519702	0.7538281
1.490199	0.165975	0.7501348	0.7518258	0.7536153
1.488042	0.1660901	0.7498463	0.7516739	0.7534952
1.485961	0.1662124	0.7496934	0.7515087	0.7533467
6.746304	0.02822043	0.9631651	0.9644034	0.9657098
1.483892	0.166332	0.7495557	0.7513609	0.7533226
1.481874	0.1664498	0.7494477	0.7512011	0.7530891
1.47978	0.1665574	0.7493155	0.7510592	0.7530669
1.47775	0.1666673	0.7491905	0.7509132	0.7527082
1.475567	0.1667863	0.7489439	0.7507658	0.7524822
1.473485	0.1669014	0.7488428	0.7506166	0.752517
1.471445	0.1670151	0.7487095	0.750471	0.7523228
1.469283	0.1671277	0.7484333	0.7503265	0.7521015
1.467293	0.1672442	0.7484552	0.7501679	0.7518979
1.465207	0.1673523	0.7481539	0.7500162	0.7517378
6.711031	0.02849455	0.9626247	0.9639397	0.9652599
1.463205	0.1674666	0.7480015	0.7498638	0.7515988
1.461186	0.1675832	0.7480476	0.7497165	0.7515509
1.459177	0.1676959	0.7477181	0.7495688	0.7514251
1.457136	0.1678115	0.7475329	0.7494115	0.751114
1.455035	0.1679266	0.7475885	0.7492736	0.7511557
1.452978	0.1680384	0.7472663	0.7491194	0.7509927
1.450957	0.1681481	0.7473058	0.74898	0.7507645
1.448858	0.1682629	0.7469461	0.7488345	0.7506358
1.446869	0.1683798	0.7467892	0.7486942	0.7504379
1.444845	0.1684958	0.7467364	0.7485474	0.7503485
6.67598	0.02877048	0.9621515	0.9634636	0.9647829
1.442652	0.1686074	0.7464632	0.7484085	0.7501089
1.440679	0.1687136	0.7463871	0.7482719	0.7500232
1.438698	0.1688192	0.7462165	0.7481346	0.7499452
1.436694	0.1689295	0.7461883	0.7479891	0.7500004
1.434697	0.1690382	0.7460642	0.7478397	0.7496942
1.432723	0.1691483	0.7458879	0.7476979	0.7495775
1.430596	0.1692561	0.7456774	0.7475511	0.7493349
1.428525	0.1693645	0.7457589	0.7474119	0.7491553
1.426608	0.1694754	0.7454878	0.7472765	0.7490903
1.42453	0.1695852	0.7454226	0.7471301	0.749043
6.640643	0.02903671	0.9617324	0.9630218	0.9643279
1.422467	0.169699	0.7452411	0.7469863	0.7487115
1.420453	0.1698076	0.7449825	0.74685	0.7486208
1.418451	0.1699208	0.745062	0.7466988	0.7484338
1.416374	0.1700266	0.7448285	0.7465544	0.7484965
1.414403	0.1701433	0.7445696	0.7463946	0.7481694
1.412375	0.1702549	0.7444244	0.7462548	0.7481048
1.410421	0.1703682	0.7443026	0.746109	0.747891
1.408433	0.1704734	0.7440033	0.7459698	0.7476751
1.406373	0.1705839	0.7441183	0.7458318	0.7477628
1.404431	0.1706963	0.7439859	0.7456908	0.747467
6.606675	0.02929585	0.9612451	0.962571	0.9638655
1.402583	0.1708081	0.7438275	0.74554	0.7474044
1.40065	0.1709128	0.7435191	0.7454026	0.7470096
1.39873	0.1710168	0.7434162	0.7452701	0.7471669
1.396679	0.171123	0.7433509	0.745131	0.7468258
1.394799	0.1712278	0.7431939	0.7449878	0.7467623
1.39275	0.1713389	0.7431205	0.7448545	0.7466725
1.390808	0.1714458	0.7429304	0.7447113	0.7465032
1.388859	0.1715539	0.7427964	0.744562	0.7464898
1.386959	0.1716601	0.7427155	0.7444213	0.7461957
1.385071	0.171769	0.7425039	0.7442843	0.7461386
6.572037	0.02956577	0.9607369	0.9620992	0.9634516
1.383204	0.1718745	0.7422636	0.7441496	0.7460806
1.381335	0.1719812	0.7422474	0.7440126	0.7458278
1.379416	0.172084	0.7420729	0.7438738	0.7455263
1.37749	0.1721878	0.7420068	0.7437389	0.7454493
1.375554	0.1722968	0.7419336	0.743599	0.7453169
1.373754	0.1724086	0.7416365	0.743469	0.7451968
1.371872	0.1725153	0.7415572	0.7433319	0.7450146
1.370014	0.1726206	0.7414328	0.7432015	0.7450647
1.368179	0.1727232	0.741404	0.7430723	0.744891
1.366247	0.1728316	0.7411932	0.742928	0.7446837
6.539517	0.02982737	0.9602924	0.9616559	0.9629678
1.364299	0.1729385	0.7409926	0.7427905	0.7445064
1.362395	0.1730386	0.7408928	0.7426575	0.7444222
1.360597	0.1731383	0.7407798	0.7425335	0.7444474
1.358654	0.1732413	0.7407208	0.742393	0.7441454
1.356794	0.1733506	0.7405287	0.7422599	0.7439492
1.354874	0.1734606	0.7402537	0.7421175	0.7439707
1.352954	0.1735652	0.7401966	0.7419783	0.7437643
1.351109	0.1736681	0.7399484	0.7418541	0.7436605
1.349235	0.1737681	0.7398685	0.7417361	0.7435231
1.347313	0.1738729	0.739878	0.7416071	0.7433569
6.506739	0.03008491	0.9598689	0.9612471	0.962565
1.345352	0.1739754	0.7396877	0.7414729	0.7432693
1.343443	0.1740735	0.7395954	0.7413415	0.7432182
1.341498	0.1741761	0.7393218	0.7412118	0.7429094
1.339613	0.1742813	0.7393123	0.7410699	0.742879
1.337717	0.1743828	0.7390611	0.7409348	0.7426489
1.335836	0.1744839	0.7388831	0.7408087	0.7426656
1.333987	0.1745874	0.7388381	0.7406759	0.7423835
1.332064	0.174696	0.7387426	0.7405391	0.7423432
1.33023	0.1748039	0.7385372	0.7404073	0.7421689
1.328397	0.1749057	0.7384943	0.7402738	0.7419844
6.476298	0.03036506	0.959457	0.9607609	0.9621349
26.85445	0.006380897	0.9952138	0.995848	0.9964484
