100	1.679337e-05	0.9999658	0.999972	0.9999774
99.17712	2.878516e-05	0.9999004	0.9999493	0.9999763
98.00039	3.624657e-05	0.9998824	0.9999435	0.9999758
98.00025	3.624657e-05	0.9998828	0.9999435	0.9999759
97.37252	4.061084e-05	0.9998659	0.9999372	0.9999752
96.93106	4.387296e-05	0.9998652	0.9999365	0.9999742
96.93087	4.387296e-05	0.9998663	0.9999365	0.9999747
96.10071	4.706104e-05	0.9998615	0.9999354	0.9999736
95.72366	4.951235e-05	0.9998628	0.9999339	0.999972
95.72339	4.951235e-05	0.9998608	0.9999339	0.9999723
95.23617	5.237152e-05	0.99986	0.9999328	0.9999712
94.72138	5.979711e-05	0.9998272	0.9999273	0.9999678
94.72119	5.979711e-05	0.9998552	0.9999273	0.9999682
93.95295	6.574434e-05	0.9998466	0.9999217	0.9999627
93.55913	7.312984e-05	0.9998437	0.9999173	0.9999583
93.5591	7.312984e-05	0.9998463	0.9999173	0.9999583
93.10056	7.835154e-05	0.9998332	0.9999092	0.9999511
92.75273	8.485543e-05	0.9998291	0.9999027	0.9999445
92.7511	8.485543e-05	0.9998277	0.9999027	0.9999433
92.12107	9.076683e-05	0.9998206	0.999896	0.9999388
91.83889	9.442594e-05	0.9998193	0.9998948	0.9999373
91.83858	9.442594e-05	0.9998184	0.9998948	0.999938
91.42325	0.0001004143	0.9998158	0.9998885	0.9999317
90.87498	0.0001058708	0.9998034	0.9998818	0.9999265
90.87468	0.0001058708	0.9998054	0.9998818	0.9999253
90.60274	0.0001086188	0.999802	0.9998803	0.9999241
90.25192	0.0001128401	0.9998003	0.9998776	0.9999213
90.25138	0.0001128401	0.9997982	0.9998776	0.9999217
89.83574	0.0001181891	0.9997891	0.9998705	0.9999156
89.62088	0.000121159	0.9997958	0.9998691	0.9999136
89.62063	0.000121159	0.9997934	0.9998691	0.9999146
89.29158	0.0001260444	0.9997873	0.999865	0.9999101
89.07754	0.0001307079	0.9997837	0.9998606	0.9999055
89.07679	0.0001307079	0.999781	0.9998606	0.9999065
88.95799	0.0001344213	0.9997777	0.9998582	0.9999058
88.67943	0.0001426712	0.9997631	0.9998474	0.9998941
88.67927	0.0001426712	0.9997571	0.9998474	0.9998944
88.46025	0.0001466084	0.9997473	0.9998417	0.9998889
88.18835	0.0001536409	0.9997521	0.9998327	0.999881
88.18611	0.0001536409	0.9997477	0.9998327	0.9998803
87.91977	0.0001569373	0.9997424	0.9998293	0.9998788
87.73966	0.0001599286	0.9997431	0.9998273	0.9998757
87.73912	0.0001599286	0.9997272	0.9998273	0.9998759
87.32348	0.0001712077	0.9997254	0.9998109	0.9998594
87.00078	0.0001760307	0.9997291	0.9998067	0.9998558
86.99908	0.0001760307	0.9997291	0.9998067	0.9998555
86.8181	0.000181557	0.9997221	0.9998017	0.9998518
86.61065	0.0001889622	0.9996952	0.9997899	0.9998433
86.61034	0.0001889622	0.9997125	0.9997899	0.9998418
86.39825	0.0001924575	0.9996994	0.9997858	0.9998358
86.10953	0.0001996121	0.9996952	0.9997773	0.9998313
86.10833	0.0001996121	0.9996929	0.9997773	0.9998308
85.958	0.0002035709	0.9996977	0.9997759	0.999829
85.646	0.0002120857	0.9996831	0.9997638	0.9998187
85.64567	0.0002120857	0.9996807	0.9997638	0.9998171
85.28802	0.000216927	0.9996675	0.999757	0.9998146
85.13899	0.0002216457	0.9996619	0.9997539	0.9998092
85.13857	0.0002216457	0.9996689	0.9997539	0.9998107
84.92941	0.0002285637	0.9996473	0.9997439	0.9997989
84.74462	0.0002316489	0.9996542	0.9997411	0.9997961
84.74446	0.0002316489	0.9996585	0.9997411	0.9997965
84.53	0.0002373141	0.9996457	0.9997345	0.9997901
84.34759	0.0002429132	0.999639	0.9997271	0.9997837
84.34615	0.0002429132	0.9996418	0.9997271	0.9997835
84.20296	0.0002488011	0.9996346	0.9997191	0.9997752
83.97518	0.0002533702	0.9996232	0.9997146	0.9997717
83.975	0.0002533702	0.9996263	0.9997146	0.9997749
83.84392	0.0002593192	0.9996212	0.9997111	0.9997689
83.73167	0.000264174	0.9996178	0.9997049	0.9997678
83.73061	0.000264174	0.9996189	0.9997049	0.9997675
83.56699	0.0002676594	0.9996136	0.9997019	0.9997636
83.41445	0.0002693515	0.9995971	0.9996999	0.9997619
83.41158	0.0002693515	0.999616	0.9996999	0.9997623
83.11408	0.0002848644	0.9995853	0.9996755	0.999739
83.00962	0.0002885855	0.9995841	0.999672	0.999735
83.00918	0.0002885855	0.9995842	0.999672	0.9997395
82.9123	0.0002927296	0.9995824	0.9996676	0.9997302
82.76376	0.0002982212	0.9995658	0.9996619	0.9997284
82.76258	0.0002982212	0.9995787	0.9996619	0.9997306
82.62166	0.000304064	0.9995608	0.9996549	0.9997233
82.47167	0.0003107948	0.9995489	0.9996459	0.9997177
82.47094	0.0003107948	0.9995565	0.9996459	0.999716
82.36941	0.0003142844	0.9995482	0.9996428	0.999714
82.16866	0.0003234991	0.9995223	0.9996258	0.9997022
82.16652	0.0003234991	0.9995347	0.9996258	0.9996989
81.97342	0.0003306072	0.9995198	0.9996169	0.9996897
81.7622	0.0003415871	0.9994983	0.999603	0.9996752
81.76188	0.0003415871	0.9995048	0.999603	0.9996765
81.65321	0.0003444051	0.9995071	0.9996	0.9996766
81.45105	0.0003549294	0.9994788	0.999585	0.9996582
81.45023	0.0003549294	0.999489	0.999585	0.9996579
81.32396	0.0003603	0.9994878	0.999578	0.9996551
81.18053	0.0003682378	0.9994635	0.9995679	0.9996443
81.17889	0.0003682378	0.9994662	0.9995679	0.9996441
81.07193	0.0003727457	0.9994625	0.9995636	0.9996478
80.94628	0.0003823898	0.9994455	0.9995529	0.9996298
80.9456	0.0003823898	0.9994492	0.9995529	0.9996311
80.78453	0.0003861324	0.9994458	0.9995483	0.9996259
80.65396	0.0003937357	0.999438	0.9995404	0.9996225
80.65217	0.0003937357	0.9994381	0.9995404	0.9996209
80.47163	0.0004024166	0.9994117	0.9995228	0.9996054
80.37921	0.0004084462	0.9994078	0.9995168	0.9996021
80.37881	0.0004084462	0.9994054	0.9995168	0.9996049
80.24401	0.00041323	0.9994069	0.9995109	0.999598
80.03797	0.0004146335	0.9993984	0.99951	0.999592
80.0326	0.0004146335	0.9994011	0.99951	0.9995952
79.80579	0.000441544	0.9993593	0.9994744	0.9995662
79.73112	0.0004454626	0.9993499	0.9994716	0.9995616
79.72988	0.0004454626	0.9993552	0.9994716	0.9995591
79.61274	0.0004523286	0.9993517	0.9994638	0.9995527
79.50778	0.0004575699	0.9993422	0.9994571	0.9995496
79.50549	0.0004575699	0.9993402	0.9994571	0.999554
79.40443	0.0004668238	0.9993237	0.9994488	0.9995426
79.32037	0.000471267	0.9993244	0.9994452	0.9995371
79.32007	0.000471267	0.9993265	0.9994452	0.9995396
79.21182	0.0004799206	0.9993118	0.9994318	0.9995259
79.09885	0.0004889897	0.9992979	0.9994217	0.9995169
79.09614	0.0004889897	0.9993016	0.9994217	0.9995163
78.91324	0.0005047364	0.9992785	0.9994035	0.9995065
78.80394	0.0005083022	0.9992822	0.999397	0.9994927
78.80388	0.0005083022	0.9992638	0.999397	0.999488
78.6708	0.0005173189	0.9992537	0.9993901	0.9994904
78.48746	0.0005268629	0.999249	0.9993774	0.9994791
78.48693	0.0005271744	0.9992482	0.9993774	0.9994796
78.36244	0.0005335143	0.9992351	0.9993696	0.999468
78.19568	0.0005457133	0.9992315	0.9993526	0.9994528
78.19372	0.0005457133	0.9992274	0.9993526	0.9994485
78.05236	0.000554434	0.9992012	0.9993424	0.9994499
77.94326	0.0005631328	0.9992069	0.9993292	0.999427
77.94227	0.0005631328	0.9992102	0.9993292	0.999429
77.85641	0.0005674956	0.999194	0.9993254	0.9994303
77.67654	0.0005864696	0.9991803	0.9993029	0.9994069
77.67578	0.0005864696	0.9991793	0.9993029	0.9994033
77.60667	0.000592794	0.9991631	0.9992946	0.999393
77.51769	0.0005989513	0.9991589	0.999288	0.9993882
77.51746	0.0005989513	0.999155	0.999288	0.9993912
77.43969	0.0006062767	0.9991435	0.9992795	0.9993808
77.36447	0.0006154696	0.9991482	0.9992689	0.9993807
77.36388	0.0006154696	0.9991438	0.9992689	0.9993689
77.28772	0.0006214424	0.9991284	0.9992611	0.9993668
77.18074	0.0006335094	0.9991149	0.9992445	0.9993531
77.18065	0.0006335094	0.9991155	0.9992445	0.999346
77.09125	0.0006430945	0.9991054	0.9992375	0.9993364
76.97903	0.0006492853	0.9991068	0.9992294	0.9993295
76.97848	0.0006492853	0.9991034	0.9992294	0.9993312
76.86243	0.0006643669	0.9990883	0.9992091	0.9993225
76.76275	0.0006687687	0.9990784	0.9992041	0.9993046
76.76117	0.0006687687	0.9990665	0.9992041	0.999314
76.65011	0.0006828273	0.9990368	0.9991814	0.9992812
76.58826	0.0006883456	0.9990399	0.9991735	0.9992744
76.58722	0.0006883456	0.9990397	0.9991735	0.9992787
76.51024	0.0006918815	0.9990504	0.9991709	0.9992782
76.38806	0.0007043018	0.9990206	0.9991541	0.9992606
76.38744	0.0007043018	0.99901	0.9991541	0.9992582
76.31773	0.0007123504	0.9990127	0.9991512	0.9992531
76.2268	0.0007236886	0.9990029	0.9991365	0.9992481
76.2261	0.0007236886	0.9990043	0.9991365	0.9992516
76.12757	0.0007357541	0.9989732	0.999117	0.9992244
76.04189	0.0007451705	0.998962	0.9991067	0.9992143
76.04133	0.0007456702	0.9989782	0.9991061	0.9992164
75.97703	0.0007586798	0.9989474	0.9990838	0.9991901
75.89955	0.0007639271	0.9989428	0.9990782	0.9991841
75.89838	0.0007639271	0.9989471	0.9990782	0.9991897
75.82797	0.0007715397	0.9989424	0.9990657	0.9991798
75.74025	0.000780853	0.9989167	0.9990516	0.999163
75.73993	0.000780853	0.9989089	0.9990516	0.9991675
75.68627	0.0007838081	0.9989195	0.9990497	0.9991613
75.59804	0.0007947455	0.9989048	0.9990367	0.9991544
75.59698	0.0007947455	0.998903	0.9990367	0.9991445
75.51294	0.0008028807	0.9988888	0.9990278	0.9991438
75.41509	0.000815303	0.9988865	0.999018	0.9991297
75.41351	0.000815303	0.9988858	0.999018	0.9991288
75.32616	0.0008225134	0.998876	0.9990108	0.9991241
75.22096	0.0008292814	0.9988588	0.9990014	0.9991185
75.22009	0.0008292814	0.9988602	0.9990014	0.9991132
75.16672	0.0008315697	0.9988644	0.9989983	0.9991113
75.01759	0.0008351662	0.9988628	0.9989971	0.9991148
75.01381	0.0008351662	0.9988529	0.9989971	0.9991057
74.86787	0.00089114	0.9987907	0.9989198	0.9990383
74.8192	0.0008935182	0.9987824	0.9989173	0.9990384
74.81771	0.0008935182	0.9987753	0.9989173	0.9990371
74.77417	0.0008976175	0.9987713	0.9989128	0.9990246
74.70878	0.000902344	0.9987549	0.9989076	0.9990188
74.70709	0.000902344	0.9987722	0.9989076	0.9990221
74.64572	0.0009094106	0.9987586	0.9989009	0.9990171
74.56596	0.0009187283	0.9987497	0.9988898	0.9990125
74.56411	0.0009187283	0.9987445	0.9988898	0.9990116
74.49031	0.0009254686	0.9987395	0.998882	0.9990055
74.44354	0.0009339335	0.9987267	0.998871	0.99899
74.44249	0.0009339335	0.9987333	0.998871	0.9989896
74.39227	0.0009420578	0.9987249	0.9988631	0.9989821
74.31552	0.0009515276	0.9986977	0.9988501	0.9989718
74.31517	0.0009515276	0.9987177	0.9988501	0.9989665
74.25939	0.0009627882	0.9986764	0.9988348	0.9989548
74.16293	0.0009776745	0.9986677	0.9988136	0.9989374
74.16257	0.0009778776	0.9986719	0.9988137	0.9989508
74.11678	0.0009851624	0.9986577	0.9988057	0.9989283
74.06094	0.0009976106	0.9986484	0.9987885	0.9989161
74.05786	0.0009976106	0.9986334	0.9987885	0.9989165
73.96944	0.001008181	0.9986343	0.9987739	0.998897
73.91787	0.001012446	0.9986251	0.99877	0.9988928
73.9151	0.001012446	0.9986225	0.99877	0.9988905
73.83745	0.001027408	0.9985934	0.9987494	0.9988773
73.7684	0.001039073	0.9986039	0.9987374	0.9988657
73.76681	0.001039073	0.9985943	0.9987374	0.9988586
73.69899	0.001044088	0.9985864	0.9987341	0.9988611
73.61457	0.001059987	0.998569	0.9987157	0.9988535
73.61339	0.001059987	0.9985765	0.9987157	0.9988462
73.5556	0.001068642	0.998541	0.9987041	0.9988316
73.48471	0.001081705	0.9985303	0.9986873	0.9988142
73.48254	0.001081705	0.9985444	0.9986873	0.9988188
73.39289	0.001092804	0.9985208	0.9986732	0.9987994
73.28546	0.001111195	0.9985102	0.9986494	0.9987856
73.28471	0.001111195	0.9985001	0.9986494	0.9987943
73.22563	0.001116978	0.9985008	0.9986439	0.9987806
73.15827	0.001129488	0.9984732	0.9986304	0.9987664
73.15794	0.001129488	0.9984721	0.9986304	0.9987649
73.09556	0.001136204	0.998463	0.9986239	0.9987539
72.99894	0.001154549	0.9984552	0.9985989	0.998731
72.99832	0.001154549	0.9984527	0.9985989	0.998725
72.94335	0.001164757	0.9984373	0.9985863	0.9987162
72.8726	0.001177542	0.9984176	0.9985718	0.9987032
72.87065	0.001177542	0.9984246	0.9985718	0.9987157
72.80752	0.001184432	0.9984146	0.998565	0.9987055
72.68224	0.00121258	0.9983605	0.9985236	0.998664
72.68096	0.00121258	0.9983774	0.9985236	0.9986632
72.61686	0.001217272	0.9983682	0.9985191	0.9986554
72.55505	0.001225921	0.9983546	0.9985031	0.9986375
72.55323	0.001225921	0.9983465	0.9985031	0.9986339
72.51195	0.001233697	0.9983283	0.998493	0.9986242
72.45188	0.001244195	0.9983188	0.9984777	0.9986198
72.45161	0.001245012	0.9983124	0.9984755	0.9986128
72.37484	0.001258381	0.9982735	0.9984551	0.9986023
72.32365	0.001268511	0.9982928	0.9984444	0.9985776
72.32314	0.001268511	0.9982809	0.9984444	0.998588
72.26565	0.001275657	0.9982768	0.9984348	0.9985813
72.20245	0.001295617	0.9982647	0.9984098	0.9985497
72.20047	0.001295617	0.9982433	0.9984098	0.9985589
72.15698	0.001301226	0.9982495	0.9984055	0.9985494
72.11438	0.001311044	0.9982321	0.9983936	0.9985385
72.11334	0.001311044	0.9982312	0.9983936	0.9985345
72.06408	0.001322982	0.998222	0.9983794	0.9985289
71.99117	0.001341401	0.9981846	0.9983479	0.9984962
71.98864	0.001341401	0.9981827	0.9983479	0.9985011
71.92051	0.001349311	0.9981765	0.9983384	0.9984913
71.85439	0.001369487	0.9981467	0.9983112	0.9984569
71.85394	0.001369533	0.9981396	0.9983112	0.9984419
71.80331	0.001375102	0.9981536	0.9983043	0.9984565
71.75401	0.001385211	0.9981175	0.9982903	0.9984389
71.7533	0.001385211	0.9981129	0.9982903	0.9984412
71.68821	0.001398418	0.9981178	0.9982713	0.9984179
71.63475	0.001410119	0.998092	0.998259	0.9984001
71.63463	0.001410119	0.9980764	0.998259	0.9984085
71.58588	0.001418743	0.9980856	0.9982493	0.9984074
71.55015	0.001425245	0.9980826	0.9982417	0.9983997
71.54896	0.001425245	0.9980893	0.9982417	0.998388
71.51814	0.001429291	0.9980718	0.998236	0.9983878
71.45285	0.001432659	0.9980565	0.9982294	0.9983932
71.45046	0.001432659	0.9980591	0.9982294	0.9983851
71.36183	0.001484309	0.9979732	0.9981622	0.9983177
71.33922	0.001488962	0.9979815	0.9981586	0.9983167
71.33814	0.001488962	0.9979863	0.9981586	0.9983237
71.29146	0.001494737	0.9979754	0.9981534	0.9983029
71.23936	0.001501592	0.9979718	0.998147	0.9983165
71.23843	0.001501592	0.9979705	0.998147	0.9983134
71.1807	0.001512672	0.9979411	0.9981359	0.9982943
71.1138	0.001522416	0.9979452	0.9981249	0.9982819
71.11067	0.001529706	0.9979409	0.9981141	0.9982828
71.03414	0.001540704	0.9979178	0.9980988	0.9982608
70.98538	0.001549495	0.9979166	0.9980891	0.9982431
70.98455	0.001549495	0.997912	0.9980891	0.998244
70.91268	0.001567971	0.9978852	0.9980656	0.9982294
70.8551	0.00158162	0.9978708	0.9980437	0.9982055
70.85458	0.00158162	0.997867	0.9980437	0.9982067
70.7922	0.001601145	0.9978251	0.9980203	0.9981781
70.74439	0.001608091	0.997839	0.9980119	0.998171
70.74396	0.001608091	0.9978353	0.9980119	0.9981759
70.68778	0.001621982	0.9978303	0.9979929	0.9981711
70.65517	0.001627189	0.9977964	0.9979881	0.9981586
70.65395	0.001627189	0.9978073	0.9979881	0.9981477
70.58029	0.001652029	0.997779	0.9979516	0.9981152
70.5316	0.001659606	0.997785	0.9979487	0.9981168
70.53067	0.001659699	0.9977639	0.9979487	0.9981152
70.47558	0.00167003	0.9977343	0.9979356	0.9980974
70.41946	0.001687533	0.9977271	0.9979128	0.9980732
70.41787	0.001687533	0.9977118	0.9979128	0.9980793
70.3527	0.001707209	0.9977106	0.9978867	0.9980609
70.29783	0.001715377	0.9977027	0.9978783	0.9980463
70.29712	0.001715377	0.9976953	0.9978783	0.9980542
70.25008	0.001729193	0.9976795	0.9978604	0.9980271
70.18822	0.00174279	0.997654	0.9978414	0.9980135
70.18776	0.00174279	0.9976487	0.9978414	0.9980199
70.13761	0.001755871	0.9976467	0.9978274	0.9980064
70.08848	0.001765493	0.997623	0.9978161	0.9979967
70.08823	0.001765493	0.9976168	0.9978161	0.9980014
70.06022	0.001769752	0.9976221	0.9978121	0.9980019
70	0.001807647	0.9975609	0.9977534	0.9979522
69.97708	0.001807876	0.9975561	0.9977533	0.9979505
69.97455	0.001807876	0.9975442	0.9977533	0.9979388
69.93357	0.001809396	0.9975487	0.997752	0.9979372
69.88977	0.001819382	0.9975325	0.9977401	0.9979164
69.88855	0.001819382	0.9975493	0.9977401	0.9979165
69.83552	0.001832604	0.9975341	0.9977243	0.9979148
69.7976	0.001842431	0.997528	0.9977091	0.9978882
69.79709	0.001842654	0.9975182	0.9977091	0.9979002
69.74186	0.001858009	0.9975026	0.9976889	0.9978873
69.69219	0.001877494	0.9974631	0.9976632	0.9978396
69.68858	0.001877494	0.9974701	0.9976632	0.9978529
69.6475	0.001884881	0.9974492	0.997656	0.9978403
69.58695	0.001897542	0.997453	0.9976433	0.9978282
69.58584	0.001897542	0.9974471	0.9976433	0.9978356
69.53181	0.001922693	0.9974111	0.997609	0.9978097
69.47322	0.0019342	0.9973853	0.9975933	0.997786
69.47225	0.0019342	0.9974058	0.9975933	0.9977739
69.43276	0.00194781	0.997367	0.9975763	0.9977766
69.38121	0.001961126	0.9973516	0.9975586	0.997734
69.37852	0.001961126	0.9973568	0.9975586	0.9977373
69.32339	0.001974129	0.9973291	0.9975399	0.9977269
69.29157	0.001979016	0.9973279	0.9975359	0.9977265
69.29055	0.00198148	0.9973406	0.9975336	0.9977251
69.2044	0.002013167	0.9972723	0.9974882	0.9976945
69.14444	0.00202226	0.9972687	0.9974794	0.9976602
69.14163	0.00202226	0.9972726	0.9974794	0.9976733
69.08608	0.002039931	0.9972297	0.9974564	0.9976393
69.05608	0.002045171	0.9972401	0.9974519	0.9976462
69.05545	0.002045171	0.9972397	0.9974519	0.9976447
69.02367	0.002061509	0.9972267	0.9974289	0.9976335
68.99141	0.002071303	0.9971887	0.9974188	0.9976122
68.99034	0.002071303	0.997202	0.9974188	0.9976005
68.93461	0.002089734	0.9971756	0.9973897	0.9975922
68.89657	0.002100448	0.9971636	0.9973797	0.997582
68.89592	0.002100448	0.9971541	0.9973797	0.9975774
68.85766	0.00211183	0.9971443	0.9973624	0.997564
68.82129	0.002126961	0.9971263	0.9973396	0.9975506
68.82038	0.002126961	0.9971196	0.9973396	0.9975398
68.78003	0.002135177	0.9971241	0.997332	0.9975246
68.70101	0.002164506	0.9970662	0.9972828	0.9974943
68.70031	0.002164506	0.9970594	0.9972828	0.9974913
68.65932	0.002172948	0.9970569	0.9972721	0.9974796
68.62065	0.002188638	0.9970422	0.9972518	0.9974536
68.61912	0.002188863	0.9970322	0.9972516	0.9974482
68.58962	0.002197129	0.9970222	0.9972422	0.9974396
68.55223	0.002215872	0.9970043	0.9972174	0.9974204
68.55107	0.002215872	0.9969856	0.9972174	0.9974148
68.48941	0.002235724	0.9969564	0.9971953	0.997411
68.44749	0.002244365	0.9969655	0.9971877	0.9973987
68.44689	0.002244365	0.9969713	0.9971877	0.9973814
68.39121	0.002267336	0.9969269	0.9971538	0.9973649
68.36142	0.002275293	0.9969312	0.9971441	0.9973437
68.36091	0.002275293	0.9969346	0.9971441	0.9973492
68.31195	0.002286632	0.9969108	0.9971307	0.9973346
68.25885	0.0022989	0.9968931	0.9971133	0.9973111
68.25662	0.0022989	0.9969078	0.9971133	0.9973196
68.21806	0.002311765	0.996875	0.9970992	0.9973115
68.16391	0.002334441	0.9968444	0.9970693	0.997288
68.16302	0.002334524	0.9968508	0.9970692	0.9972776
68.13112	0.002344051	0.9968293	0.9970602	0.9972761
68.09465	0.002357186	0.9968139	0.9970423	0.9972585
68.09421	0.002357186	0.9968218	0.9970423	0.9972547
68.05754	0.002371413	0.996804	0.9970223	0.9972531
68.02566	0.002383355	0.9967803	0.9970107	0.9972319
68.02514	0.002383355	0.996778	0.9970107	0.9972179
67.98256	0.002403389	0.9967696	0.996983	0.997187
67.94238	0.00241339	0.9967405	0.9969665	0.9971727
67.94204	0.00241339	0.9967323	0.9969665	0.9971933
67.9099	0.002427317	0.9967161	0.9969513	0.9971731
67.88186	0.002438242	0.9966975	0.9969366	0.9971331
67.88127	0.002438242	0.9966958	0.9969366	0.9971539
67.84501	0.002458022	0.9966773	0.9969116	0.9971158
67.82183	0.002464807	0.9966718	0.9969002	0.9971377
67.82054	0.002464878	0.9966427	0.9969001	0.9971
67.78473	0.00248142	0.9966513	0.9968835	0.9970901
67.74652	0.002492143	0.9966308	0.9968707	0.9970818
67.74466	0.002492143	0.9966455	0.9968707	0.9970963
67.71023	0.002510601	0.9966042	0.9968436	0.9970698
67.67267	0.002525134	0.9965843	0.9968198	0.9970513
67.67225	0.00252553	0.9965956	0.9968196	0.9970407
67.63281	0.00254529	0.9965503	0.9967902	0.9970019
67.6101	0.002550855	0.9965441	0.9967831	0.9970224
67.60867	0.002550855	0.996553	0.9967831	0.9970024
67.57635	0.002562202	0.9965161	0.9967718	0.996988
67.53804	0.002582293	0.9965081	0.9967424	0.9969831
67.53754	0.002582293	0.9964986	0.9967424	0.9969743
67.50128	0.002593424	0.9964811	0.9967299	0.9969546
67.46011	0.002618149	0.9964603	0.9966949	0.9969275
67.4589	0.002618149	0.9964518	0.9966949	0.9969242
67.42338	0.002633845	0.9964392	0.9966717	0.9968957
67.38001	0.00265282	0.9964181	0.9966494	0.9968755
67.37804	0.00265282	0.9963836	0.9966494	0.9969118
67.33736	0.002674321	0.9963787	0.9966187	0.9968564
67.2962	0.002692439	0.996372	0.9965969	0.9968333
67.29528	0.002693021	0.9963445	0.9965958	0.9968328
67.26436	0.002705083	0.9963191	0.9965788	0.9968014
67.23335	0.002717167	0.9963177	0.9965585	0.9967868
67.23272	0.002717167	0.9963012	0.9965585	0.9968057
67.1991	0.002731057	0.9963122	0.9965372	0.9967631
67.17038	0.002742578	0.9962765	0.9965213	0.9967547
67.16988	0.002742578	0.9962696	0.9965213	0.9967658
67.13316	0.00275762	0.9962494	0.996502	0.9967402
67.09658	0.002770139	0.9962276	0.9964876	0.996728
67.09614	0.002770139	0.996238	0.9964876	0.9967044
67.0708	0.002780625	0.9962397	0.9964742	0.9967055
67.02757	0.002796317	0.9962021	0.9964539	0.9966892
67.02726	0.002796317	0.9961881	0.9964539	0.9967047
66.99636	0.002808181	0.9961754	0.9964409	0.9966654
66.95184	0.002824798	0.9961616	0.9964217	0.9966693
66.95105	0.002824992	0.9961798	0.9964216	0.9966729
66.91686	0.002836369	0.9961444	0.99641	0.9966449
66.88448	0.002844478	0.996146	0.9963988	0.9966298
66.8839	0.002844478	0.9961241	0.9963988	0.9966398
66.86019	0.002850067	0.996128	0.9963909	0.9966441
66.84274	0.002853029	0.9961451	0.9963871	0.9966329
66.84203	0.002853237	0.996119	0.9963869	0.9966323
66.82469	0.002856951	0.9961143	0.9963837	0.9966302
66.7997	0.002862018	0.996117	0.9963745	0.9966247
66.79926	0.002862018	0.9961252	0.9963745	0.9966304
66.76383	0.002866019	0.9961233	0.9963717	0.9965964
66.5749	0.003031224	0.9958607	0.996123	0.9963618
66.57303	0.003031224	0.9958627	0.996123	0.9963773
66.54486	0.003035246	0.9958542	0.9961186	0.996382
66.51979	0.003041054	0.9958265	0.9961091	0.9963632
66.51924	0.003041054	0.9958359	0.9961091	0.996371
66.50064	0.003045558	0.9958272	0.9961061	0.9963651
66.47977	0.003051197	0.9958476	0.9961	0.9963499
66.47932	0.003051197	0.9958476	0.9961	0.9963722
66.45309	0.003059964	0.9958032	0.996089	0.9963546
66.43381	0.003064835	0.99581	0.9960836	0.9963594
66.43291	0.003066093	0.9958348	0.996082	0.9963533
66.4091	0.003074072	0.9958029	0.9960729	0.9963284
66.38202	0.003087427	0.9957886	0.9960594	0.9963173
66.38097	0.003087427	0.9957692	0.9960594	0.9963151
66.3519	0.003098585	0.9957754	0.9960501	0.996304
66.31941	0.00311082	0.9957545	0.9960344	0.9963034
66.31863	0.00311082	0.9957748	0.9960344	0.99629
66.28647	0.003125015	0.995743	0.9960168	0.9962809
66.2649	0.00313752	0.995732	0.9960045	0.9962612
66.26437	0.00313752	0.9957165	0.9960045	0.9962866
66.24123	0.003147132	0.9957061	0.9959969	0.9962544
66.20846	0.003163755	0.9957053	0.9959747	0.9962228
66.20753	0.003163755	0.9957208	0.9959747	0.9962355
66.18764	0.003175184	0.9956575	0.9959574	0.9962239
66.15863	0.003187777	0.9956594	0.9959415	0.9962098
66.15754	0.003188091	0.9956721	0.9959415	0.9962056
66.13078	0.003198846	0.9956413	0.9959219	0.9961791
66.0936	0.003215891	0.9956206	0.9958997	0.9961622
66.09287	0.003215891	0.9956093	0.9958997	0.9961781
66.06133	0.003238563	0.9956092	0.9958758	0.99614
66.02917	0.00325628	0.9955568	0.995844	0.9961198
66.02857	0.00325681	0.9955416	0.9958433	0.9961112
66.00794	0.003265932	0.9955486	0.9958356	0.9961208
65.98323	0.003282579	0.9955312	0.9958146	0.9960775
65.98254	0.003282579	0.995528	0.9958146	0.9960986
65.9445	0.003303416	0.9955052	0.9957839	0.9960523
65.90305	0.003323692	0.9954628	0.9957557	0.996031
65.89989	0.003323692	0.9954719	0.9957557	0.9960307
65.87712	0.003335099	0.9954509	0.9957454	0.9960335
65.86023	0.003341927	0.9954623	0.9957367	0.9960194
65.85828	0.003342692	0.9954537	0.9957355	0.9960139
65.82187	0.003367282	0.9953812	0.9956975	0.9959817
65.79766	0.003376741	0.9954017	0.9956875	0.9959834
65.79737	0.003376741	0.9953787	0.9956875	0.9959797
65.76671	0.003396485	0.9953525	0.9956617	0.9959418
65.73772	0.003414123	0.9953462	0.9956407	0.9959423
65.73692	0.003414808	0.9953486	0.9956399	0.9959148
65.70041	0.00343523	0.995306	0.9956105	0.9958925
65.67892	0.003446399	0.9952823	0.9955971	0.9958848
65.6788	0.003446399	0.9953254	0.9955971	0.995877
65.64679	0.003464385	0.9952532	0.9955724	0.9958595
65.61689	0.003483162	0.9952324	0.9955391	0.9958219
65.61614	0.003483162	0.9952439	0.9955391	0.9958186
65.59652	0.003488265	0.9952427	0.9955337	0.9958156
65.57711	0.003499311	0.9952075	0.9955255	0.9958069
65.57599	0.003499311	0.9952146	0.9955255	0.9957974
65.54563	0.003521675	0.9952093	0.9954998	0.9958175
65.52198	0.003525237	0.9951891	0.9954954	0.9957969
65.51911	0.003525237	0.9951849	0.9954954	0.9957768
65.49367	0.003546267	0.9951641	0.9954671	0.995744
65.4657	0.003559087	0.9951377	0.9954477	0.9957448
65.46514	0.003560025	0.995149	0.9954461	0.9957255
65.43832	0.00357704	0.9950975	0.9954191	0.9957251
65.4175	0.003589324	0.9950998	0.995403	0.9956786
65.41711	0.003589324	0.9950993	0.995403	0.9957203
65.3899	0.003594892	0.9950856	0.9953931	0.9956714
65.35618	0.003617545	0.9950458	0.9953626	0.9956737
65.35574	0.003617752	0.9950522	0.9953624	0.9956334
65.34106	0.003628441	0.9950579	0.9953478	0.995637
65.31772	0.003643936	0.9950235	0.9953309	0.9956169
65.31724	0.003643936	0.9950173	0.9953309	0.9956267
65.29259	0.003665039	0.9949782	0.9953063	0.9956052
65.27299	0.003678197	0.9949752	0.9952932	0.995568
65.2728	0.003678197	0.9949674	0.9952932	0.9955894
65.2489	0.003690163	0.9949742	0.9952764	0.9955789
65.23302	0.003697919	0.9949672	0.995267	0.9955787
65.23263	0.003698001	0.9949291	0.9952669	0.9955658
65.1895	0.003725878	0.9949313	0.9952324	0.9955173
65.1658	0.003739512	0.9948867	0.995213	0.9955096
65.1634	0.003739512	0.9949188	0.995213	0.9955252
65.14326	0.003753707	0.9948857	0.9951932	0.9954695
65.12378	0.00376253	0.994879	0.9951849	0.9954907
65.12335	0.00376301	0.9948739	0.9951839	0.9954912
65.10067	0.003780907	0.9948685	0.99516	0.9954526
65.07403	0.003796392	0.9948101	0.9951331	0.9954617
65.07308	0.003796392	0.9948396	0.9951331	0.9954244
65.04677	0.003807893	0.9948198	0.995113	0.9954185
65.02565	0.003820572	0.99477	0.9950884	0.9953664
65.02474	0.003820572	0.994756	0.9950884	0.9953975
65.0106	0.003826654	0.9947666	0.995081	0.9954047
64.97883	0.003856201	0.9947099	0.995032	0.9953323
64.97818	0.003856201	0.9946877	0.995032	0.995361
64.95901	0.003861635	0.9947247	0.9950258	0.9953515
64.93024	0.003876917	0.9947003	0.9950051	0.9952931
64.93001	0.003876917	0.9946824	0.9950051	0.9953045
64.90175	0.00389195	0.994669	0.9949843	0.9952777
64.8763	0.003901195	0.9946542	0.9949729	0.9952782
64.87572	0.003901454	0.994626	0.9949729	0.9952797
64.84834	0.003924931	0.9946265	0.9949351	0.9952476
64.82969	0.003935403	0.9945704	0.994922	0.9952442
64.82868	0.003935403	0.9945852	0.994922	0.9952422
64.80229	0.003954648	0.9945808	0.9948924	0.9952161
64.76864	0.003978305	0.9945288	0.9948603	0.9951905
64.76664	0.003978871	0.9945384	0.9948597	0.9951943
64.74584	0.003990634	0.9945046	0.9948435	0.9951903
64.73418	0.003999555	0.9944879	0.9948271	0.9951606
64.73379	0.003999555	0.9945084	0.9948271	0.9951526
64.70245	0.004034145	0.9944292	0.9947721	0.9950941
64.677	0.004038996	0.9944444	0.9947652	0.9950746
64.67672	0.004038996	0.9944099	0.9947652	0.9950763
64.64773	0.004052705	0.9943726	0.9947477	0.995044
64.62407	0.004072215	0.9943755	0.9947254	0.9950482
64.62358	0.004072723	0.9944007	0.9947236	0.9950377
64.60144	0.004088442	0.994381	0.9947051	0.9950327
64.57763	0.004108112	0.9943528	0.994679	0.9949942
64.57564	0.004108112	0.9943136	0.994679	0.9949855
64.55892	0.004117483	0.9943394	0.9946613	0.9949918
64.53532	0.004132989	0.9942885	0.9946407	0.9949549
64.53453	0.004134688	0.9942981	0.9946387	0.9949698
64.50225	0.00415857	0.9942583	0.9946049	0.9949097
64.47282	0.004174215	0.9942465	0.9945843	0.9949241
64.47109	0.004174215	0.9942471	0.9945843	0.9949123
64.44239	0.004196575	0.994192	0.9945545	0.9949063
64.42094	0.004206539	0.9941669	0.9945386	0.9948678
64.41964	0.004206539	0.9941824	0.9945386	0.9948532
64.40026	0.004224376	0.9941588	0.9945114	0.9948503
64.37907	0.004238549	0.9941376	0.9944922	0.9947965
64.37856	0.004238549	0.9941396	0.9944922	0.9948322
64.3539	0.00424923	0.9941347	0.9944754	0.9948141
64.33715	0.004258918	0.9941156	0.9944622	0.9948102
64.33621	0.004258918	0.994131	0.9944622	0.9947888
64.31836	0.004268503	0.9940956	0.9944489	0.9948053
64.28709	0.004274996	0.9941027	0.9944448	0.994789
64.28114	0.004316495	0.9940151	0.9943762	0.9947092
64.25109	0.004325	0.9940079	0.9943722	0.9947078
64.23149	0.004336765	0.9939764	0.9943557	0.9946811
64.23113	0.004336765	0.9939784	0.9943557	0.9946969
64.20353	0.004350728	0.9940112	0.9943417	0.9946738
64.19044	0.004361278	0.9939718	0.9943276	0.9946819
64.18912	0.004362747	0.9939628	0.9943259	0.9946784
64.17018	0.004378391	0.9939357	0.9943057	0.9946625
64.14463	0.00440162	0.9939362	0.9942711	0.9946183
64.14414	0.00440162	0.9939117	0.9942711	0.994615
64.12743	0.004410919	0.993912	0.9942603	0.9946239
64.11097	0.004422309	0.993857	0.9942412	0.9945983
64.11057	0.004422309	0.9938551	0.9942412	0.9945801
64.0888	0.004440459	0.9938614	0.994214	0.9945695
64.07198	0.004454459	0.9938421	0.9941994	0.9945375
64.07111	0.004455711	0.9938328	0.9941991	0.9945373
64.04689	0.004472565	0.9938046	0.9941777	0.9945251
64.02801	0.004489379	0.9937895	0.9941557	0.9945157
64.02711	0.004489379	0.9938246	0.9941557	0.994501
63.9969	0.004518343	0.9937177	0.9941094	0.9944717
63.97553	0.004526778	0.9936972	0.9940983	0.9944647
63.97491	0.004530528	0.9937106	0.9940949	0.9944333
63.95964	0.004540733	0.9937427	0.9940835	0.9944589
63.94203	0.004555548	0.993697	0.9940612	0.9944265
63.94135	0.004555548	0.9937017	0.9940612	0.9944029
63.91548	0.004576288	0.9936653	0.9940271	0.994399
63.89826	0.004582671	0.9936516	0.9940167	0.9943735
63.89782	0.004582671	0.9936312	0.9940167	0.9943645
63.87235	0.004605594	0.9936086	0.993986	0.994349
63.84978	0.004622797	0.9935859	0.9939617	0.9943176
63.84926	0.004623126	0.9935801	0.9939613	0.9943132
63.83667	0.004633289	0.9935853	0.993946	0.9942923
63.81452	0.00465194	0.9935371	0.9939114	0.994312
63.81329	0.00465194	0.9935159	0.9939114	0.9942724
63.79513	0.004661952	0.9935285	0.9938985	0.9942494
63.76535	0.00469051	0.9934627	0.9938579	0.9942271
63.76457	0.004691113	0.9934705	0.9938569	0.994217
63.74662	0.00470059	0.9934742	0.9938449	0.9942085
63.73437	0.004711728	0.9934417	0.9938277	0.9941831
63.73337	0.004711728	0.9934393	0.9938277	0.9941857
63.72348	0.00471979	0.9934287	0.9938093	0.9941943
63.71011	0.004728462	0.9934234	0.9937902	0.9941477
63.70961	0.004730127	0.9934123	0.9937874	0.9941802
63.69261	0.004737497	0.9933786	0.9937765	0.9941338
63.67338	0.00475107	0.9933673	0.993758	0.9941005
63.67275	0.00475107	0.9933717	0.993758	0.9941262
63.66042	0.004757116	0.993357	0.9937523	0.9941123
63.61304	0.004813382	0.9932891	0.9936725	0.9940675
63.61233	0.004813382	0.9933098	0.9936725	0.9940362
63.59772	0.004821562	0.9932754	0.9936662	0.9940239
63.58281	0.004829398	0.9932569	0.9936578	0.9940477
63.58251	0.004829507	0.9932663	0.9936574	0.9940331
63.56851	0.004838533	0.9932653	0.9936478	0.9940179
63.55003	0.00485646	0.9932116	0.9936153	0.9939783
63.54818	0.00485646	0.993241	0.9936153	0.9939892
63.5333	0.004872302	0.9932045	0.9936003	0.9939682
63.51832	0.004886685	0.9931839	0.9935844	0.9939512
63.5174	0.004886779	0.9931976	0.9935844	0.9939416
63.49389	0.004902033	0.9931624	0.9935638	0.9939553
63.47276	0.004922902	0.993139	0.9935343	0.9939445
63.47183	0.004922902	0.9931585	0.9935343	0.9939403
63.45641	0.004937626	0.9931069	0.993516	0.9939025
63.43971	0.004951101	0.9931007	0.993501	0.993868
63.43884	0.004951101	0.9930926	0.993501	0.9939104
63.42622	0.004960264	0.9930769	0.9934887	0.9938818
63.39878	0.004985972	0.9930495	0.9934494	0.9938425
63.39779	0.004986989	0.9930352	0.9934486	0.9938309
63.38326	0.004996922	0.9930505	0.9934392	0.9938055
63.3638	0.005019484	0.9930031	0.993405	0.9937965
63.36352	0.005019484	0.9929807	0.993405	0.9938114
63.3458	0.005030089	0.9929668	0.9933916	0.9937655
63.32468	0.005052262	0.9929692	0.993357	0.9937643
63.32421	0.005052675	0.9929564	0.993357	0.9937524
63.31058	0.005059425	0.9929337	0.9933464	0.9937387
63.29066	0.00508005	0.9929143	0.9933169	0.9937069
63.28965	0.00508005	0.9928725	0.9933169	0.993715
63.27369	0.005086844	0.9929079	0.9933066	0.993695
63.2543	0.005106328	0.9928184	0.9932808	0.9936784
63.25408	0.00510712	0.992848	0.9932782	0.993664
63.24121	0.005120954	0.9928384	0.9932507	0.9936488
63.22067	0.005139725	0.9928288	0.9932267	0.9936387
63.22053	0.005139725	0.9928235	0.9932267	0.9936278
63.20855	0.005152547	0.9927735	0.9932106	0.9936054
63.19164	0.005163196	0.9927978	0.9931963	0.9935798
63.19112	0.005163196	0.9927822	0.9931963	0.9935595
63.17768	0.005175971	0.9927527	0.9931691	0.9935497
63.15168	0.005215894	0.9926983	0.9931188	0.9935368
63.15056	0.005216882	0.9926789	0.9931188	0.9935086
63.13445	0.005226219	0.9926925	0.9931053	0.9934789
63.11631	0.005236848	0.9926544	0.9930872	0.993496
63.1154	0.005236848	0.9926473	0.9930872	0.9934961
63.10066	0.005251218	0.9926103	0.9930661	0.9934789
63.08296	0.005265839	0.9926442	0.9930425	0.9934375
63.08232	0.005266188	0.9926296	0.9930415	0.9934422
63.06843	0.005280145	0.9925897	0.9930195	0.9934166
63.04899	0.005297075	0.9926123	0.992997	0.9934353
63.04852	0.005297075	0.9925602	0.992997	0.9934069
63.02845	0.005322603	0.9925779	0.9929651	0.9933803
63.01047	0.005343862	0.9924723	0.992937	0.9933494
63.01023	0.005343862	0.9925251	0.992937	0.9932985
62.99275	0.005358464	0.9924924	0.9929152	0.9933024
62.974	0.005371284	0.9924736	0.9928966	0.9933194
62.97323	0.00537173	0.9924778	0.9928955	0.9933038
62.95034	0.005398137	0.9924275	0.9928535	0.9932652
62.93315	0.005408631	0.9924171	0.9928428	0.9932448
62.93291	0.005408631	0.9924454	0.9928428	0.993247
62.91987	0.005422752	0.9923893	0.9928125	0.9932453
62.90421	0.005433874	0.9923713	0.9927961	0.9932169
62.90255	0.005445223	0.9923514	0.992781	0.9932215
62.88801	0.005453364	0.9923476	0.9927658	0.9931763
62.87504	0.005467685	0.9923179	0.9927503	0.993155
62.87462	0.005467685	0.9923125	0.9927503	0.993173
62.8641	0.005480785	0.9923201	0.9927388	0.9931588
62.84503	0.005503696	0.9922518	0.9927028	0.9930908
62.84443	0.005504237	0.9922514	0.9927029	0.9931035
62.83444	0.005517548	0.992223	0.9926863	0.9931017
62.8169	0.005537374	0.9922227	0.9926573	0.9931041
62.81645	0.005537374	0.9922037	0.9926573	0.9930972
62.79826	0.005548293	0.9921601	0.9926438	0.9930413
62.76511	0.005575487	0.9921852	0.9926033	0.9930422
62.73412	0.005604739	0.9921093	0.9925592	0.9930075
62.70561	0.005632637	0.9920658	0.9925209	0.9929725
62.6757	0.005659113	0.9920199	0.9924806	0.992898
62.64095	0.005697393	0.9919315	0.9924013	0.9928326
62.60946	0.00572225	0.9919154	0.9923677	0.9928322
62.57176	0.00575169	0.9918567	0.9923253	0.9927462
62.54431	0.005767274	0.9918539	0.9923015	0.992762
62.47497	0.005844513	0.9917357	0.9921822	0.9926081
62.4482	0.005859964	0.9917293	0.992167	0.9925826
62.42231	0.005881649	0.9916444	0.992132	0.9925778
62.38759	0.005913005	0.9915798	0.9920883	0.992528
62.36306	0.005939107	0.9915974	0.992055	0.9925122
62.33292	0.005975301	0.9915309	0.9919878	0.9924484
62.30186	0.006000607	0.9914985	0.9919448	0.992425
62.26727	0.006032463	0.9914583	0.991895	0.9923309
62.23285	0.006071325	0.9913602	0.9918273	0.9922917
62.20006	0.006101556	0.9913028	0.9917848	0.9922529
62.16788	0.006130192	0.9912616	0.991744	0.9922119
62.13206	0.006167433	0.9912248	0.991692	0.9921741
62.10184	0.006201362	0.99119	0.9916394	0.992102
62.08487	0.006223472	0.9911273	0.9916139	0.9920596
62.04724	0.006265965	0.9910662	0.9915545	0.9920133
62.02373	0.00629971	0.9910135	0.9915016	0.9919792
61.9947	0.006339181	0.9909623	0.9914499	0.991908
61.96399	0.006371236	0.9909169	0.9913956	0.991868
61.93663	0.006400009	0.9908518	0.9913497	0.9918425
61.90412	0.006447145	0.9907643	0.9912782	0.9917529
61.87914	0.006460857	0.9907215	0.9912619	0.9916959
61.85107	0.006492676	0.9907428	0.9912191	0.9917404
61.82489	0.006519897	0.9906717	0.9911766	0.9916708
61.79281	0.006558495	0.9905939	0.9911219	0.9916183
61.75697	0.006599494	0.9905351	0.9910497	0.9915745
61.727	0.0066302	0.9904521	0.9910042	0.9914632
61.70798	0.006647641	0.9904856	0.99098	0.9914785
61.67778	0.006684534	0.9904196	0.9909184	0.9914013
61.65539	0.006710105	0.9903685	0.9908766	0.9914288
61.62559	0.006743276	0.99032	0.9908318	0.9913563
61.60383	0.00676648	0.990274	0.9907868	0.9912666
61.57387	0.006793223	0.9902122	0.9907447	0.9912446
61.55321	0.006809646	0.9902043	0.9907253	0.9912536
61.51426	0.006883902	0.990081	0.9906107	0.9910979
61.49396	0.006902937	0.9900131	0.9905802	0.991073
61.46837	0.006931516	0.9899864	0.9905339	0.9910825
61.4413	0.006966435	0.9899031	0.9904869	0.9910173
61.41624	0.007003282	0.9898634	0.9904295	0.9909472
61.38543	0.007046536	0.989806	0.9903641	0.9909131
61.35375	0.007088555	0.9897628	0.9902971	0.9908238
61.3261	0.007122994	0.989723	0.9902427	0.9907653
61.29862	0.007153971	0.9896391	0.9901969	0.9907297
61.26995	0.007198675	0.9896007	0.9901306	0.9906797
61.24716	0.007230257	0.9895147	0.9900925	0.9906512
61.22962	0.007250881	0.9895007	0.9900603	0.9906313
61.21011	0.007283589	0.9894375	0.9900166	0.990547
61.18325	0.007312672	0.9894025	0.9899655	0.990505
61.15408	0.007346016	0.9893536	0.9899209	0.990502
61.12836	0.007365709	0.9893189	0.9898955	0.9904154
61.08821	0.007420053	0.9892709	0.9898092	0.9903432
61.06868	0.007453314	0.9891558	0.9897602	0.9903001
61.04194	0.007481456	0.9891464	0.9897171	0.9903046
61.01741	0.007511845	0.9890635	0.9896759	0.9902548
60.99675	0.007550043	0.9890239	0.989626	0.9902203
60.97818	0.007571846	0.9889979	0.9895768	0.9900902
60.94661	0.007610796	0.988955	0.9895215	0.9900532
60.92255	0.007639271	0.9889207	0.9894774	0.9900184
60.8975	0.007668092	0.9888506	0.9894434	0.9900216
60.86005	0.007718219	0.9887262	0.989359	0.989933
60.84118	0.007741266	0.9887156	0.98933	0.9898938
60.81713	0.007769852	0.9886936	0.9892916	0.9898523
60.79339	0.007802961	0.988624	0.9892422	0.9898036
60.77096	0.007840857	0.9886036	0.9891889	0.9897454
60.74885	0.007874899	0.9885695	0.989126	0.9896999
60.72363	0.007906336	0.9885142	0.9890825	0.9896496
60.69506	0.007949089	0.9883856	0.9890133	0.9895848
60.67737	0.007971313	0.9883781	0.9889891	0.9895097
60.65987	0.008009394	0.9882933	0.988917	0.9895114
60.63949	0.008038453	0.9882591	0.9888752	0.9894605
60.61459	0.008068068	0.9882062	0.988816	0.9894322
60.58677	0.008105779	0.988137	0.988767	0.989415
60.56384	0.008129276	0.9881587	0.9887231	0.9893091
60.54089	0.008164828	0.9880535	0.9886731	0.9892903
60.51416	0.00820034	0.9879658	0.9886297	0.9892346
60.49822	0.008224519	0.9879864	0.9885918	0.9891954
60.4689	0.008253087	0.9879011	0.9885478	0.9891784
60.44326	0.008294529	0.9878469	0.988491	0.9891203
60.42532	0.008329134	0.9877694	0.988438	0.9890498
60.40155	0.008363902	0.9877375	0.9883872	0.9890198
60.37192	0.008405194	0.9876924	0.9883195	0.9889453
60.34965	0.008425353	0.9876657	0.9882861	0.9889066
60.32527	0.008457136	0.9876088	0.9882467	0.9888545
60.30594	0.008486304	0.9875533	0.9881975	0.9887839
60.28196	0.008529294	0.9874588	0.9881311	0.988761
60.26051	0.008561353	0.9874077	0.9880782	0.9887433
60.24183	0.008588379	0.9874135	0.9880508	0.9886846
60.21798	0.008622482	0.987355	0.9880035	0.9885981
60.19339	0.008664557	0.9872959	0.9879288	0.9885711
60.17433	0.008692835	0.9872244	0.9878825	0.9885435
60.15216	0.008725997	0.9871737	0.9878436	0.9884834
60.13192	0.008753983	0.9871414	0.9877953	0.9884626
60.10626	0.008787213	0.9871398	0.9877544	0.9883581
60.08724	0.008806105	0.9870764	0.9877259	0.9883873
60.06721	0.008822082	0.9869726	0.9877066	0.988308
60.04549	0.008838688	0.9870182	0.9876842	0.9883483
60.02559	0.008853385	0.9870023	0.9876583	0.9883237
59.96112	0.009018301	0.9867563	0.9874168	0.9880616
59.94638	0.009029509	0.9866844	0.9873935	0.9880518
59.92866	0.009049803	0.9867065	0.9873498	0.9880137
59.9134	0.009069981	0.9866052	0.9873149	0.9879704
59.89328	0.009090296	0.9866146	0.9872816	0.9879313
59.8763	0.009118322	0.9865385	0.9872171	0.9879124
59.85489	0.009145379	0.9864866	0.9871824	0.9878241
59.83927	0.009169362	0.9864638	0.9871462	0.9877918
59.82098	0.009193302	0.9864492	0.9871034	0.9877902
59.79914	0.009219179	0.9863505	0.9870624	0.9877147
59.77821	0.009255989	0.9863874	0.9870091	0.9876657
59.76226	0.00929247	0.9862351	0.9869212	0.9875582
59.74476	0.00931862	0.9862055	0.9868872	0.9875802
59.72566	0.009345092	0.986141	0.9868577	0.9874973
59.70464	0.009378409	0.9861289	0.9867955	0.9874835
59.67843	0.009416636	0.9859796	0.9867261	0.9873803
59.65683	0.00945428	0.9860009	0.9866705	0.9873648
59.63972	0.009488955	0.9859183	0.9866202	0.9873083
59.61978	0.009516002	0.9858047	0.9865783	0.9872409
59.59991	0.009567068	0.9857213	0.9864862	0.9872028
59.57776	0.009599756	0.9857222	0.9864286	0.9870863
59.55696	0.009640003	0.9856951	0.9863656	0.9870525
59.53896	0.009673666	0.9856282	0.9863119	0.987011
59.51682	0.009722855	0.9855407	0.9862346	0.9868738
59.50288	0.009753738	0.9853969	0.9861802	0.9868839
59.48629	0.009792226	0.9854455	0.9861082	0.9868132
59.46602	0.009815102	0.9853093	0.9860726	0.9867619
59.44551	0.009852723	0.9852678	0.9860077	0.9867135
59.42728	0.009881039	0.9852075	0.9859708	0.9866952
59.41407	0.009914082	0.9852319	0.9859305	0.9866511
59.39477	0.009942312	0.9851503	0.9858882	0.9866412
59.3703	0.009992672	0.9850138	0.9858024	0.9865194
59.35383	0.01001829	0.9850101	0.9857657	0.9865303
59.33513	0.01005321	0.9849378	0.9857011	0.9864234
59.31253	0.01008401	0.9849334	0.9856548	0.9863604
59.29276	0.0101161	0.9848008	0.985617	0.9863336
59.27201	0.01014885	0.9847826	0.9855701	0.986304
59.24785	0.01019354	0.9846721	0.9855023	0.9862439
59.22748	0.01022359	0.9846854	0.9854513	0.9861692
59.20986	0.01027109	0.9845499	0.9853907	0.986127
59.19016	0.0103063	0.9846159	0.9853545	0.9860724
59.17301	0.01034119	0.9845219	0.9852991	0.9860357
59.15254	0.01037148	0.9844522	0.9852635	0.986
59.13837	0.01040132	0.9844553	0.9852283	0.9859983
59.11554	0.01043086	0.9844662	0.9851873	0.9859411
59.08749	0.01048776	0.9843417	0.9851095	0.9858882
59.0711	0.01050552	0.9843156	0.9850861	0.9858258
59.05116	0.01053601	0.9843446	0.9850433	0.9857999
59.03204	0.0105726	0.9841649	0.9849797	0.9857439
59.01136	0.01061247	0.9841296	0.9849172	0.9856757
58.99056	0.0106447	0.9840197	0.9848796	0.9855968
58.97073	0.01068976	0.9840133	0.9848017	0.985591
58.95552	0.01071236	0.9839619	0.984769	0.9855154
58.93797	0.01074669	0.9839269	0.9847045	0.9853808
58.92215	0.01077475	0.9838845	0.9846655	0.9854571
58.89958	0.0108088	0.9838675	0.9846146	0.9853462
58.88119	0.01083667	0.9838137	0.98457	0.9853473
58.86163	0.01087367	0.9837414	0.9845243	0.985342
58.84667	0.01090605	0.9837195	0.9844671	0.9851965
58.83263	0.01092314	0.9836027	0.9844422	0.9851947
58.80655	0.01099367	0.9834974	0.9843294	0.9850829
58.78973	0.01102689	0.9835378	0.9842743	0.9850843
58.77617	0.01105405	0.9834197	0.9842381	0.9850125
58.75829	0.01108833	0.9833836	0.9841907	0.984999
58.73514	0.01112698	0.9832564	0.98413	0.9849225
58.71279	0.01116891	0.98324	0.9840554	0.9848635
58.69251	0.01121589	0.9832043	0.9839865	0.9847897
58.67998	0.01124328	0.9831044	0.9839382	0.9847183
58.65764	0.01128315	0.9830832	0.9838825	0.9847015
58.63885	0.01131685	0.9829704	0.9838375	0.9846425
58.62334	0.01134086	0.9829958	0.9837919	0.9845904
58.59739	0.01138592	0.9828483	0.9837264	0.984544
58.57828	0.01142646	0.9828163	0.9836625	0.9844581
58.56089	0.01145411	0.9828145	0.9836185	0.9843913
58.54466	0.01148734	0.982678	0.9835548	0.9844083
58.53038	0.01152687	0.9827002	0.9835056	0.9843627
58.51333	0.01155548	0.9826041	0.9834641	0.9842717
58.49567	0.01159086	0.9824834	0.9834062	0.9842414
58.47838	0.01162918	0.9824853	0.9833369	0.9841624
58.4614	0.0116684	0.9823691	0.9832772	0.9841042
58.43998	0.0117019	0.9823428	0.9832292	0.984029
58.42462	0.01173629	0.9823201	0.9831639	0.9839347
58.40888	0.01176838	0.9822374	0.9831133	0.9838748
58.39174	0.011804	0.9821185	0.983056	0.9838673
58.37801	0.01183076	0.9821137	0.9830183	0.9838194
58.36114	0.01185825	0.982051	0.9829717	0.9837652
58.3435	0.01187183	0.9820607	0.9829452	0.9837637
58.31571	0.01196319	0.9819166	0.9828109	0.9836542
58.30169	0.01198132	0.9819828	0.982789	0.9835959
58.28984	0.01201123	0.9818712	0.9827317	0.9836082
58.27652	0.01203698	0.9818843	0.9826977	0.9835096
58.25998	0.0120709	0.9817697	0.9826545	0.9835588
58.24544	0.01209324	0.9816717	0.9826186	0.983515
58.23073	0.0121354	0.981687	0.9825423	0.9834215
58.21686	0.01217252	0.9816624	0.9824849	0.9833714
58.20176	0.01220187	0.9815146	0.9824457	0.98329
58.18531	0.01224135	0.9814831	0.9823856	0.9832615
58.1676	0.01227954	0.9814522	0.9823377	0.9832715
58.15407	0.01231589	0.9813506	0.9822832	0.9831574
58.13798	0.01236156	0.981342	0.9822084	0.9830465
58.121	0.01238843	0.98127	0.982174	0.9830579
58.10264	0.01243038	0.9811815	0.9820964	0.9829442
58.08875	0.01246763	0.9811177	0.9820338	0.9829063
58.07248	0.01250534	0.9810968	0.9819838	0.982876
58.04784	0.01255347	0.980903	0.9818858	0.982742
58.02925	0.01258723	0.9808706	0.9818328	0.9826675
58.01234	0.01262579	0.9808693	0.9817714	0.9826394
57.98891	0.01266665	0.9807801	0.9817029	0.9826216
57.97438	0.01269914	0.9808087	0.9816523	0.9824773
57.95726	0.012725	0.9807318	0.9816148	0.9824783
57.93362	0.01276961	0.9805527	0.9815491	0.9824653
57.91782	0.01280496	0.9805121	0.9815035	0.9824684
57.90559	0.01281941	0.9805602	0.9814826	0.9823866
57.88026	0.01287974	0.980494	0.9813918	0.9823019
57.86677	0.01291078	0.9804729	0.9813493	0.9822465
57.84828	0.01295704	0.9803263	0.9812742	0.9821992
57.82933	0.01298993	0.9802343	0.9812225	0.9821311
57.81589	0.01302098	0.9802426	0.9811771	0.9820741
57.80416	0.01304999	0.9801745	0.9811343	0.9819929
57.78934	0.01308659	0.9801693	0.9810756	0.9820996
57.77462	0.01313213	0.9799869	0.9809963	0.9819646
57.75789	0.01315861	0.980019	0.9809585	0.9819229
57.74563	0.01319331	0.9798989	0.9808898	0.9818011
57.72518	0.01322377	0.9797838	0.9808545	0.9817539
57.70851	0.013261	0.9798331	0.9807994	0.981751
57.68582	0.0133153	0.9797477	0.9807076	0.981609
57.673	0.01333851	0.9797566	0.9806646	0.98156
57.65947	0.01337364	0.9795763	0.9806211	0.9815365
57.64355	0.01340893	0.9795626	0.9805658	0.9815154
57.62732	0.01343546	0.9795581	0.980532	0.9815131
57.6128	0.01348096	0.9794492	0.9804506	0.9813896
57.59435	0.01351171	0.9794651	0.9804057	0.9813222
57.58194	0.01353698	0.9794538	0.9803698	0.9812007
57.56203	0.01358222	0.9793147	0.9803008	0.9811908
57.54389	0.01361554	0.9792449	0.9802422	0.9812017
57.52619	0.01366648	0.9790917	0.9801605	0.9811243
57.51301	0.01369531	0.9790909	0.9801185	0.9811138
57.49495	0.0137448	0.9791155	0.980044	0.9809649
57.47824	0.01378001	0.9789507	0.9799778	0.9809457
57.46262	0.01382046	0.9790036	0.9799167	0.980846
57.45106	0.01384353	0.9789037	0.9798914	0.9808112
57.43088	0.01388616	0.9788786	0.9798269	0.9807685
57.41719	0.01391988	0.9787952	0.979765	0.9807962
57.40204	0.01395795	0.9786986	0.979709	0.9806891
57.39117	0.01398892	0.9786343	0.9796621	0.9806218
57.37644	0.01403367	0.9785679	0.9795901	0.9805914
57.36306	0.01406123	0.9785195	0.9795544	0.9804488
57.34913	0.01409582	0.9784079	0.9794999	0.9804762
57.3299	0.01413196	0.9784592	0.979444	0.9804804
57.31213	0.01417139	0.9783649	0.9793869	0.9804151
57.29877	0.01420341	0.9782319	0.9793295	0.9803958
57.28291	0.01424173	0.9782203	0.9792695	0.9802605
57.26847	0.01427714	0.9781774	0.9791933	0.9801215
57.25279	0.01431315	0.9781961	0.9791322	0.9801009
57.23642	0.01435086	0.9781542	0.9790785	0.9800536
57.21937	0.01438681	0.9779779	0.9790281	0.980028
57.20392	0.01441601	0.9779226	0.978982	0.9798924
57.18979	0.01445398	0.9779239	0.9789258	0.9798455
57.17567	0.01447616	0.9779071	0.9789033	0.9798757
57.16369	0.01449543	0.9778804	0.9788771	0.9797877
57.12659	0.01462929	0.9777277	0.9786833	0.9796797
57.11243	0.01464883	0.9776663	0.9786655	0.9796936
57.10175	0.0146764	0.9775025	0.9786255	0.9795847
57.08952	0.0147011	0.9776057	0.9785814	0.9795761
57.07714	0.01473677	0.9775372	0.9785392	0.9795282
57.06326	0.01476076	0.9774621	0.9784957	0.9794716
57.04523	0.01479894	0.9774162	0.9784427	0.9794735
57.0345	0.01483145	0.9773718	0.9783901	0.9793066
57.02119	0.01486414	0.9772411	0.978347	0.9793231
57.00839	0.01489527	0.9772817	0.9782926	0.9793146
56.99158	0.0149306	0.9772286	0.978245	0.9792598
56.97241	0.01497267	0.9771281	0.978152	0.9791466
56.95847	0.01500954	0.977013	0.978099	0.9791427
56.94075	0.01505031	0.9769935	0.9780499	0.9790615
56.92845	0.0150855	0.9768864	0.9779979	0.9789703
56.91357	0.01512292	0.9768838	0.9779419	0.979042
56.90223	0.0151555	0.9768493	0.9779026	0.9788596
56.88633	0.01518591	0.9767124	0.9778558	0.9790072
56.87191	0.01521569	0.9767441	0.9778076	0.978877
56.85847	0.01525154	0.9767491	0.9777523	0.9788568
56.84127	0.01528512	0.976613	0.9777001	0.9787331
56.82594	0.01530981	0.9765942	0.9776335	0.9786635
56.80821	0.01534323	0.9765338	0.9775916	0.9786091
56.79775	0.01536908	0.9764384	0.9775376	0.9786113
56.78349	0.01540524	0.9764269	0.9774813	0.9784185
56.77015	0.01543421	0.9763491	0.9774436	0.9784976
56.76066	0.0154574	0.9763797	0.977404	0.978373
56.74514	0.01550461	0.9763304	0.9773214	0.9783654
56.72827	0.01553697	0.9761709	0.9772618	0.9783399
56.71384	0.01557684	0.976146	0.9771971	0.9782627
56.70296	0.01560606	0.9760991	0.9771611	0.9781735
56.6933	0.01563428	0.9759504	0.9771138	0.9782117
56.68241	0.01566877	0.9759493	0.9770469	0.9781049
56.66448	0.01572055	0.9759258	0.976969	0.9779612
56.649	0.01574623	0.9758839	0.9769298	0.9780188
56.63369	0.01578325	0.9757708	0.9768766	0.9779347
56.61907	0.0158196	0.9757035	0.97681	0.9778478
56.60662	0.01584618	0.9757283	0.9767752	0.9778809
56.59376	0.01588508	0.975631	0.9767216	0.9777918
56.58093	0.01591333	0.9755916	0.9766818	0.9777423
56.56909	0.01595427	0.9754758	0.9766038	0.9776733
56.55632	0.01599085	0.9754796	0.9765518	0.9776445
56.54527	0.0160288	0.9754651	0.9765023	0.9776502
56.53286	0.01605843	0.9753699	0.9764495	0.9775105
56.5157	0.0161217	0.9752467	0.976358	0.9774296
56.50506	0.01614169	0.9752279	0.9763073	0.977381
56.49353	0.01616712	0.9751617	0.9762654	0.9772851
56.47901	0.01620338	0.9751498	0.9761838	0.9772636
56.46777	0.01623391	0.9750296	0.9761344	0.9772695
56.45718	0.01627215	0.974981	0.9760864	0.9771439
56.444	0.01630874	0.9748374	0.9760258	0.9771083
56.4315	0.01634409	0.97483	0.9759733	0.9770448
56.41542	0.0163737	0.9748123	0.9759181	0.9769667
56.40079	0.01641473	0.9747144	0.9758274	0.9769041
56.38876	0.01644742	0.9746109	0.9757725	0.9768639
56.37319	0.01648076	0.9745468	0.9757165	0.9769149
56.35833	0.01651558	0.974541	0.9756579	0.9767756
56.34729	0.01654558	0.9745145	0.9756208	0.9767107
56.33192	0.01657499	0.974399	0.9755704	0.9767727
56.31747	0.01661676	0.9743945	0.9755041	0.9766086
56.30725	0.01664481	0.9743943	0.9754517	0.9765518
56.29536	0.01668448	0.9742985	0.9753808	0.9764911
56.28526	0.01671378	0.9741408	0.9753313	0.9764478
56.27373	0.01674898	0.9741448	0.9752757	0.9764001
56.26277	0.01677467	0.9740418	0.9752372	0.9763946
56.24152	0.01684442	0.9740069	0.9751265	0.9762499
56.23246	0.01685808	0.9739761	0.975107	0.9762702
56.21847	0.01688738	0.9738925	0.9750695	0.9762034
56.20604	0.01692073	0.9738402	0.975023	0.976193
56.19535	0.01694308	0.9738352	0.9749827	0.9760996
56.185	0.0169715	0.9737811	0.9749369	0.9761069
56.16651	0.01701955	0.9736507	0.974864	0.9759144
56.15217	0.01706418	0.9736447	0.9747799	0.9759888
56.1401	0.01710107	0.9735452	0.9747107	0.9758824
56.12318	0.01713348	0.9734592	0.9746628	0.9757381
56.10764	0.01716603	0.973477	0.9746159	0.9756901
56.09197	0.01720701	0.9732873	0.9745513	0.9757208
56.07969	0.017232	0.973422	0.9745143	0.9756961
56.07086	0.0172655	0.9733082	0.9744615	0.9755917
56.05681	0.01729917	0.9731942	0.9743967	0.9755332
56.0407	0.01733859	0.9731263	0.9743293	0.9754342
56.02626	0.01737636	0.9730542	0.9742713	0.9754214
56.01554	0.01740664	0.9729325	0.9742253	0.9753781
55.99732	0.01746669	0.97284	0.9741053	0.975221
55.98655	0.01749056	0.9728254	0.9740467	0.975062
55.97414	0.01753098	0.9727894	0.973984	0.9751514
55.95995	0.01756344	0.9727347	0.973935	0.9750548
55.94491	0.01760034	0.9726603	0.9738869	0.9750266
55.92921	0.01763686	0.9726699	0.9738119	0.9749298
55.91804	0.01766275	0.9725938	0.9737668	0.9748903
55.90136	0.01770647	0.972576	0.9737072	0.9748417
55.88846	0.01773185	0.9724823	0.9736646	0.9748416
55.86688	0.01779053	0.9722898	0.9735552	0.9747238
55.85511	0.0178255	0.9722495	0.9735011	0.9745996
55.84121	0.01785534	0.9723017	0.9734635	0.9746488
55.82791	0.01789195	0.9722003	0.9733959	0.974502
55.80841	0.01793484	0.9720682	0.9733211	0.9745202
55.79593	0.01797612	0.9720788	0.9732546	0.9745559
55.78473	0.01800653	0.9720182	0.9732051	0.9744668
55.77155	0.01803487	0.9719435	0.9731567	0.9743983
55.75597	0.01807566	0.971839	0.9730936	0.9741706
55.7428	0.01810565	0.9717802	0.9730244	0.9742051
55.72863	0.01814514	0.9717416	0.9729511	0.9741355
55.71483	0.01817449	0.971662	0.9729034	0.9741127
55.69945	0.01822044	0.97147	0.9728152	0.9739906
55.68894	0.01825182	0.9714762	0.9727398	0.9739538
55.67719	0.0182923	0.9714494	0.9726776	0.9739424
55.65986	0.01833659	0.9713077	0.9725905	0.9738091
55.64725	0.018365	0.9712599	0.9725304	0.9737838
55.63596	0.01839435	0.9713567	0.9724853	0.9736821
55.62255	0.01843579	0.9711509	0.9724285	0.9736414
55.61097	0.01846817	0.9712083	0.9723825	0.9736971
55.60097	0.01849062	0.9710571	0.9723397	0.9735039
55.59059	0.01851088	0.9710105	0.9723032	0.9736015
55.5816	0.0185429	0.9709728	0.9722645	0.9733651
55.5733	0.0185569	0.9709798	0.9722486	0.9733859
55.54138	0.01866488	0.970835	0.9720816	0.9732688
55.52794	0.01868373	0.9707642	0.9720435	0.9732538
55.51843	0.01871038	0.9707742	0.9720051	0.9731627
55.50571	0.01875088	0.9707244	0.9719352	0.9730853
55.49068	0.01878053	0.9705691	0.9718845	0.9730849
55.47933	0.01882008	0.9705427	0.9718344	0.9729821
55.46902	0.01884376	0.9705788	0.9718005	0.9730556
55.45615	0.01886687	0.9704322	0.9717649	0.9729515
55.44267	0.01890964	0.9703906	0.9716997	0.9729233
55.42649	0.01894761	0.9703573	0.9716502	0.9727927
55.4152	0.01898031	0.9702845	0.9715902	0.9728705
55.40294	0.01901504	0.9703155	0.971517	0.9727314
55.39105	0.01904214	0.9701561	0.9714705	0.9727384
55.3742	0.01907411	0.9701317	0.9714251	0.9726736
55.35728	0.0191053	0.9701695	0.9713696	0.9726107
55.34498	0.01914806	0.9700545	0.9712824	0.9725005
55.33255	0.01917801	0.9699697	0.971229	0.9724948
55.32052	0.01919361	0.9699742	0.971209	0.9724886
55.31009	0.01923061	0.9699051	0.9711444	0.9724509
55.29913	0.01926618	0.9697228	0.9710547	0.9722623
55.28762	0.01929837	0.9696732	0.971001	0.9723497
55.27441	0.01934267	0.9697095	0.9709373	0.972238
55.25585	0.01938262	0.9695952	0.970877	0.9720866
55.24394	0.01941345	0.9695483	0.9708205	0.9721639
55.23113	0.01943947	0.9694139	0.9707825	0.9720518
55.21713	0.01947672	0.9694648	0.9707305	0.971971
55.20842	0.01949865	0.9694529	0.970689	0.9720599
55.19623	0.01953679	0.9693936	0.9706398	0.9718765
55.18346	0.01957248	0.9692557	0.9705712	0.9718585
55.16803	0.01961081	0.969102	0.9704992	0.971764
55.15854	0.01963433	0.969331	0.9704601	0.9717901
55.14833	0.0196648	0.9691184	0.9704137	0.9717329
55.1321	0.01970357	0.9690924	0.9703424	0.9716444
55.11871	0.01973526	0.9690322	0.9702981	0.9715448
55.10593	0.01976924	0.9689654	0.9702412	0.9715595
55.09276	0.01980804	0.9688256	0.9701745	0.9714596
55.07893	0.01984425	0.9688209	0.9701066	0.9713522
55.06571	0.01986822	0.9687081	0.9700648	0.971318
55.05484	0.01989629	0.9687557	0.9700215	0.9713165
55.04163	0.0199304	0.9686159	0.9699652	0.9711738
55.02874	0.01996004	0.9686222	0.9699251	0.9713186
55.01663	0.01998521	0.9685301	0.9698931	0.9711839
55.00568	0.02000853	0.9684631	0.9698513	0.9710481
54.98652	0.02006282	0.9684161	0.9697534	0.9710849
54.97497	0.02009388	0.9684134	0.9696979	0.9709014
54.95983	0.02012976	0.9682617	0.9696061	0.9708888
54.95036	0.02015954	0.9683269	0.9695529	0.9708598
54.93846	0.02018658	0.9683583	0.9694982	0.9707963
54.92574	0.02022179	0.9682119	0.9694421	0.9708218
54.9129	0.02025244	0.9680666	0.9693935	0.9706632
54.89869	0.02028689	0.9680561	0.9693378	0.9705341
54.88584	0.02031388	0.9679392	0.969284	0.9705728
54.87379	0.02034947	0.9679017	0.9692218	0.9704319
54.86098	0.02038433	0.9679297	0.9691511	0.9704589
54.8489	0.02041379	0.9676458	0.9691128	0.9703635
54.83091	0.02045476	0.9676471	0.9690473	0.9703835
54.81888	0.02048903	0.9676834	0.9689767	0.9703741
54.80614	0.02052129	0.9675531	0.9689261	0.970243
54.79216	0.02055436	0.967601	0.9688705	0.9701205
54.77884	0.02058525	0.9675008	0.9688178	0.9700852
54.7692	0.02060669	0.9674799	0.968793	0.9701451
54.7555	0.02064722	0.96742	0.9687188	0.9700409
54.74259	0.02067554	0.9673486	0.9686752	0.9700115
54.73057	0.02071195	0.9673485	0.968629	0.9699121
54.71329	0.02074818	0.967197	0.9685721	0.9698225
54.69853	0.02079352	0.9670791	0.9685088	0.9698325
54.68441	0.02082842	0.9672055	0.9684539	0.9697298
54.67075	0.02086015	0.9670661	0.9683954	0.9696945
54.65889	0.02089843	0.966973	0.9683373	0.9696071
54.64207	0.02092648	0.9668248	0.9682628	0.9696279
54.62862	0.02096059	0.966943	0.9682166	0.9694875
54.61805	0.02098821	0.9668159	0.9681782	0.9695897
54.60519	0.02101818	0.9667701	0.9681237	0.9694048
54.59251	0.02104223	0.966724	0.9680862	0.9693469
54.58024	0.02107274	0.9666327	0.9680474	0.9694365
54.56897	0.0210951	0.9666833	0.9679999	0.9693572
54.55878	0.02111929	0.9666378	0.9679547	0.9694301
54.53257	0.02121125	0.9664429	0.9678034	0.9692286
54.5217	0.02123105	0.9663612	0.9677598	0.9691652
54.51197	0.02126058	0.9664136	0.9677067	0.9690383
54.49388	0.02129348	0.966226	0.967662	0.9689541
54.47921	0.02132166	0.966169	0.9676089	0.9688891
54.46677	0.02135425	0.9662573	0.9675528	0.9688492
54.45412	0.02138451	0.9662199	0.967503	0.9688772
54.44057	0.02141288	0.9660159	0.9674651	0.9687464
54.42636	0.02144947	0.9661661	0.967399	0.9688346
54.41445	0.02148142	0.9660263	0.9673393	0.9686081
54.39874	0.0215201	0.9659276	0.9672755	0.9685878
54.38118	0.02155966	0.9658572	0.9672055	0.9686117
54.36704	0.02160099	0.9658262	0.9671451	0.9685162
54.35508	0.02163533	0.9657626	0.9670747	0.9684086
54.34028	0.02167557	0.9655073	0.9670038	0.9683092
54.32627	0.02170521	0.9655463	0.9669663	0.9683808
54.31403	0.02173373	0.9654244	0.9669245	0.9682327
54.30023	0.02175955	0.9654608	0.9668824	0.9682961
54.29047	0.02177624	0.9654697	0.966857	0.9682113
54.27804	0.02181946	0.9655424	0.9667965	0.9681036
54.27022	0.02184987	0.9653899	0.9667367	0.9680572
54.26014	0.0218777	0.9653143	0.9666886	0.9680302
54.24805	0.02190855	0.9652481	0.966642	0.967956
54.2409	0.02192706	0.9651943	0.9666025	0.9680216
54.23133	0.02195942	0.9651311	0.9665437	0.9678789
54.21829	0.02198183	0.9650848	0.9665088	0.9679167
54.20355	0.0220226	0.9649146	0.9664514	0.9678228
54.19177	0.02205685	0.9649903	0.9663934	0.9677232
54.17883	0.02207934	0.9648591	0.96634	0.9677141
54.16299	0.02212312	0.9649295	0.9662577	0.967654
54.15318	0.02213736	0.9648681	0.9662304	0.9677222
54.14005	0.02217715	0.9646759	0.96616	0.9674561
54.12661	0.02219993	0.9647259	0.9661244	0.9674609
54.11587	0.02223259	0.9646536	0.9660585	0.9675208
54.10428	0.0222554	0.9646241	0.9660215	0.967394
54.09224	0.022287	0.9647076	0.9659787	0.9672093
54.07921	0.02232265	0.9645458	0.9659243	0.9673719
54.06768	0.02235208	0.9644964	0.9658681	0.9671812
54.05777	0.02237293	0.9643682	0.9658379	0.9672454
54.04023	0.02240847	0.9644174	0.9657766	0.9671502
54.02989	0.02244201	0.9643418	0.9657287	0.9670444
54.01974	0.02246876	0.9641999	0.9656726	0.9670737
54.0098	0.02249309	0.9642312	0.9656269	0.9670355
53.99604	0.02254437	0.9641283	0.9655444	0.966949
53.98593	0.02257442	0.9640271	0.965497	0.9670244
53.97303	0.02260353	0.9639389	0.9654492	0.9669701
53.95997	0.02264214	0.9638794	0.9653858	0.9667851
53.94848	0.02266934	0.9638646	0.9653206	0.9667801
53.93482	0.02270688	0.9637665	0.9652573	0.9666709
53.92025	0.02274769	0.9638241	0.9651929	0.9665661
53.90765	0.02277068	0.9638112	0.9651621	0.9665724
53.89519	0.0227972	0.9637308	0.96513	0.9664961
53.8853	0.02282573	0.9636441	0.9650827	0.9664084
53.8731	0.02284503	0.9635923	0.9650493	0.9665128
53.86514	0.02286477	0.9635504	0.9650143	0.9665225
53.85186	0.02289585	0.9636034	0.9649433	0.9663959
53.83085	0.0229636	0.963321	0.9648318	0.9662448
53.82135	0.02298181	0.9633568	0.9648025	0.9663205
53.81036	0.02301014	0.9632318	0.96475	0.9662607
53.79765	0.02303709	0.9632769	0.9646962	0.9661443
53.78907	0.02307446	0.9631436	0.964614	0.9659898
53.76978	0.0231124	0.963061	0.9645439	0.9660225
53.75628	0.02314326	0.9630472	0.9644961	0.9658848
53.74348	0.02317265	0.9629796	0.9644527	0.9658256
53.72884	0.02320587	0.9630506	0.9644003	0.9658577
53.71409	0.02324594	0.9629039	0.9643471	0.9656084
53.70252	0.0232764	0.9628824	0.9642964	0.96581
53.68994	0.02330694	0.962746	0.9642434	0.9656612
53.67778	0.0233386	0.9627186	0.9641886	0.9656603
53.66671	0.02336359	0.9626459	0.9641398	0.9656178
53.65155	0.02339764	0.9626772	0.9640864	0.9654601
53.64363	0.02342215	0.9626092	0.9640459	0.9653952
53.6321	0.02345458	0.962466	0.9639999	0.9653689
53.62048	0.02348575	0.9624111	0.9639397	0.9653424
53.61306	0.0235103	0.9624961	0.9639075	0.9654402
53.60263	0.02354147	0.9625256	0.9638588	0.9653005
53.59228	0.02357118	0.9623449	0.9638004	0.9652437
53.57806	0.02359939	0.9622995	0.9637509	0.9651749
53.56238	0.02364996	0.962207	0.963641	0.9650608
53.55182	0.02367497	0.9620584	0.9635898	0.9649797
53.54011	0.02369784	0.9621329	0.9635547	0.9649992
53.52842	0.02373372	0.9620128	0.9634968	0.9648892
53.51218	0.02376708	0.9619497	0.9634406	0.9649081
53.50072	0.02380503	0.9618697	0.9633889	0.9649452
53.48254	0.02384757	0.9617212	0.9633251	0.9647966
53.47272	0.02386924	0.9618337	0.9632939	0.9646748
53.45624	0.02390506	0.9616776	0.9632309	0.9646198
53.44022	0.02393749	0.9618251	0.9631701	0.9645702
53.4297	0.02396352	0.9614847	0.9631212	0.9644762
53.41721	0.02399798	0.9616914	0.9630435	0.9643983
53.40629	0.0240306	0.9615413	0.9630064	0.964454
53.39229	0.02405452	0.9614931	0.9629599	0.9643674
53.38302	0.02408249	0.9613631	0.9629155	0.9644236
53.37193	0.02411254	0.9613591	0.9628675	0.9643347
53.35996	0.02413877	0.9612899	0.9628251	0.9644079
53.34996	0.02415361	0.961222	0.9627841	0.964337
53.33801	0.02417349	0.9613105	0.9627592	0.9642655
53.31851	0.02422701	0.9611662	0.9626682	0.9641488
53.30884	0.02425012	0.9610499	0.96263	0.9640851
53.2963	0.02427606	0.9610739	0.9625928	0.9641951
53.28388	0.02430612	0.9610443	0.9625487	0.9639643
53.26859	0.02433913	0.9610681	0.9624905	0.9639381
53.25594	0.02437263	0.9608985	0.9624312	0.9639369
53.23849	0.02440796	0.96085	0.9623683	0.9639476
53.22867	0.02443746	0.9608623	0.9623153	0.9639127
53.21554	0.02447461	0.960738	0.9622174	0.9636923
53.20174	0.02450703	0.9605931	0.9621496	0.963704
53.1837	0.02453874	0.9606681	0.9621008	0.9635053
53.17213	0.02456539	0.9605558	0.9620375	0.9634617
53.15865	0.02459186	0.9604226	0.9619921	0.9634763
53.14467	0.02461882	0.9604246	0.9619495	0.9633751
53.13248	0.02464643	0.9604764	0.9619038	0.9632762
53.11589	0.02468724	0.9604366	0.9618357	0.9633699
53.10485	0.02471446	0.9602985	0.9617852	0.9632577
53.09071	0.02474204	0.9601696	0.9617467	0.9632217
53.07781	0.02476868	0.9601065	0.9617049	0.9632809
53.0636	0.02478949	0.9600556	0.9616711	0.9631966
53.04579	0.02481515	0.9600821	0.9616248	0.9631755
53.03238	0.02484262	0.9601018	0.961592	0.9630954
53.01736	0.02487481	0.9600916	0.961543	0.9630439
53.00161	0.02490669	0.9598833	0.9614681	0.9628495
52.98755	0.02494402	0.959884	0.9614097	0.9628387
52.97509	0.02496913	0.959903	0.9613739	0.9628041
52.96414	0.02499902	0.9598686	0.9613133	0.9627771
52.95531	0.02502143	0.9597785	0.9612786	0.9628512
52.93137	0.02507904	0.9597038	0.9611845	0.9626729
52.92111	0.02509538	0.9596712	0.9611518	0.9626408
52.90801	0.02511614	0.9595913	0.9610968	0.9625715
52.8909	0.02514628	0.9595617	0.9610467	0.9625861
52.87642	0.02517762	0.9594756	0.9609857	0.9624144
52.86301	0.02520862	0.9593323	0.9609318	0.9624606
52.85104	0.02523692	0.9593263	0.9608882	0.9624215
52.83878	0.02525993	0.9592019	0.9608497	0.9624068
52.82415	0.02528893	0.9594227	0.9608039	0.9622991
52.81387	0.02531387	0.9592213	0.960759	0.9623225
52.80127	0.02533922	0.9592091	0.9607285	0.962216
52.78789	0.02535945	0.9591608	0.9607022	0.962233
52.77198	0.02539089	0.9590971	0.960623	0.9621495
52.75933	0.02542025	0.9590043	0.9605725	0.9620484
52.74389	0.02545133	0.9589789	0.960523	0.9620696
52.73234	0.02547612	0.9588838	0.96047	0.9619906
52.7175	0.02549742	0.9589232	0.9604357	0.9619821
52.7039	0.02552244	0.9589885	0.9603881	0.9619973
52.68887	0.02554648	0.9588408	0.96035	0.9618468
52.67476	0.02557295	0.9586218	0.9602881	0.9618354
52.66226	0.02559774	0.9586795	0.9602404	0.9618112
52.65023	0.02561849	0.9585872	0.9602125	0.9617009
52.63982	0.02564012	0.9586616	0.9601794	0.9616936
52.62244	0.02568077	0.9586236	0.9601318	0.9616874
52.61125	0.02570057	0.9586251	0.9600855	0.9616446
52.59003	0.02573269	0.9584005	0.9600321	0.9615606
52.57655	0.0257581	0.9584739	0.9599929	0.9614671
52.56489	0.02578088	0.9583887	0.959961	0.9616723
52.54991	0.02581776	0.9583968	0.9598984	0.9614224
52.53602	0.02585098	0.9581912	0.9598409	0.9615035
52.52066	0.02587771	0.9583779	0.9597972	0.9613367
52.50728	0.02590582	0.9582516	0.9597438	0.9612108
52.48652	0.02594287	0.9579832	0.9596699	0.9610717
52.46997	0.02596701	0.9582339	0.9596215	0.9610936
52.45992	0.02598907	0.9581967	0.9595794	0.9612318
52.44398	0.0260225	0.9579628	0.9595234	0.9611499
52.4322	0.02604893	0.9580565	0.9594736	0.9610564
52.41706	0.02607317	0.957864	0.959434	0.9610371
52.40451	0.02610228	0.9577757	0.9593693	0.960897
52.39187	0.02611966	0.957829	0.9593359	0.9607755
52.36974	0.02615855	0.9577305	0.9592613	0.9607963
52.35575	0.02618097	0.9576809	0.9592201	0.9606991
52.34127	0.0262051	0.9576291	0.9591771	0.9606282
52.3297	0.02623685	0.9574829	0.9591097	0.9606194
52.31618	0.02626729	0.9575181	0.9590675	0.9606873
52.29888	0.0262911	0.9574859	0.9590315	0.9605181
52.28327	0.02632843	0.9573484	0.9589924	0.9604808
52.26354	0.02635923	0.957398	0.9589425	0.9603784
52.25131	0.02638416	0.9573221	0.9589059	0.9606169
52.23562	0.02640411	0.957331	0.9588695	0.960445
52.21673	0.02642824	0.9573501	0.9588318	0.960369
52.2017	0.02645187	0.9570912	0.958793	0.960304
52.18772	0.02647311	0.9573445	0.9587539	0.96028
52.16206	0.02650822	0.9571969	0.958707	0.9603231
52.14582	0.02652394	0.9570636	0.9586749	0.9601732
52.13239	0.02654905	0.9569358	0.9586225	0.9602248
52.11914	0.02657644	0.9569467	0.9585728	0.960051
52.10092	0.02659356	0.9570633	0.9585359	0.9600555
52.08723	0.026626	0.9567406	0.9584875	0.9601028
52.07027	0.02665446	0.9567804	0.9584381	0.9600575
52.0596	0.02668015	0.9568166	0.9583965	0.9600591
52.04493	0.02670554	0.9568488	0.9583461	0.9598849
52.02924	0.02673447	0.9566583	0.9583066	0.9599758
52.01493	0.02675737	0.9567191	0.9582546	0.959681
51.99555	0.02679379	0.956596	0.9581927	0.9597688
51.97847	0.02681677	0.9564916	0.9581575	0.9595998
51.96125	0.02683884	0.9565187	0.9581222	0.9597728
51.94433	0.02687476	0.9565032	0.958056	0.9596454
51.92719	0.02689778	0.9563103	0.9580191	0.9595159
51.90939	0.02693022	0.9563974	0.9579644	0.9595513
51.89121	0.02695478	0.9562666	0.9579148	0.959638
51.87386	0.02698803	0.9563704	0.9578578	0.9595363
51.8577	0.02700471	0.9561752	0.9578288	0.9595079
51.84235	0.02703974	0.9561536	0.957753	0.9593246
51.82339	0.02706259	0.9561528	0.9577051	0.9592889
51.80895	0.0270828	0.9559885	0.9576721	0.9593059
51.78959	0.02711016	0.9559328	0.9576411	0.9592676
51.76677	0.02713874	0.9559996	0.9575833	0.9591471
51.74935	0.02715934	0.955793	0.9575555	0.9592093
51.73289	0.02718108	0.9557905	0.9575183	0.9591595
51.71135	0.02721582	0.9558714	0.9574589	0.9590642
51.69283	0.02723592	0.9558588	0.9574127	0.958997
51.68053	0.0272611	0.9558169	0.9573641	0.9588463
51.66584	0.02728215	0.9555555	0.9573081	0.9589664
51.64803	0.02730521	0.9555651	0.9572687	0.9587257
51.63084	0.02732944	0.9557133	0.9572346	0.9587896
51.60641	0.02736447	0.9555178	0.9571699	0.9588355
51.58671	0.02738591	0.9554844	0.9571372	0.9587592
51.57348	0.02740456	0.9555698	0.9570999	0.9587416
51.55414	0.02742854	0.9554933	0.9570637	0.9586745
51.53608	0.02745579	0.955466	0.9570329	0.9585922
51.51991	0.0274806	0.9553558	0.9569805	0.9585121
51.49778	0.02750733	0.9554269	0.9569241	0.9585401
51.48154	0.02753291	0.9552166	0.9568462	0.9583263
51.46311	0.02755416	0.9552408	0.9568137	0.9583818
51.44743	0.02757762	0.9551441	0.9567812	0.9583505
51.42299	0.02759879	0.9551409	0.9567463	0.9583711
51.40603	0.0276227	0.9551055	0.9567056	0.9582894
51.38733	0.02764873	0.9549162	0.9566643	0.9583004
51.36895	0.02766874	0.9548715	0.956634	0.9584006
51.35179	0.02768722	0.9549163	0.9565931	0.9582043
51.33301	0.02771495	0.9550467	0.956543	0.9581365
51.31362	0.0277323	0.9549052	0.9565128	0.9582029
51.29014	0.02775748	0.9547782	0.9564835	0.95813
51.26959	0.02778364	0.9548002	0.9564388	0.9580182
51.24872	0.02781373	0.954701	0.9563833	0.9579562
51.22366	0.02783039	0.954782	0.9563465	0.957974
51.20322	0.02785857	0.9546253	0.9562875	0.9579468
51.18103	0.0278791	0.9545796	0.9562606	0.957827
51.16398	0.02790313	0.9544941	0.9562056	0.9578051
51.14005	0.02792863	0.9545593	0.9561507	0.957753
51.12345	0.0279532	0.9543898	0.9561112	0.9577205
51.09785	0.02797634	0.9544175	0.956066	0.9576584
51.07255	0.02800075	0.9542919	0.9560224	0.9576924
51.05044	0.02802144	0.9544578	0.9559804	0.9573982
51.02734	0.02804975	0.9542126	0.9559375	0.9575045
51.00472	0.0280766	0.954225	0.9558842	0.9575635
50.98339	0.02809156	0.9541613	0.9558696	0.9574768
50.9599	0.02811462	0.9540957	0.9558248	0.9575149
50.93532	0.02813265	0.9541579	0.955796	0.957306
50.91051	0.02815007	0.95406	0.9557795	0.9572617
50.88849	0.02817418	0.9540661	0.9557416	0.9573992
50.85573	0.0281969	0.9539391	0.9556943	0.9573939
50.82816	0.02821672	0.9540342	0.955658	0.9572545
50.80921	0.02823857	0.9538317	0.9556095	0.9570554
50.78685	0.02826166	0.9539276	0.9555752	0.9571958
50.76316	0.0282809	0.9538527	0.9555488	0.9571124
50.74066	0.02830041	0.9538663	0.9555089	0.957035
50.71723	0.02832166	0.953708	0.9554781	0.9571368
50.69065	0.02834275	0.9536939	0.9554446	0.956996
50.66345	0.02837321	0.9537982	0.9553892	0.9570566
50.6365	0.02839054	0.9537672	0.955351	0.9569588
50.61466	0.02841712	0.953722	0.9553028	0.9570064
50.5796	0.02843979	0.9536834	0.9552521	0.956841
50.55749	0.0284581	0.9536224	0.9552131	0.9568648
50.53086	0.0284816	0.9534674	0.9551766	0.9568021
50.50517	0.02850305	0.9535211	0.9551388	0.9567571
50.47374	0.02851918	0.9533861	0.9551181	0.9568244
50.44021	0.02853957	0.9533478	0.9550837	0.9567758
50.40875	0.0285531	0.9533676	0.9550558	0.9567339
50.38125	0.02857061	0.9534328	0.9550216	0.9566283
50.35178	0.02858598	0.9533727	0.9549862	0.9565796
50.31777	0.02860466	0.953381	0.9549418	0.9564935
50.28597	0.02862027	0.9532897	0.9549178	0.956613
50.25859	0.02864098	0.953285	0.9548893	0.9564428
50.22552	0.02865284	0.9532644	0.9548705	0.9564181
50.1984	0.02867243	0.9531763	0.9548349	0.9564679
50.169	0.02869003	0.9532146	0.9547925	0.9564211
50.1356	0.02870494	0.9530864	0.9547752	0.9564216
50.10525	0.02872201	0.9531234	0.9547519	0.9563459
50.03604	0.0287377	0.9529915	0.9547127	0.9562604
49.9025	0.0288443	0.9528591	0.9545435	0.9562107
49.86412	0.02885665	0.9529397	0.9545251	0.9560796
49.84431	0.02887013	0.952653	0.9545053	0.9561806
49.81635	0.02888111	0.9527362	0.954494	0.9562297
49.77424	0.02889463	0.9527802	0.9544631	0.956124
49.72501	0.02890726	0.9527951	0.9544492	0.9560826
49.69177	0.02892123	0.9528189	0.9544278	0.9560774
49.65751	0.02894134	0.9526963	0.9543885	0.956003
49.6208	0.02895837	0.9526838	0.9543618	0.9559083
49.57683	0.02897387	0.9527522	0.9543421	0.9559983
49.54284	0.0289906	0.9525767	0.9543113	0.9558688
49.50559	0.02900382	0.9524994	0.9542917	0.9560324
49.45039	0.02902143	0.9526354	0.9542578	0.9558393
49.41098	0.02903638	0.9525183	0.9542328	0.9559009
49.36252	0.0290495	0.9525865	0.9542152	0.955782
49.3039	0.02906875	0.9525128	0.9541717	0.955795
49.24335	0.02908202	0.9524579	0.9541486	0.9557171
49.19569	0.02909526	0.9525184	0.954132	0.9557355
49.1154	0.02911308	0.9524693	0.9541077	0.9556867
49.05384	0.0291259	0.9522708	0.9540814	0.9556802
49.00551	0.02914264	0.9523019	0.9540604	0.9557288
48.94665	0.02915752	0.9523405	0.9540363	0.9556736
48.89411	0.02917263	0.952434	0.9540112	0.9557214
48.83111	0.02918739	0.9524182	0.9539907	0.955809
48.75258	0.02919995	0.952274	0.9539775	0.9556191
48.68226	0.02921079	0.9522361	0.9539613	0.9556718
48.61761	0.02922254	0.9522874	0.9539431	0.9555151
48.53943	0.02923573	0.9523202	0.953913	0.955529
48.4627	0.02924616	0.9521787	0.9538928	0.9555769
48.34664	0.02925891	0.952178	0.9538694	0.955502
48.23956	0.02926995	0.9520924	0.9538474	0.955457
48.13083	0.02928687	0.9520454	0.9538192	0.9555228
48.0071	0.02929214	0.952101	0.9538078	0.9554093
47.88882	0.02930168	0.9521294	0.9537904	0.9555062
47.72899	0.02931388	0.9520642	0.9537686	0.9553296
47.60887	0.02932307	0.9520521	0.9537459	0.9553388
47.46744	0.02932981	0.9519905	0.95373	0.9553623
47.31579	0.0293407	0.952048	0.9537121	0.955342
47.11712	0.02934903	0.9519356	0.953696	0.9554191
46.86559	0.02935923	0.9520083	0.9536834	0.9553802
46.53534	0.02936824	0.9519753	0.953665	0.9553296
46.21377	0.02937313	0.9520384	0.9536549	0.9553508
45.55829	0.02937675	0.9518676	0.9536476	0.9553377
43.91892	0.02938284	0.9519917	0.9536378	0.9553514
