1	0.03973451	0.9368956	0.937706	0.9386217
2	0.0397345	0.9368602	0.937706	0.9385662
4	0.0397345	0.9368559	0.937706	0.9385365
10	0.0397345	0.9367923	0.937706	0.9385095
11	0.03912206	0.9378396	0.9386703	0.9395265
12	0.03910507	0.9378262	0.9386909	0.9395962
13	0.03833365	0.939091	0.9399148	0.9407555
14	0.0382809	0.9391255	0.9399824	0.9408625
15	0.03501552	0.9444768	0.9452663	0.9460775
16	0.0348529	0.9446865	0.9454944	0.9463176
17	0.03190643	0.9495075	0.9502525	0.9510008
18	0.03166449	0.9498767	0.9506255	0.951351
19	0.02754148	0.9561981	0.956922	0.9576093
20	0.02707732	0.9569397	0.9576197	0.958255
21	0.02377007	0.9623382	0.9630023	0.9636229
22	0.02303496	0.963497	0.9641494	0.9647614
23	0.02016711	0.9683475	0.9689489	0.9695357
24	0.01942979	0.9695996	0.9701084	0.9706759
25	0.01473999	0.9773178	0.9778272	0.9783351
26	0.01400494	0.9785722	0.9790118	0.9794552
27	0.01207983	0.9817875	0.9822319	0.9826488
28	0.01120092	0.9833369	0.9837378	0.9841499
29	0.009674298	0.9859668	0.9863293	0.9866882
30	0.008818116	0.9874115	0.9877883	0.9881563
31	0.008161616	0.9884458	0.9888417	0.9891957
32	0.007526918	0.9895455	0.9899002	0.9902522
33	0.006969028	0.9905199	0.9908287	0.9911329
34	0.006465795	0.9913626	0.9916778	0.9919746
35	0.006115949	0.9918812	0.9921985	0.9924969
36	0.005741559	0.9925094	0.9928166	0.9931161
37	0.005228857	0.9933476	0.9936598	0.9939436
38	0.004734512	0.9942117	0.994482	0.994742
39	0.004369918	0.9947992	0.9950737	0.995326
40	0.004076428	0.9952757	0.9955591	0.9958008
41	0.003828888	0.9956731	0.9959231	0.9961589
42	0.00359212	0.9960394	0.9963045	0.9965408
43	0.00340398	0.9963297	0.9965921	0.9968146
44	0.003247498	0.9965407	0.9968129	0.9970291
45	0.003114414	0.9967422	0.9970046	0.9972219
46	0.002994683	0.9969182	0.997173	0.997404
47	0.002808785	0.99719	0.9974276	0.9976373
48	0.002724335	0.9972944	0.9975404	0.9977498
49	0.002607878	0.9974653	0.9976917	0.9978923
50	0.002502656	0.9976074	0.9978334	0.9980389
51	0.002413501	0.9976974	0.9979479	0.9981478
52	0.002342334	0.9978207	0.9980415	0.9982357
53	0.002252439	0.9979401	0.9981491	0.9983606
54	0.002184463	0.9979912	0.9982294	0.9984229
55	0.002115517	0.9981005	0.9983089	0.9985171
56	0.002051494	0.9981721	0.998388	0.9985703
57	0.001997068	0.998234	0.9984481	0.9986263
58	0.001948103	0.99829	0.9985078	0.9986926
59	0.001888893	0.9983434	0.9985764	0.9987415
60	0.001849718	0.9984181	0.9986215	0.9987908
61	0.001801763	0.9984745	0.998679	0.9988578
62	0.001754477	0.9985209	0.998731	0.9989011
63	0.00171092	0.998572	0.9987847	0.9989543
64	0.001676773	0.9986125	0.9988245	0.9990001
65	0.001637699	0.9986738	0.998868	0.9990384
66	0.001611083	0.998681	0.9988961	0.9990652
67	0.00158057	0.9987337	0.998931	0.9990998
68	0.00155395	0.9987392	0.9989577	0.9991254
69	0.001527088	0.9987808	0.9989852	0.9991451
70	0.00150304	0.9988009	0.9990134	0.9991769
71	0.001472836	0.9988262	0.9990418	0.9992038
72	0.001453632	0.998859	0.9990606	0.9992211
73	0.001430215	0.9988739	0.9990848	0.9992393
74	0.001406392	0.9989089	0.9991038	0.9992626
75	0.001388166	0.9989395	0.999121	0.9992822
76	0.001371613	0.9989446	0.999133	0.9992914
77	0.001351935	0.9989614	0.9991493	0.9993027
78	0.001339147	0.9989633	0.9991589	0.9993206
79	0.001322168	0.9989656	0.9991721	0.9993346
80	0.001307936	0.9989859	0.9991886	0.999343
81	0.001292687	0.9990206	0.9992017	0.9993626
82	0.001281578	0.9990016	0.9992079	0.9993627
83	0.001264692	0.9990061	0.999225	0.999382
84	0.001253031	0.9990339	0.9992347	0.9993893
85	0.001238903	0.9990555	0.9992501	0.9994012
86	0.00122628	0.9990815	0.9992613	0.9994107
87	0.001217267	0.9990849	0.9992683	0.9994217
88	0.001207558	0.9991029	0.9992765	0.9994072
89	0.001193039	0.9991083	0.9992886	0.9994332
90	0.001184833	0.9990987	0.9992954	0.9994392
91	0.001176992	0.9991132	0.9992999	0.999441
92	0.001169883	0.9991066	0.9993056	0.9994562
93	0.001159871	0.9991279	0.999314	0.999461
94	0.00115259	0.9991386	0.9993204	0.9994624
95	0.001142098	0.999143	0.9993284	0.9994745
96	0.001131274	0.9991435	0.9993376	0.9994834
97	0.001122437	0.9991602	0.9993438	0.999493
98	0.001114113	0.9991488	0.999348	0.999495
99	0.001103187	0.9991701	0.9993572	0.9995016
100	0.001096466	0.9991738	0.9993616	0.999499
101	0.001088742	0.9991804	0.9993657	0.999517
102	0.001081094	0.9991829	0.9993699	0.9995183
103	0.001072964	0.9991845	0.9993744	0.9995171
104	0.001066377	0.9991933	0.9993787	0.9995273
105	0.001060407	0.9991996	0.999384	0.9995322
106	0.001052283	0.9992135	0.9993885	0.9995363
107	0.001046865	0.9991934	0.9993916	0.999527
108	0.00104209	0.999202	0.999394	0.9995306
109	0.001033495	0.9992215	0.9994008	0.9995471
110	0.001028064	0.9992067	0.9994054	0.9995448
111	0.00102395	0.9992195	0.9994084	0.9995553
112	0.001017833	0.9992309	0.9994107	0.9995556
113	0.001012495	0.9992258	0.9994143	0.9995531
114	0.001007361	0.9992187	0.9994186	0.9995729
115	0.001001296	0.999243	0.9994235	0.9995695
116	0.0009969026	0.9992369	0.9994258	0.9995611
117	0.0009904393	0.9992434	0.9994308	0.9995631
118	0.000983831	0.9992542	0.9994338	0.9995758
119	0.0009783651	0.9992483	0.9994369	0.9995824
120	0.000973403	0.9992661	0.9994404	0.9995767
121	0.0009694619	0.9992768	0.9994425	0.9995827
122	0.0009647169	0.9992565	0.9994454	0.9995885
123	0.0009609132	0.9992734	0.9994497	0.9995831
124	0.0009574098	0.9992703	0.999452	0.9995946
125	0.0009518316	0.9992756	0.9994568	0.9995978
126	0.0009485155	0.9992788	0.9994597	0.9995989
127	0.0009451498	0.9992725	0.9994619	0.9995983
128	0.0009419547	0.9992814	0.9994634	0.9995985
129	0.000939147	0.9992881	0.9994649	0.9996068
130	0.0009336052	0.99928	0.9994678	0.9996069
131	0.0009285488	0.9992961	0.999471	0.9996053
132	0.0009246764	0.9992966	0.9994727	0.9996086
133	0.0009211212	0.9992913	0.9994757	0.9996073
134	0.0009171418	0.9992911	0.9994775	0.9996204
135	0.0009146975	0.9992881	0.9994791	0.9996153
136	0.0009114844	0.9992887	0.9994801	0.9996092
137	0.0009082896	0.9992946	0.9994818	0.9996207
138	0.0009058823	0.9993058	0.9994841	0.9996216
139	0.0009020259	0.9993133	0.9994858	0.9996285
140	0.0008991681	0.9992943	0.999488	0.9996236
141	0.000895619	0.9993064	0.9994892	0.9996232
142	0.0008909306	0.9993145	0.9994909	0.9996287
143	0.00088741	0.9993097	0.9994929	0.9996368
144	0.000884035	0.9993038	0.9994952	0.9996257
145	0.0008798874	0.9993256	0.9994961	0.999633
146	0.0008765784	0.999319	0.9994972	0.999632
147	0.000873255	0.9993	0.9994996	0.9996399
148	0.0008696084	0.9993195	0.9995008	0.9996354
149	0.0008669519	0.9993007	0.9995035	0.9996335
150	0.0008644094	0.9993232	0.9995044	0.9996443
151	0.0008607921	0.9993195	0.9995058	0.9996402
152	0.0008573546	0.9993425	0.999508	0.9996483
153	0.0008557606	0.9993153	0.9995082	0.9996511
154	0.0008532729	0.9993193	0.9995105	0.9996536
155	0.0008504604	0.9993191	0.9995123	0.99965
156	0.0008486157	0.999351	0.9995136	0.9996481
157	0.0008438119	0.9993225	0.999517	0.9996501
158	0.0008414057	0.9993194	0.9995207	0.9996585
159	0.0008399811	0.999352	0.9995212	0.9996592
160	0.0008381106	0.9993484	0.999522	0.9996563
161	0.0008349796	0.9993363	0.9995219	0.9996632
162	0.0008333181	0.9993481	0.9995221	0.9996632
163	0.0008306017	0.9993527	0.9995239	0.9996566
164	0.000828046	0.9993313	0.9995259	0.9996623
165	0.000825681	0.9993307	0.9995266	0.9996712
166	0.0008234617	0.9993497	0.9995273	0.9996619
167	0.0008210453	0.9993523	0.9995281	0.9996586
168	0.0008186789	0.9993542	0.9995293	0.9996621
169	0.0008165346	0.9993596	0.9995298	0.9996614
170	0.0008146333	0.9993372	0.9995296	0.9996632
171	0.0008121626	0.9993532	0.9995314	0.9996699
172	0.0008106855	0.9993427	0.9995326	0.9996688
173	0.0008079117	0.9993599	0.9995353	0.9996658
174	0.0008046122	0.9993374	0.999537	0.9996727
175	0.0008015021	0.9993662	0.9995397	0.9996701
176	0.000799057	0.9993547	0.999542	0.9996817
177	0.0007970396	0.9993629	0.9995435	0.9996793
178	0.0007920731	0.9993668	0.9995478	0.9996785
179	0.0007894213	0.9993567	0.999549	0.9996886
180	0.0007881032	0.999374	0.9995502	0.9996828
181	0.0007850022	0.9993694	0.9995511	0.9996954
182	0.0007832158	0.9993853	0.9995545	0.9996926
183	0.0007807263	0.9993699	0.9995564	0.9996831
184	0.0007776717	0.9993924	0.9995583	0.999688
185	0.0007761453	0.9993752	0.9995589	0.9996949
186	0.0007747319	0.9993788	0.9995598	0.9996907
187	0.0007730244	0.9994031	0.9995602	0.9997014
188	0.0007726832	0.9993624	0.9995602	0.9996923
189	0.0007705028	0.9993789	0.9995623	0.9996956
190	0.0007691803	0.999387	0.9995624	0.9996974
191	0.0007680077	0.9993894	0.9995631	0.9997001
192	0.0007659902	0.9993953	0.9995649	0.9996988
193	0.0007634946	0.9993912	0.9995663	0.9997041
194	0.0007617189	0.9993942	0.9995662	0.9997037
195	0.000759745	0.9993862	0.9995686	0.9997069
196	0.0007567928	0.9993863	0.9995703	0.9996991
197	0.0007543361	0.9993853	0.9995707	0.9997061
198	0.0007530586	0.9993753	0.9995708	0.999707
199	0.0007497425	0.9993967	0.9995731	0.9997064
200	0.00074703	0.9993936	0.9995731	0.9997087
201	0.0007455658	0.9993849	0.9995743	0.9997132
202	0.0007432977	0.9994076	0.9995759	0.9997131
203	0.0007409344	0.9994057	0.999576	0.9997088
204	0.0007385111	0.9994116	0.9995769	0.9997121
205	0.0007365849	0.9993959	0.9995773	0.9997064
206	0.0007356976	0.9993944	0.999578	0.9997178
207	0.0007342415	0.9994069	0.9995782	0.9997203
208	0.0007316895	0.9993987	0.999579	0.9997107
209	0.0007292717	0.9994168	0.9995797	0.9997143
210	0.0007277589	0.9993978	0.9995817	0.9997239
211	0.0007266909	0.9994008	0.9995825	0.9997162
212	0.0007249263	0.9993947	0.9995839	0.9997113
213	0.0007231771	0.9994092	0.9995839	0.9997197
214	0.0007218136	0.9994134	0.9995849	0.9997219
215	0.0007197666	0.9993954	0.9995864	0.9997167
216	0.0007178131	0.9994124	0.9995873	0.9997168
217	0.0007169283	0.9994095	0.999588	0.9997275
218	0.0007151089	0.9994104	0.9995899	0.9997234
219	0.0007136378	0.9994305	0.9995912	0.9997216
220	0.0007121614	0.9994189	0.9995918	0.9997253
221	0.0007109641	0.9994083	0.999593	0.9997318
222	0.0007085635	0.9994099	0.999595	0.9997217
223	0.0007069309	0.9994198	0.9995967	0.9997316
224	0.0007049519	0.9994275	0.9995977	0.9997317
225	0.0007033305	0.999424	0.9995979	0.9997251
226	0.0007008559	0.999426	0.999599	0.999731
227	0.000700055	0.9994309	0.9996004	0.9997396
228	0.0006980386	0.9994211	0.9996024	0.9997451
229	0.0006964662	0.9994166	0.9996035	0.9997376
230	0.0006956536	0.9994353	0.9996035	0.9997304
231	0.0006939514	0.9994202	0.9996063	0.9997382
232	0.0006925107	0.9994254	0.999607	0.9997429
233	0.0006905721	0.999424	0.9996085	0.9997435
234	0.0006893677	0.9994264	0.9996088	0.9997359
235	0.0006869892	0.9994273	0.9996104	0.9997422
236	0.0006859331	0.9994438	0.9996103	0.9997383
237	0.0006839818	0.9994519	0.9996114	0.9997466
238	0.0006830147	0.9994228	0.9996117	0.9997466
239	0.0006804904	0.9994418	0.9996129	0.9997433
240	0.0006790157	0.9994341	0.9996133	0.9997459
241	0.0006759265	0.9994382	0.9996151	0.9997382
242	0.0006743046	0.9994543	0.9996157	0.9997439
243	0.0006731515	0.9994367	0.9996162	0.9997469
244	0.0006717788	0.9994298	0.9996166	0.9997455
245	0.0006699523	0.9994354	0.9996179	0.9997486
246	0.0006683537	0.9994356	0.9996192	0.9997538
247	0.0006673154	0.9994551	0.9996209	0.9997512
248	0.0006651378	0.9994495	0.9996212	0.9997548
249	0.0006643866	0.9994483	0.9996213	0.999746
250	0.0006637246	0.9994498	0.9996214	0.9997441
251	0.0006619118	0.9994368	0.9996226	0.9997555
252	0.0006612454	0.9994468	0.9996227	0.9997492
253	0.0006598869	0.9994408	0.9996231	0.9997526
254	0.0006584558	0.9994536	0.9996238	0.9997493
255	0.0006578439	0.9994467	0.9996238	0.9997511
256	0.0006568123	0.9994367	0.999624	0.999756
257	0.0006556557	0.9994358	0.9996247	0.9997568
258	0.0006546047	0.9994517	0.9996253	0.9997599
259	0.000653955	0.9994255	0.9996254	0.9997534
260	0.0006523912	0.9994575	0.9996262	0.9997571
261	0.0006510367	0.9994444	0.9996271	0.9997622
262	0.0006496585	0.9994722	0.9996279	0.9997597
263	0.0006487355	0.9994533	0.9996283	0.9997573
264	0.0006475673	0.9994579	0.9996291	0.9997565
265	0.0006467231	0.9994536	0.9996293	0.9997532
266	0.0006463151	0.9994517	0.9996296	0.9997637
267	0.0006448916	0.9994723	0.9996313	0.9997542
268	0.0006437894	0.9994503	0.9996313	0.9997668
269	0.000642222	0.9994525	0.9996315	0.9997655
270	0.000640572	0.9994572	0.9996322	0.9997599
271	0.0006397713	0.9994702	0.9996322	0.9997598
272	0.0006372593	0.9994527	0.9996335	0.9997536
273	0.0006367223	0.9994662	0.9996342	0.9997693
274	0.0006358457	0.9994548	0.9996344	0.9997649
275	0.0006342229	0.9994732	0.9996355	0.9997723
276	0.0006333596	0.9994642	0.9996356	0.999772
277	0.0006327411	0.9994725	0.9996361	0.9997702
278	0.0006324142	0.9994493	0.9996362	0.9997651
279	0.0006316599	0.99946	0.9996365	0.999766
280	0.0006302024	0.9994616	0.9996377	0.9997709
281	0.0006292206	0.9994512	0.9996392	0.9997676
282	0.0006292206	0.9994355	0.9996392	0.9997614
283	0.0006279802	0.9994658	0.9996398	0.9997654
284	0.0006256544	0.9994503	0.9996404	0.9997705
285	0.0006250375	0.9994546	0.9996406	0.9997726
286	0.0006241637	0.9994527	0.9996408	0.9997677
287	0.0006224151	0.9994703	0.9996412	0.9997693
288	0.0006219724	0.9994635	0.9996421	0.999768
289	0.0006209184	0.9994768	0.9996426	0.999771
290	0.0006194491	0.9994556	0.9996437	0.9997775
291	0.0006194491	0.9994728	0.9996437	0.9997721
292	0.0006179596	0.9994709	0.999644	0.9997697
293	0.0006170301	0.9994592	0.9996443	0.9997727
294	0.0006160918	0.9994606	0.9996443	0.999769
295	0.0006142551	0.9994716	0.9996476	0.9997762
296	0.0006119536	0.9994968	0.9996482	0.9997758
297	0.0006100912	0.9994682	0.9996511	0.9997752
298	0.0006092909	0.9994687	0.9996511	0.9997769
299	0.0006076428	0.9994812	0.9996523	0.9997825
300	0.0006062009	0.999477	0.9996528	0.9997791
301	0.0006056978	0.999455	0.9996528	0.9997836
302	0.0006038244	0.9994763	0.999653	0.9997791
303	0.0006023638	0.9994778	0.9996537	0.9997821
304	0.0006003947	0.9994637	0.9996539	0.9997809
305	0.0005989793	0.9994652	0.9996539	0.9997793
306	0.0005978107	0.9994975	0.9996544	0.9997826
307	0.0005970949	0.9994802	0.9996546	0.9997828
308	0.0005958696	0.9994751	0.9996569	0.9997855
309	0.0005952619	0.9994873	0.9996569	0.9997888
310	0.0005942013	0.9994854	0.999657	0.999788
311	0.0005921365	0.9994878	0.9996591	0.9997851
312	0.0005896531	0.999481	0.9996595	0.9997873
313	0.0005894193	0.9994846	0.9996595	0.9997924
314	0.0005887547	0.9994805	0.9996597	0.9997878
315	0.0005870482	0.9994838	0.9996598	0.9997931
316	0.0005859806	0.9994935	0.9996598	0.9997915
317	0.0005847154	0.999492	0.9996601	0.9997897
318	0.0005837432	0.9994962	0.9996603	0.9997848
319	0.0005827268	0.9994771	0.9996606	0.9997918
320	0.000582473	0.9994963	0.9996607	0.9997899
321	0.0005810308	0.9994918	0.9996607	0.9997826
322	0.0005803523	0.9994843	0.9996621	0.9997867
323	0.0005795134	0.9994972	0.9996628	0.9997872
324	0.0005791503	0.9994702	0.9996628	0.9997844
325	0.0005783629	0.9994907	0.9996633	0.9997865
326	0.0005762093	0.9994754	0.9996642	0.9997863
327	0.0005751613	0.9994844	0.9996645	0.9997995
328	0.0005743934	0.9994903	0.9996645	0.9997883
329	0.0005723034	0.9994776	0.9996651	0.9997872
330	0.0005720943	0.9994828	0.9996652	0.9997887
331	0.0005709446	0.9994841	0.9996656	0.9997938
332	0.0005703137	0.9994948	0.9996656	0.9997889
333	0.0005698792	0.9994866	0.9996657	0.9997887
334	0.0005693221	0.9994908	0.9996658	0.999788
335	0.000568023	0.9994909	0.9996659	0.9997888
336	0.0005675599	0.9994857	0.9996658	0.9997993
337	0.0005656206	0.9994939	0.9996667	0.9997938
338	0.0005639108	0.999495	0.9996673	0.9997961
339	0.0005633079	0.999494	0.9996673	0.9997947
340	0.0005624254	0.9995054	0.9996685	0.9997959
341	0.0005609155	0.9994998	0.9996694	0.9998027
342	0.0005599	0.9994931	0.9996702	0.9997966
343	0.000559134	0.9994882	0.999672	0.9997927
344	0.0005585755	0.9994925	0.9996721	0.9997976
345	0.0005579095	0.9994968	0.9996721	0.9997973
346	0.0005573068	0.9995002	0.9996723	0.999802
347	0.0005560343	0.9995143	0.9996761	0.9997978
348	0.0005554895	0.9995011	0.9996766	0.9998034
349	0.0005544036	0.9995091	0.9996772	0.9997996
350	0.0005541338	0.999516	0.9996772	0.9997933
351	0.0005532151	0.9995119	0.9996779	0.9998037
352	0.000552098	0.9995091	0.9996777	0.9998067
353	0.000551784	0.999496	0.9996784	0.9998064
354	0.0005516002	0.9995025	0.9996784	0.999801
355	0.0005512126	0.999511	0.9996784	0.9998031
356	0.0005498625	0.9994863	0.9996784	0.9997968
357	0.0005488164	0.999495	0.9996785	0.9997994
358	0.0005485955	0.9995001	0.9996786	0.9998047
359	0.0005480574	0.9995127	0.9996786	0.9998044
360	0.0005477652	0.9995101	0.9996786	0.9998032
361	0.0005469914	0.9994927	0.9996791	0.9997975
362	0.0005458131	0.9995042	0.9996791	0.9998075
363	0.0005447607	0.9995139	0.9996806	0.9998026
364	0.0005447607	0.9994881	0.9996806	0.9997958
365	0.0005438191	0.9995222	0.9996809	0.99981
366	0.0005422087	0.9994947	0.9996808	0.9998072
367	0.0005421799	0.9994983	0.9996808	0.9998033
368	0.0005407204	0.9995154	0.9996822	0.9998107
369	0.0005404593	0.9995197	0.9996822	0.9998112
370	0.000539277	0.999504	0.9996828	0.9998023
371	0.0005383094	0.9995095	0.9996829	0.9998052
372	0.0005377405	0.9995103	0.999684	0.9998143
373	0.0005370851	0.9995036	0.9996849	0.9998104
374	0.0005363559	0.9995147	0.9996849	0.9998119
375	0.0005341746	0.9995276	0.9996853	0.9998052
376	0.0005334636	0.9995056	0.9996853	0.9998166
377	0.0005311561	0.9995045	0.9996853	0.9998086
378	0.000530208	0.9995021	0.9996854	0.9998079
379	0.000528825	0.9995065	0.9996854	0.9998066
380	0.00052837	0.9995149	0.9996858	0.9998129
381	0.0005281001	0.9995119	0.999686	0.9998095
382	0.0005275363	0.9995159	0.9996861	0.9998093
383	0.0005260667	0.9995238	0.9996865	0.9998138
384	0.0005244921	0.9994983	0.9996886	0.9998082
385	0.0005235014	0.9995228	0.9996893	0.9998155
386	0.0005224946	0.9995223	0.9996903	0.9998139
387	0.0005214734	0.9995192	0.9996903	0.999821
388	0.0005209631	0.9994906	0.9996903	0.9998134
389	0.0005197529	0.9995232	0.9996904	0.9998123
390	0.0005191374	0.9995189	0.9996916	0.9998158
391	0.0005174992	0.9995115	0.9996922	0.9998087
392	0.0005160389	0.999521	0.9996922	0.9998148
393	0.0005148045	0.9995003	0.9996922	0.999814
394	0.0005138183	0.9995215	0.9996927	0.9998207
395	0.0005127902	0.9995071	0.9996933	0.9998184
396	0.0005121751	0.9995163	0.9996934	0.9998157
397	0.0005117957	0.9995195	0.9996934	0.9998125
398	0.0005097924	0.9995099	0.9996941	0.9998157
399	0.0005090864	0.9995097	0.9996941	0.9998195
400	0.0005082468	0.9995008	0.9996946	0.9998161
401	0.0005081464	0.9995103	0.9996946	0.9998166
402	0.0005077044	0.9995166	0.999695	0.9998158
403	0.000505969	0.9995162	0.9996959	0.9998201
404	0.0005049703	0.9995297	0.9996961	0.999821
405	0.00050493	0.9995221	0.9996961	0.9998209
406	0.00050493	0.9995367	0.9996961	0.9998166
407	0.0005044891	0.9995302	0.9996961	0.9998204
408	0.0005034977	0.9995092	0.9996962	0.9998172
409	0.0005029649	0.9995217	0.9996966	0.9998168
410	0.0005021057	0.9995202	0.9996971	0.9998242
411	0.0005013187	0.9995296	0.9996973	0.9998192
412	0.0005009772	0.9995061	0.9996975	0.9998186
413	0.0005005266	0.9995123	0.9996977	0.999823
414	0.0004993048	0.9995352	0.9996987	0.9998282
415	0.000497678	0.9995301	0.9996987	0.9998223
416	0.0004973314	0.999536	0.9996987	0.9998235
417	0.000497131	0.9995293	0.9996987	0.9998189
418	0.0004966662	0.9995204	0.9996992	0.9998215
419	0.0004959842	0.9995251	0.9996996	0.9998217
420	0.0004946601	0.9995366	0.9996998	0.9998216
421	0.0004936789	0.9995478	0.9997002	0.9998236
422	0.0004936389	0.9995237	0.9997002	0.9998225
423	0.000492844	0.9995343	0.9997004	0.9998222
424	0.000492239	0.9995175	0.9997004	0.9998244
425	0.0004920228	0.9995348	0.9997005	0.9998224
426	0.0004915799	0.9995132	0.9997005	0.9998267
427	0.0004915799	0.9995333	0.9997005	0.9998232
428	0.0004906883	0.99953	0.9997009	0.9998194
429	0.000490361	0.9995247	0.9997007	0.9998253
430	0.0004900846	0.9995208	0.9997008	0.9998276
431	0.0004892962	0.9995169	0.9997009	0.9998284
432	0.0004885119	0.9995425	0.9997011	0.9998251
433	0.0004875751	0.9995378	0.9997012	0.9998268
434	0.0004875751	0.9995415	0.9997012	0.999824
435	0.0004852289	0.9995304	0.9997014	0.9998279
436	0.0004848946	0.9995244	0.9997016	0.999823
437	0.0004835993	0.9995413	0.9997026	0.9998304
438	0.000482602	0.99952	0.9997027	0.9998252
439	0.0004824159	0.9995359	0.9997027	0.9998279
440	0.0004822165	0.9995185	0.9997027	0.9998246
441	0.0004819369	0.9995208	0.9997027	0.9998264
442	0.0004800925	0.9995426	0.9997027	0.9998241
443	0.0004796389	0.9995339	0.9997033	0.999818
444	0.000478501	0.9995447	0.9997039	0.9998281
445	0.0004776306	0.9995321	0.9997042	0.9998265
446	0.0004767235	0.9995112	0.9997019	0.9998313
447	0.0004767235	0.9995323	0.9997019	0.9998215
448	0.0004765312	0.9995356	0.9997019	0.9998242
449	0.0004756943	0.999535	0.9997019	0.9998187
450	0.0004750766	0.9995389	0.9997019	0.9998259
451	0.0004738694	0.9995285	0.9997044	0.9998303
452	0.0004733051	0.999525	0.999705	0.9998299
453	0.0004728553	0.9995385	0.9997063	0.9998334
454	0.0004728307	0.9995463	0.9997064	0.9998328
455	0.0004725514	0.9995359	0.9997064	0.9998311
456	0.0004725514	0.9995399	0.9997064	0.9998309
457	0.0004725514	0.9995396	0.9997064	0.9998326
458	0.0004717333	0.9995174	0.9997074	0.9998258
459	0.0004714541	0.9995234	0.9997074	0.9998318
460	0.000471212	0.9995311	0.9997075	0.9998316
461	0.0004700211	0.999539	0.9997082	0.999834
462	0.0004681932	0.99954	0.9997088	0.9998355
463	0.0004676547	0.999541	0.9997088	0.9998296
464	0.00046737	0.9995324	0.9997089	0.9998287
465	0.0004669971	0.9995254	0.999709	0.9998303
466	0.000466783	0.9995374	0.9997091	0.9998267
467	0.0004662165	0.9995327	0.9997094	0.9998319
468	0.0004658885	0.9995346	0.9997094	0.9998351
469	0.0004653905	0.9995277	0.9997103	0.9998338
470	0.0004646905	0.999528	0.9997112	0.9998348
471	0.0004642085	0.9995565	0.9997115	0.9998253
472	0.0004642085	0.9995369	0.9997115	0.9998381
473	0.0004637205	0.9995176	0.999712	0.9998429
474	0.0004634757	0.999547	0.999712	0.9998331
475	0.0004631354	0.9995366	0.9997123	0.9998331
476	0.0004624648	0.9995303	0.9997128	0.9998375
477	0.0004617125	0.9995469	0.9997128	0.9998378
478	0.0004614297	0.9995301	0.9997128	0.9998368
479	0.0004611634	0.999539	0.9997127	0.9998294
480	0.0004604128	0.9995511	0.999713	0.9998342
481	0.0004581922	0.999528	0.999713	0.9998362
482	0.0004572041	0.9995372	0.9997135	0.9998335
483	0.0004572041	0.9995449	0.9997135	0.9998374
484	0.0004570005	0.9995444	0.9997135	0.9998308
485	0.0004563567	0.9995531	0.9997162	0.9998362
486	0.0004554778	0.9995312	0.9997162	0.9998402
487	0.0004545787	0.9995387	0.9997167	0.9998375
488	0.0004536752	0.9995625	0.9997171	0.9998403
489	0.0004530255	0.9995216	0.9997176	0.9998379
490	0.0004530255	0.9995408	0.9997176	0.9998389
491	0.0004530255	0.9995477	0.9997176	0.9998383
492	0.0004526277	0.9995592	0.9997176	0.9998459
493	0.00045243	0.9995376	0.9997177	0.999838
494	0.0004518571	0.9995292	0.9997179	0.9998393
495	0.0004503453	0.9995472	0.9997179	0.9998476
496	0.0004503453	0.9995519	0.9997179	0.9998392
497	0.0004500203	0.9995375	0.9997179	0.9998335
498	0.0004497409	0.9995342	0.9997179	0.9998309
499	0.0004493635	0.9995401	0.9997181	0.9998409
500	0.0004490296	0.9995467	0.9997183	0.9998397
501	0.000448632	0.9995334	0.9997183	0.9998422
502	0.000448632	0.9995402	0.9997183	0.9998423
503	0.000448632	0.99956	0.9997183	0.9998417
504	0.0004478228	0.9995443	0.9997183	0.9998339
505	0.0004461488	0.9995319	0.9997184	0.9998413
506	0.0004446428	0.9995449	0.9997184	0.999844
507	0.0004439035	0.9995457	0.9997187	0.9998462
508	0.0004433548	0.9995515	0.9997187	0.999841
509	0.0004432058	0.9995473	0.9997187	0.9998364
510	0.0004431738	0.9995469	0.9997187	0.9998364
511	0.0004426601	0.9995265	0.9997187	0.9998395
512	0.0004426601	0.9995411	0.9997187	0.9998426
513	0.0004410168	0.9995491	0.9997188	0.9998436
514	0.0004406159	0.9995501	0.9997195	0.9998399
515	0.0004406159	0.9995464	0.9997195	0.9998442
516	0.0004406159	0.9995622	0.9997195	0.9998368
517	0.0004406159	0.9995394	0.9997195	0.9998432
518	0.0004402154	0.9995542	0.99972	0.999842
519	0.0004398236	0.9995471	0.99972	0.9998446
520	0.0004391214	0.9995376	0.9997203	0.9998399
521	0.0004388101	0.9995319	0.9997204	0.9998464
522	0.0004386125	0.9995461	0.9997205	0.9998478
523	0.0004383659	0.9995465	0.9997206	0.9998369
524	0.0004378002	0.9995373	0.9997207	0.9998472
525	0.0004368001	0.9995466	0.9997209	0.9998413
526	0.0004362775	0.9995485	0.999721	0.9998495
527	0.0004357033	0.9995388	0.999721	0.9998428
528	0.0004350308	0.9995453	0.999721	0.9998439
529	0.0004329808	0.9995455	0.9997224	0.999841
530	0.0004324646	0.999563	0.9997225	0.9998461
531	0.0004318516	0.999544	0.9997226	0.9998404
532	0.0004318516	0.9995628	0.9997226	0.9998482
533	0.0004312418	0.9995443	0.9997242	0.9998499
534	0.0004306256	0.9995579	0.9997244	0.9998468
535	0.00043031	0.9995583	0.9997245	0.9998518
536	0.0004290194	0.9995381	0.9997247	0.9998419
537	0.0004276843	0.999544	0.9997251	0.9998457
538	0.0004270396	0.9995493	0.9997252	0.9998455
539	0.0004266575	0.9995478	0.9997256	0.9998466
540	0.0004259828	0.9995567	0.9997255	0.9998478
541	0.0004257307	0.999563	0.9997255	0.9998462
542	0.0004253054	0.9995558	0.9997255	0.9998441
543	0.0004253054	0.9995628	0.9997255	0.9998425
544	0.0004250641	0.9995478	0.9997256	0.9998481
545	0.0004248109	0.9995576	0.9997257	0.9998481
546	0.0004245034	0.9995515	0.9997259	0.9998472
547	0.0004237334	0.9995381	0.9997265	0.9998484
548	0.0004232793	0.999563	0.9997265	0.9998466
549	0.0004228397	0.9995658	0.9997271	0.9998494
550	0.0004225409	0.9995464	0.9997271	0.99985
551	0.0004209549	0.999556	0.9997293	0.9998475
552	0.000420769	0.9995438	0.9997293	0.9998524
553	0.0004200164	0.9995722	0.9997319	0.9998507
554	0.0004193789	0.9995637	0.9997321	0.9998615
555	0.0004174227	0.999545	0.9997366	0.9998608
556	0.0004169687	0.9995635	0.9997372	0.9998563
557	0.0004160593	0.999568	0.9997374	0.9998574
558	0.00041546	0.9995651	0.9997374	0.9998542
559	0.00041546	0.9995674	0.9997374	0.9998567
560	0.0004149877	0.9995554	0.9997386	0.9998529
561	0.000414592	0.9995762	0.999739	0.9998564
562	0.000414592	0.9995631	0.999739	0.9998635
563	0.0004141438	0.9995779	0.9997393	0.9998534
564	0.0004137142	0.999575	0.9997399	0.9998583
565	0.0004130505	0.9995759	0.9997402	0.9998623
566	0.0004126024	0.9995645	0.9997402	0.9998622
567	0.0004126024	0.9995716	0.9997402	0.9998627
568	0.0004121665	0.9995703	0.9997402	0.9998561
569	0.0004115497	0.9995853	0.9997413	0.9998622
570	0.000411124	0.9995871	0.9997413	0.9998578
571	0.000411124	0.9995725	0.9997413	0.9998599
572	0.000411124	0.9995786	0.9997413	0.9998611
573	0.0004093563	0.9995642	0.9997428	0.9998667
574	0.0004091023	0.9995502	0.9997431	0.9998665
575	0.0004091023	0.9995577	0.9997431	0.9998638
576	0.0004075056	0.9995739	0.9997434	0.9998585
577	0.0004072202	0.99958	0.999744	0.9998665
578	0.0004067295	0.9995789	0.999744	0.9998678
579	0.0004063866	0.9995701	0.999744	0.9998599
580	0.0004053127	0.9995679	0.9997449	0.9998649
581	0.0004043999	0.9995767	0.9997451	0.9998663
582	0.0004033655	0.9995671	0.9997453	0.9998625
583	0.0004027215	0.9995782	0.999746	0.9998695
584	0.0004017784	0.9995738	0.9997468	0.9998618
585	0.0004013343	0.9995671	0.9997476	0.9998628
586	0.0004004252	0.9995823	0.9997478	0.9998575
587	0.0003999495	0.999574	0.9997478	0.9998703
588	0.0003999495	0.9995693	0.9997478	0.9998647
589	0.0003989988	0.999579	0.9997488	0.9998641
590	0.0003981825	0.9995842	0.9997493	0.9998721
591	0.0003973756	0.9995684	0.9997502	0.999868
592	0.0003969686	0.9995709	0.9997502	0.9998671
593	0.0003969686	0.9995805	0.9997502	0.9998684
594	0.0003969686	0.9995772	0.9997502	0.9998645
595	0.0003969686	0.999576	0.9997502	0.9998676
596	0.0003949482	0.9995708	0.999751	0.9998678
597	0.00039397	0.999568	0.9997516	0.9998626
598	0.00039397	0.9995695	0.9997516	0.9998706
599	0.00039397	0.9995916	0.9997516	0.9998652
600	0.00039397	0.9995887	0.9997516	0.9998705
601	0.00039397	0.9995672	0.9997516	0.9998701
602	0.0003931949	0.9995834	0.9997516	0.9998673
603	0.0003922638	0.999571	0.9997523	0.9998704
604	0.0003921858	0.9995808	0.9997523	0.9998714
605	0.0003911824	0.9995876	0.9997527	0.9998664
606	0.0003911735	0.9995983	0.9997527	0.9998685
607	0.0003907589	0.9995892	0.9997527	0.9998685
608	0.0003907589	0.9995854	0.9997527	0.9998699
609	0.0003903338	0.9995691	0.9997527	0.9998669
610	0.0003900529	0.9995934	0.9997529	0.9998695
611	0.0003896604	0.9995878	0.9997529	0.9998694
612	0.0003887681	0.9995763	0.9997531	0.9998677
613	0.0003878696	0.9995943	0.9997531	0.9998743
614	0.0003861732	0.9995827	0.9997534	0.9998693
615	0.0003861732	0.9995783	0.9997534	0.9998699
616	0.0003847547	0.9995923	0.9997539	0.9998705
617	0.000384199	0.9995843	0.999754	0.999871
618	0.000383905	0.999587	0.999754	0.9998683
619	0.000383367	0.9995822	0.999754	0.9998704
620	0.0003830534	0.9996029	0.999754	0.9998683
621	0.0003830534	0.9995792	0.999754	0.999873
622	0.0003827605	0.9995882	0.999754	0.9998691
623	0.0003813536	0.9995933	0.9997545	0.9998695
624	0.0003805089	0.9995894	0.9997546	0.9998738
625	0.0003802581	0.9995954	0.9997546	0.999876
626	0.0003802082	0.9995892	0.9997546	0.9998726
627	0.0003787781	0.9995803	0.9997552	0.9998687
628	0.0003783665	0.9995857	0.9997559	0.9998686
629	0.0003779756	0.9995997	0.9997567	0.999871
630	0.0003779756	0.9995842	0.9997567	0.9998708
631	0.0003776634	0.9995863	0.9997569	0.9998729
632	0.0003762046	0.9995821	0.9997574	0.9998773
633	0.0003755085	0.9995971	0.9997576	0.9998741
634	0.0003747033	0.9995939	0.9997576	0.9998733
635	0.000373979	0.9995805	0.9997585	0.999872
636	0.0003736342	0.9995823	0.9997585	0.9998742
637	0.0003736342	0.99959	0.9997585	0.9998715
638	0.0003736342	0.9995854	0.9997585	0.9998735
639	0.0003732679	0.9995896	0.99976	0.9998738
640	0.0003724161	0.9996003	0.9997609	0.999872
641	0.0003724161	0.9995833	0.9997609	0.9998746
642	0.0003719666	0.9995878	0.9997611	0.999874
643	0.0003702817	0.999588	0.9997613	0.9998768
644	0.0003702817	0.9995943	0.9997613	0.9998776
645	0.0003699436	0.9996028	0.9997613	0.9998759
646	0.0003699436	0.9995988	0.9997613	0.999879
647	0.0003699436	0.9995976	0.9997613	0.9998781
649	0.0003692261	0.9995883	0.9997614	0.9998798
650	0.0003692261	0.9995917	0.9997614	0.9998762
651	0.0003674006	0.9995901	0.9997619	0.9998773
652	0.0003674006	0.9995901	0.9997619	0.9998808
653	0.0003665408	0.9995934	0.999762	0.9998769
654	0.0003660329	0.9995967	0.999762	0.9998774
655	0.0003640807	0.9995781	0.9997629	0.999881
656	0.0003636424	0.9995997	0.9997629	0.9998781
657	0.0003636424	0.9995897	0.9997629	0.9998776
658	0.0003628036	0.9996088	0.9997643	0.9998828
659	0.0003628036	0.9995905	0.9997643	0.9998814
660	0.0003628036	0.9995981	0.9997643	0.9998791
661	0.0003628036	0.9995798	0.9997643	0.999883
662	0.0003628036	0.9996046	0.9997643	0.9998754
663	0.0003623236	0.9995996	0.9997643	0.9998833
664	0.0003623236	0.9995919	0.9997643	0.9998758
665	0.000361025	0.9995884	0.9997652	0.9998817
666	0.0003601205	0.9996001	0.9997652	0.9998786
667	0.0003601133	0.9995965	0.9997652	0.9998808
668	0.0003601133	0.9996024	0.9997652	0.9998835
669	0.0003591435	0.9996032	0.9997655	0.9998821
670	0.0003587292	0.9996022	0.999766	0.9998778
671	0.00035648	0.9995912	0.9997654	0.9998724
672	0.0003557971	0.999593	0.9997655	0.9998839
673	0.0003553758	0.9996084	0.9997661	0.9998804
674	0.0003549831	0.9995979	0.999768	0.9998842
675	0.0003543717	0.9996023	0.999768	0.9998815
676	0.0003539326	0.9996096	0.9997681	0.9998787
677	0.0003516731	0.9996037	0.9997691	0.9998819
678	0.0003516731	0.9996068	0.9997691	0.9998788
679	0.0003508392	0.9996038	0.9997691	0.99988
680	0.0003508392	0.9996025	0.9997691	0.9998822
681	0.0003493987	0.999592	0.9997697	0.9998821
682	0.0003493987	0.9995973	0.9997697	0.9998794
683	0.0003493987	0.9996054	0.9997697	0.9998776
685	0.0003493987	0.9996087	0.9997697	0.9998815
686	0.0003493987	0.999606	0.9997697	0.9998803
687	0.0003485742	0.9996201	0.9997697	0.9998863
688	0.0003478256	0.9995998	0.9997698	0.9998801
689	0.0003478256	0.9995863	0.9997698	0.9998867
690	0.0003470424	0.9995984	0.9997698	0.999882
692	0.0003447194	0.9995841	0.9997723	0.9998866
693	0.0003442203	0.9996097	0.9997724	0.9998833
694	0.0003432952	0.9995977	0.9997732	0.9998853
695	0.0003423168	0.9996124	0.9997734	0.9998807
696	0.0003423168	0.9996195	0.9997734	0.999881
697	0.0003421699	0.9996178	0.9997735	0.999883
698	0.0003421699	0.999607	0.9997735	0.9998842
699	0.0003417772	0.9996157	0.9997735	0.9998862
700	0.0003417772	0.9996311	0.9997735	0.9998862
701	0.0003417772	0.9995997	0.9997735	0.9998866
702	0.0003417772	0.9996041	0.9997735	0.9998819
703	0.0003417772	0.9996103	0.9997735	0.9998861
704	0.000340852	0.9996059	0.9997737	0.999885
705	0.000340852	0.999592	0.9997737	0.9998875
706	0.000340852	0.9996089	0.9997737	0.9998875
707	0.0003405404	0.9995855	0.9997741	0.9998902
708	0.0003397263	0.999607	0.9997746	0.9998822
709	0.0003393971	0.9996081	0.9997746	0.9998872
710	0.0003393971	0.9996129	0.9997746	0.999892
711	0.0003384022	0.9996027	0.9997748	0.9998862
712	0.0003384022	0.9995986	0.9997748	0.9998882
713	0.0003380433	0.9995996	0.9997748	0.9998833
714	0.0003380433	0.999602	0.9997748	0.9998874
715	0.0003380433	0.9996063	0.9997748	0.9998845
716	0.0003380433	0.9996184	0.9997748	0.9998841
717	0.0003374944	0.9995997	0.9997748	0.9998838
718	0.0003374944	0.9996117	0.9997748	0.9998885
719	0.0003374944	0.9996255	0.9997748	0.9998889
720	0.0003365025	0.9996053	0.999775	0.9998868
721	0.0003365025	0.9996086	0.999775	0.9998844
722	0.0003365025	0.9996132	0.999775	0.9998876
723	0.0003337103	0.9996084	0.9997754	0.9998851
724	0.0003337103	0.9996143	0.9997754	0.9998868
725	0.0003335813	0.9996031	0.9997754	0.9998916
726	0.0003335813	0.9995936	0.9997754	0.9998876
727	0.0003323752	0.9996196	0.9997769	0.9998927
728	0.0003323752	0.9996152	0.9997769	0.9998866
729	0.0003319415	0.9996083	0.9997769	0.9998905
730	0.0003314664	0.9996045	0.9997769	0.9998907
731	0.0003314664	0.9996052	0.9997769	0.9998862
732	0.0003302668	0.9996181	0.9997778	0.9998898
733	0.0003302668	0.9996143	0.9997778	0.9998865
734	0.0003302668	0.9996228	0.9997778	0.9998847
735	0.0003289618	0.9995945	0.9997813	0.9998909
736	0.0003289618	0.9996006	0.9997813	0.9998936
738	0.0003289618	0.9996128	0.9997813	0.9998867
739	0.000326863	0.9996232	0.9997816	0.999893
740	0.000326446	0.9996406	0.9997818	0.9998963
741	0.0003245104	0.9996047	0.9997821	0.9998916
742	0.0003235229	0.999615	0.9997824	0.9998953
743	0.0003228265	0.9996152	0.9997852	0.999894
744	0.0003218581	0.9996227	0.9997852	0.9999009
745	0.0003218581	0.9996203	0.9997852	0.9998948
746	0.0003214015	0.9996114	0.9997852	0.9998957
747	0.0003199802	0.9996169	0.9997852	0.9998941
748	0.0003194242	0.9996198	0.9997856	0.9998914
749	0.0003184927	0.9996195	0.9997859	0.9998975
750	0.0003184927	0.9996333	0.9997859	0.9998959
751	0.0003172649	0.9996234	0.9997859	0.9998945
752	0.0003151248	0.9996148	0.999786	0.999899
753	0.0003151248	0.9996207	0.999786	0.9998943
754	0.0003151248	0.9996324	0.999786	0.9998913
755	0.0003139803	0.9996225	0.999786	0.9999009
756	0.000313482	0.9996264	0.999786	0.999903
757	0.0003131546	0.9996226	0.999786	0.9998946
758	0.0003131546	0.9996071	0.999786	0.9998949
759	0.0003131546	0.9996242	0.999786	0.9998968
760	0.0003131546	0.999616	0.999786	0.9998969
761	0.0003118785	0.9996172	0.9997867	0.9999002
763	0.0003116564	0.9996206	0.9997874	0.9998978
764	0.0003116564	0.9996152	0.9997874	0.9998951
765	0.0003112232	0.999607	0.9997875	0.9998972
766	0.0003112232	0.9996354	0.9997875	0.9998975
767	0.0003112232	0.9996162	0.9997875	0.9998963
768	0.0003101682	0.999605	0.999788	0.9998963
769	0.0003071782	0.9996162	0.999788	0.9998933
770	0.0003071782	0.9996233	0.999788	0.9999002
771	0.0003071782	0.9996292	0.999788	0.9998978
772	0.0003065367	0.9996295	0.999788	0.9998943
773	0.0003065367	0.9996269	0.999788	0.9998948
774	0.0003065367	0.9996268	0.999788	0.9998971
775	0.0003056975	0.9996311	0.9997898	0.9998944
776	0.0003047576	0.999617	0.9997896	0.9999022
777	0.0003041159	0.999622	0.9997978	0.9999042
778	0.0003018	0.9996229	0.9998007	0.9999057
779	0.0003018	0.9996478	0.9998007	0.9999107
780	0.0003018	0.9996284	0.9998007	0.9999101
781	0.0003018	0.9996357	0.9998007	0.9999088
782	0.000300178	0.9996306	0.9998017	0.9999052
783	0.000300178	0.9996443	0.9998017	0.9999114
784	0.000300178	0.9996338	0.9998017	0.9999129
786	0.000300178	0.9996597	0.9998017	0.9999061
787	0.0002989482	0.9996395	0.9998017	0.9999048
788	0.0002979622	0.9996634	0.9998018	0.9999111
789	0.0002979622	0.9996421	0.9998018	0.9999076
790	0.0002979622	0.9996388	0.9998018	0.9999083
791	0.0002979622	0.9996289	0.9998018	0.9999116
792	0.0002979622	0.9996381	0.9998018	0.9999089
793	0.0002979622	0.999652	0.9998018	0.9999092
794	0.0002967323	0.9996332	0.9998019	0.9999136
795	0.0002967323	0.9996353	0.9998019	0.9999069
796	0.0002967323	0.9996303	0.9998019	0.9999106
797	0.0002967323	0.9996398	0.9998019	0.9999098
798	0.0002957192	0.9996346	0.9998019	0.9999096
799	0.0002957192	0.9996341	0.9998019	0.9999106
800	0.0002957192	0.9996304	0.9998019	0.9999104
801	0.000293607	0.9996493	0.9998049	0.9999114
802	0.0002926172	0.9996504	0.9998052	0.9999123
803	0.0002926172	0.9996205	0.9998052	0.999911
804	0.0002926172	0.9996524	0.9998052	0.9999131
806	0.0002926172	0.999618	0.9998052	0.9999141
807	0.0002919993	0.9996435	0.9998069	0.9999149
808	0.0002919993	0.999652	0.9998069	0.9999172
809	0.0002907198	0.9996348	0.9998076	0.9999162
810	0.000289259	0.9996421	0.9998084	0.999918
811	0.000289259	0.9996501	0.9998084	0.9999133
812	0.000289259	0.9996461	0.9998084	0.9999141
813	0.0002885211	0.9996498	0.9998093	0.9999143
814	0.0002885211	0.9996458	0.9998093	0.9999156
815	0.0002858461	0.9996334	0.9998093	0.9999177
816	0.0002858461	0.9996367	0.9998093	0.9999172
817	0.0002858461	0.9996403	0.9998093	0.9999196
818	0.0002858461	0.9996463	0.9998093	0.9999205
819	0.0002858461	0.9996369	0.9998093	0.9999108
820	0.0002858461	0.9996386	0.9998093	0.9999152
821	0.0002853976	0.9996469	0.9998093	0.9999179
822	0.0002847866	0.9996469	0.9998093	0.9999187
824	0.0002847866	0.9996602	0.9998093	0.9999177
825	0.0002847866	0.9996429	0.9998093	0.9999147
826	0.0002847866	0.9996396	0.9998093	0.9999152
827	0.0002847866	0.9996264	0.9998093	0.9999161
828	0.0002847866	0.9996502	0.9998093	0.999915
829	0.0002847866	0.999627	0.9998093	0.9999181
830	0.0002840021	0.9996422	0.9998109	0.9999152
831	0.0002840021	0.9996458	0.9998109	0.9999187
832	0.0002840021	0.999625	0.9998109	0.9999136
833	0.000283497	0.9996368	0.9998118	0.9999173
834	0.0002826638	0.9996507	0.9998141	0.999918
835	0.0002820958	0.9996566	0.9998143	0.9999214
836	0.0002790856	0.999652	0.9998145	0.9999227
839	0.0002780743	0.999664	0.9998148	0.9999217
840	0.0002775117	0.999654	0.9998148	0.999921
841	0.000276343	0.9996443	0.9998167	0.9999251
842	0.000276343	0.9996521	0.9998167	0.9999252
843	0.000276343	0.9996431	0.9998167	0.9999275
844	0.0002756532	0.9996483	0.9998167	0.9999241
845	0.0002746672	0.9996504	0.999817	0.9999237
846	0.0002732892	0.9996534	0.9998173	0.9999255
847	0.0002732892	0.9996458	0.9998173	0.9999244
848	0.0002727972	0.9996382	0.9998173	0.999924
849	0.0002724117	0.9996524	0.9998175	0.9999214
850	0.0002724117	0.9996589	0.9998175	0.9999264
851	0.000271397	0.999653	0.9998184	0.9999237
852	0.0002707782	0.9996525	0.9998184	0.9999243
853	0.0002702874	0.999653	0.9998185	0.9999228
854	0.0002702874	0.9996601	0.9998185	0.9999253
855	0.0002702874	0.9996546	0.9998185	0.9999247
856	0.0002702874	0.9996424	0.9998185	0.9999255
857	0.0002702874	0.9996508	0.9998185	0.9999252
858	0.0002702874	0.9996433	0.9998185	0.9999233
859	0.0002685316	0.9996638	0.9998185	0.9999272
860	0.0002685316	0.9996591	0.9998185	0.999924
861	0.0002685316	0.9996455	0.9998185	0.9999223
862	0.0002685316	0.9996533	0.9998185	0.9999229
864	0.0002675025	0.999649	0.9998186	0.9999208
865	0.0002665153	0.9996663	0.9998202	0.9999275
866	0.0002665153	0.999662	0.9998202	0.9999238
868	0.0002648312	0.9996489	0.9998212	0.9999253
869	0.0002643027	0.9996536	0.9998212	0.9999316
870	0.0002643027	0.9996603	0.9998212	0.999925
871	0.0002643027	0.9996554	0.9998212	0.9999235
872	0.000263492	0.9996457	0.9998212	0.999929
873	0.000263492	0.9996424	0.9998212	0.9999282
874	0.000263492	0.9996596	0.9998212	0.9999253
875	0.000263492	0.9996228	0.9998212	0.9999303
876	0.000263492	0.9996487	0.9998212	0.9999273
877	0.000262167	0.9996737	0.9998213	0.9999269
878	0.000262167	0.9996621	0.9998213	0.9999274
880	0.000262167	0.9996632	0.9998213	0.9999291
881	0.0002617967	0.9996749	0.9998217	0.9999258
882	0.0002612113	0.9996629	0.9998213	0.9999266
883	0.0002612113	0.999663	0.9998213	0.9999289
884	0.0002599861	0.999659	0.9998213	0.9999258
885	0.0002599861	0.999661	0.9998213	0.9999239
886	0.0002599861	0.9996595	0.9998213	0.9999266
887	0.0002593223	0.9996525	0.9998213	0.9999278
889	0.0002593223	0.9996354	0.9998213	0.9999275
890	0.0002593223	0.9996662	0.9998213	0.9999284
891	0.0002593223	0.9996581	0.9998213	0.9999265
892	0.0002593223	0.9996601	0.9998213	0.9999286
893	0.0002593223	0.999666	0.9998213	0.9999256
894	0.0002593223	0.9996575	0.9998213	0.9999286
895	0.0002593223	0.9996599	0.9998213	0.9999249
896	0.0002593223	0.9996613	0.9998213	0.9999247
897	0.0002593223	0.9996551	0.9998213	0.9999256
898	0.0002593223	0.9996534	0.9998213	0.9999269
899	0.0002593223	0.9996555	0.9998213	0.999926
900	0.0002593223	0.9996482	0.9998213	0.9999253
901	0.0002593223	0.9996644	0.9998213	0.9999276
902	0.0002593223	0.9996613	0.9998213	0.9999261
903	0.0002593223	0.999665	0.9998213	0.9999282
904	0.0002593223	0.9996492	0.9998213	0.9999272
905	0.0002590327	0.9996506	0.9998213	0.9999259
906	0.0002585893	0.9996511	0.9998215	0.9999228
907	0.0002585893	0.9996689	0.9998215	0.9999247
908	0.0002585893	0.9996577	0.9998215	0.9999277
909	0.0002585893	0.9996506	0.9998215	0.9999267
910	0.0002585893	0.9996472	0.9998215	0.9999272
911	0.0002585893	0.9996554	0.9998215	0.9999267
912	0.0002571432	0.9996576	0.9998233	0.9999325
913	0.0002554761	0.9996698	0.9998233	0.9999271
916	0.0002554761	0.9996495	0.9998233	0.99993
917	0.0002554761	0.9996717	0.9998233	0.9999273
918	0.0002554761	0.9996576	0.9998233	0.9999285
919	0.0002546358	0.9996777	0.9998235	0.9999298
920	0.0002539949	0.9996401	0.9998246	0.999926
921	0.0002534791	0.9996643	0.9998255	0.9999312
922	0.0002534791	0.999665	0.9998255	0.9999304
926	0.0002534791	0.9996566	0.9998255	0.9999298
927	0.0002534791	0.9996615	0.9998255	0.9999285
928	0.0002509169	0.9996758	0.9998289	0.9999293
929	0.0002489437	0.9996741	0.9998289	0.9999295
930	0.0002482163	0.9996757	0.9998289	0.9999347
932	0.0002482163	0.9996894	0.9998289	0.9999301
933	0.0002482163	0.9996585	0.9998289	0.999929
934	0.0002482163	0.9996835	0.9998289	0.9999319
935	0.0002476631	0.9996664	0.999829	0.9999322
936	0.0002476631	0.9996781	0.999829	0.9999288
937	0.0002476631	0.9996735	0.999829	0.9999272
938	0.0002476631	0.9996696	0.999829	0.9999303
939	0.0002476631	0.9996683	0.999829	0.9999306
940	0.0002470339	0.9996701	0.9998291	0.9999293
941	0.0002470339	0.9996719	0.9998291	0.9999295
942	0.0002470339	0.9996597	0.9998291	0.9999314
943	0.0002469021	0.999674	0.9998291	0.9999318
945	0.000246285	0.9996536	0.9998301	0.9999327
946	0.0002457154	0.9996823	0.9998308	0.99993
947	0.0002457154	0.9996652	0.9998308	0.9999316
948	0.0002452163	0.9996616	0.9998321	0.9999327
950	0.0002452163	0.9996692	0.9998321	0.9999335
951	0.0002443923	0.9996787	0.9998322	0.9999344
952	0.0002443923	0.9996755	0.9998322	0.9999294
954	0.0002423992	0.9996678	0.9998314	0.9999374
955	0.0002415156	0.9996811	0.9998314	0.9999317
956	0.0002411139	0.9996698	0.999832	0.9999354
958	0.0002411139	0.9996861	0.999832	0.9999357
960	0.0002401402	0.9996677	0.999832	0.9999344
961	0.0002401402	0.999663	0.999832	0.9999303
962	0.0002401402	0.9996635	0.999832	0.9999342
963	0.0002401402	0.9996712	0.999832	0.9999329
964	0.0002401402	0.9996751	0.999832	0.9999311
965	0.0002397837	0.9996669	0.9998321	0.9999354
966	0.0002397837	0.9996691	0.9998321	0.9999335
968	0.0002393229	0.9996794	0.9998321	0.9999375
969	0.0002393229	0.9996844	0.9998321	0.9999348
970	0.0002393229	0.9996738	0.9998321	0.9999341
971	0.0002393229	0.9996812	0.9998321	0.9999372
972	0.0002374077	0.9996788	0.9998321	0.9999317
973	0.000235929	0.9996743	0.9998321	0.9999335
974	0.000235929	0.9996601	0.9998321	0.9999327
975	0.0002347823	0.9996745	0.9998322	0.9999352
976	0.0002347823	0.9996672	0.9998322	0.9999349
977	0.0002347823	0.9996663	0.9998322	0.9999306
978	0.0002331865	0.9996595	0.9998322	0.9999325
979	0.0002331865	0.9996755	0.9998322	0.9999348
980	0.0002331865	0.9996665	0.9998322	0.999935
981	0.0002317515	0.9996866	0.9998325	0.9999332
982	0.0002312646	0.9996558	0.9998325	0.9999334
983	0.0002303967	0.9996705	0.9998336	0.9999359
984	0.0002303967	0.9996737	0.9998336	0.9999343
986	0.0002303967	0.9996792	0.9998336	0.9999334
988	0.0002297159	0.9996776	0.9998338	0.9999375
990	0.000229215	0.9996796	0.9998338	0.9999414
992	0.000229215	0.9996779	0.9998338	0.9999363
993	0.000229215	0.9996758	0.9998338	0.9999379
994	0.000229215	0.9996642	0.9998338	0.9999376
995	0.000229215	0.9996887	0.9998338	0.9999362
996	0.000229215	0.99968	0.9998338	0.9999371
997	0.000229215	0.9996872	0.9998338	0.9999388
1000	0.0002273947	0.9996898	0.9998402	0.9999328
1001	0.0002273947	0.9996892	0.9998402	0.9999392
1002	0.0002273947	0.999688	0.9998402	0.9999384
1003	0.0002268664	0.9996989	0.9998402	0.9999365
1004	0.0002268664	0.9996769	0.9998402	0.9999355
1005	0.0002268664	0.9996916	0.9998402	0.999934
1006	0.0002268664	0.9996991	0.9998402	0.9999334
1009	0.0002268664	0.9997044	0.9998402	0.9999382
1010	0.0002268664	0.9996884	0.9998402	0.9999362
1011	0.0002268664	0.9996784	0.9998402	0.9999351
1012	0.0002268664	0.9997061	0.9998402	0.9999405
1013	0.0002268664	0.9997038	0.9998402	0.99994
1015	0.0002268664	0.9997058	0.9998402	0.9999342
1016	0.0002268664	0.9996844	0.9998402	0.9999366
1017	0.0002268664	0.9996974	0.9998402	0.9999348
1018	0.0002268664	0.9996901	0.9998402	0.9999337
1020	0.0002268664	0.9996818	0.9998402	0.9999358
1023	0.0002268664	0.9996988	0.9998402	0.9999377
1024	0.0002261797	0.9996993	0.9998405	0.9999311
1025	0.0002257162	0.9996887	0.9998405	0.9999337
1026	0.0002251477	0.9997062	0.9998405	0.9999345
1027	0.0002251477	0.9996922	0.9998405	0.999935
1028	0.0002234275	0.9997089	0.9998407	0.9999387
1029	0.0002234275	0.9996844	0.9998407	0.9999354
1030	0.0002234275	0.9996936	0.9998407	0.9999366
1032	0.0002234275	0.9996977	0.9998407	0.999934
1034	0.0002234275	0.9997097	0.9998407	0.9999366
1036	0.0002234275	0.9996951	0.9998407	0.9999343
1038	0.0002222097	0.9996859	0.9998415	0.9999369
1040	0.0002222097	0.999706	0.9998415	0.9999378
1041	0.0002222097	0.9996949	0.9998415	0.9999353
1042	0.0002222097	0.9996859	0.9998415	0.999937
1043	0.0002222097	0.9996966	0.9998415	0.9999323
1045	0.0002222097	0.9996998	0.9998415	0.9999352
1048	0.0002222097	0.9996939	0.9998415	0.9999371
1049	0.0002208861	0.9997013	0.9998415	0.9999354
1050	0.0002208861	0.9996981	0.9998415	0.9999372
1051	0.0002208861	0.9996834	0.9998415	0.9999378
1052	0.0002201759	0.9997103	0.9998415	0.9999384
1053	0.0002192219	0.9996902	0.999843	0.9999381
1054	0.0002185988	0.9996888	0.9998435	0.9999417
1055	0.0002185988	0.9996975	0.9998435	0.999937
1056	0.0002163672	0.9996982	0.9998426	0.9999393
1059	0.0002163672	0.9996936	0.9998426	0.9999379
1060	0.0002163672	0.9997053	0.9998426	0.9999427
1062	0.0002148327	0.9997008	0.9998475	0.9999468
1063	0.0002141784	0.9997152	0.9998478	0.9999432
1064	0.0002141784	0.9997014	0.9998478	0.9999446
1065	0.0002141784	0.999706	0.9998478	0.9999445
1066	0.0002140414	0.9996897	0.9998483	0.9999446
1068	0.0002140414	0.9997227	0.9998483	0.9999462
1069	0.0002128984	0.999701	0.9998483	0.9999423
1070	0.0002128984	0.9996933	0.9998483	0.9999433
1071	0.0002128984	0.9997149	0.9998483	0.9999436
1072	0.0002121969	0.9997017	0.9998483	0.9999428
1075	0.0002121969	0.9997022	0.9998483	0.9999437
1078	0.0002121969	0.9996861	0.9998483	0.9999421
1079	0.0002121969	0.9996836	0.9998483	0.9999428
1080	0.0002116303	0.9996861	0.9998483	0.9999435
1081	0.0002116178	0.999692	0.9998483	0.9999427
1082	0.0002116178	0.9996984	0.9998483	0.9999467
1083	0.0002116178	0.9997041	0.9998483	0.9999473
1084	0.0002116178	0.9997056	0.9998483	0.999946
1088	0.0002116178	0.9996959	0.9998483	0.9999435
1089	0.0002116178	0.9996847	0.9998483	0.9999445
1090	0.0002116178	0.9997068	0.9998483	0.9999431
1091	0.0002116178	0.9996959	0.9998483	0.9999454
1093	0.0002116178	0.9997104	0.9998483	0.9999451
1094	0.0002116178	0.999694	0.9998483	0.9999439
1097	0.0002116178	0.9997119	0.9998483	0.999943
1098	0.0002108903	0.9997164	0.9998484	0.9999431
1099	0.0002104252	0.9996832	0.9998484	0.9999462
1102	0.0002104252	0.9997001	0.9998484	0.9999438
1104	0.0002104252	0.9997079	0.9998484	0.9999462
1105	0.0002089492	0.9997097	0.9998487	0.9999442
1106	0.0002068864	0.9997256	0.9998526	0.9999472
1107	0.0002062303	0.9997199	0.9998526	0.9999446
1108	0.0002062303	0.9996947	0.9998526	0.9999445
1110	0.0002062303	0.9997219	0.9998526	0.9999435
1111	0.0002055427	0.9997292	0.9998526	0.9999406
1112	0.0002055427	0.9996958	0.9998526	0.9999438
1113	0.0002034697	0.9997277	0.999853	0.9999434
1114	0.0002034697	0.999714	0.999853	0.9999437
1115	0.0002028735	0.9997149	0.9998537	0.9999452
1116	0.000202501	0.999715	0.9998539	0.9999428
1117	0.000202501	0.9997323	0.9998539	0.999941
1118	0.000202501	0.9997122	0.9998539	0.9999461
1119	0.000202501	0.9997159	0.9998539	0.9999446
1120	0.000202501	0.9997082	0.9998539	0.9999463
1121	0.0002016597	0.9997178	0.9998539	0.9999472
1122	0.0002008161	0.9997277	0.9998543	0.9999454
1123	0.0002008161	0.9997212	0.9998543	0.9999459
1125	0.0002008161	0.9997059	0.9998543	0.9999465
1126	0.0002008161	0.9997083	0.9998543	0.9999467
1127	0.0002008161	0.9997052	0.9998543	0.9999441
1128	0.0002008161	0.9997067	0.9998543	0.999946
1129	0.0001998743	0.9997028	0.9998543	0.9999447
1130	0.0001998743	0.999719	0.9998543	0.9999492
1131	0.0001989002	0.9997251	0.9998564	0.9999468
1132	0.0001989002	0.9997173	0.9998564	0.9999451
1134	0.0001989002	0.9997202	0.9998564	0.9999501
1136	0.0001989002	0.9997295	0.9998564	0.9999483
1138	0.0001976846	0.9997082	0.9998573	0.9999486
1139	0.0001976846	0.99971	0.9998573	0.999948
1141	0.0001976846	0.9997173	0.9998573	0.999946
1142	0.0001976846	0.9997285	0.9998573	0.9999483
1143	0.0001976846	0.9997333	0.9998573	0.9999491
1145	0.0001976846	0.9997323	0.9998573	0.9999534
1147	0.0001976846	0.999719	0.9998573	0.9999497
1148	0.0001976846	0.9997228	0.9998573	0.9999478
1150	0.0001976846	0.9997194	0.9998573	0.9999464
1151	0.0001965244	0.9997143	0.9998573	0.9999489
1152	0.0001956777	0.9997189	0.9998573	0.9999486
1153	0.0001956777	0.9997082	0.9998573	0.9999441
1158	0.0001956777	0.999713	0.9998573	0.9999482
1159	0.0001950571	0.9997212	0.9998577	0.9999489
1160	0.0001950571	0.9997269	0.9998577	0.9999489
1161	0.0001950571	0.9997238	0.9998577	0.9999496
1162	0.0001946523	0.9997104	0.999858	0.9999529
1163	0.0001940197	0.9997207	0.9998613	0.9999499
1164	0.0001940197	0.9997273	0.9998613	0.9999504
1165	0.0001940197	0.9997258	0.9998613	0.9999497
1166	0.0001940197	0.9997218	0.9998613	0.9999524
1167	0.0001930124	0.9997334	0.9998635	0.9999495
1168	0.0001930124	0.9997458	0.9998635	0.9999539
1169	0.0001930124	0.999739	0.9998635	0.9999483
1170	0.0001930124	0.9997313	0.9998635	0.999953
1172	0.0001930124	0.9997239	0.9998635	0.9999515
1173	0.0001930124	0.9997292	0.9998635	0.999951
1177	0.0001930124	0.9997354	0.9998635	0.9999525
1180	0.0001930124	0.9997305	0.9998635	0.9999522
1181	0.0001930124	0.9997227	0.9998635	0.9999537
1183	0.0001922961	0.9997303	0.999864	0.999954
1184	0.0001922961	0.999723	0.999864	0.9999506
1185	0.0001922961	0.999731	0.999864	0.9999528
1188	0.0001922961	0.9997356	0.999864	0.9999527
1190	0.0001922961	0.9997268	0.999864	0.9999494
1192	0.0001907726	0.9997292	0.9998647	0.9999489
1193	0.0001907726	0.9997465	0.9998647	0.9999503
1194	0.0001902849	0.9997404	0.9998647	0.9999505
1195	0.0001902849	0.9997374	0.9998647	0.9999514
1196	0.0001897989	0.9997257	0.9998647	0.9999529
1197	0.0001891396	0.9997381	0.9998647	0.9999556
1198	0.0001891396	0.9997271	0.9998647	0.9999536
1200	0.0001891396	0.9997369	0.9998647	0.9999559
1201	0.0001885591	0.9997429	0.9998647	0.9999538
1202	0.0001885591	0.9997224	0.9998647	0.9999558
1203	0.000187854	0.9997228	0.9998648	0.9999544
1204	0.000187854	0.9997276	0.9998648	0.9999514
1205	0.0001870937	0.9997439	0.9998668	0.9999552
1206	0.0001870937	0.9997376	0.9998668	0.999954
1208	0.0001870937	0.9997332	0.9998668	0.9999528
1210	0.0001870937	0.9997236	0.9998668	0.9999548
1212	0.0001870937	0.9997227	0.9998668	0.9999537
1214	0.0001856027	0.999734	0.9998668	0.9999547
1215	0.0001856027	0.999738	0.9998668	0.9999575
1216	0.0001856027	0.9997358	0.9998668	0.9999538
1221	0.0001849665	0.9997265	0.9998698	0.9999612
1222	0.0001849665	0.9997482	0.9998698	0.9999604
1223	0.0001849665	0.9997443	0.9998698	0.9999578
1224	0.0001849665	0.9997283	0.9998698	0.999959
1226	0.0001849665	0.9997278	0.9998698	0.9999571
1234	0.0001849665	0.9997365	0.9998698	0.9999547
1236	0.0001833529	0.9997272	0.9998698	0.9999578
1237	0.0001819182	0.9997444	0.9998712	0.9999562
1238	0.0001819182	0.9997383	0.9998712	0.9999564
1239	0.0001806798	0.9997366	0.9998717	0.9999603
1244	0.0001787153	0.9997468	0.9998717	0.9999582
1245	0.0001787153	0.9997332	0.9998717	0.9999591
1246	0.0001774885	0.9997456	0.9998717	0.9999615
1250	0.0001774885	0.9997565	0.9998717	0.9999614
1251	0.0001774885	0.9997403	0.9998717	0.9999598
1252	0.0001774885	0.9997393	0.9998717	0.9999608
1253	0.0001774885	0.9997271	0.9998717	0.9999562
1254	0.0001767613	0.9997464	0.9998717	0.9999586
1255	0.000176107	0.9997467	0.9998725	0.9999594
1256	0.000176107	0.9997452	0.9998725	0.9999564
1257	0.000176107	0.9997377	0.9998725	0.9999614
1258	0.000176107	0.9997308	0.9998725	0.9999589
1260	0.0001751296	0.9997416	0.9998725	0.9999612
1263	0.0001751296	0.9997425	0.9998725	0.99996
1268	0.0001751296	0.999741	0.9998725	0.9999582
1270	0.0001743794	0.9997363	0.9998737	0.9999608
1272	0.0001743794	0.9997455	0.9998737	0.9999593
1275	0.0001743794	0.9997401	0.9998737	0.9999585
1276	0.0001743794	0.9997504	0.9998737	0.99996
1277	0.0001743794	0.999742	0.9998737	0.9999619
1278	0.0001743794	0.9997469	0.9998737	0.9999617
1279	0.0001743794	0.9997377	0.9998737	0.9999586
1283	0.0001743794	0.9997514	0.9998737	0.9999604
1284	0.0001733383	0.9997517	0.9998737	0.9999622
1285	0.0001733383	0.9997391	0.9998737	0.999957
1287	0.0001733383	0.9997497	0.9998737	0.9999597
1289	0.0001733383	0.9997381	0.9998737	0.9999587
1290	0.0001733383	0.9997482	0.9998737	0.9999585
1291	0.0001733383	0.9997518	0.9998737	0.9999635
1292	0.0001733383	0.9997442	0.9998737	0.9999602
1293	0.0001724704	0.9997401	0.9998737	0.9999587
1294	0.0001724704	0.9997503	0.9998737	0.9999592
1295	0.0001719282	0.999752	0.9998754	0.9999616
1296	0.0001719282	0.9997433	0.9998754	0.9999618
1298	0.000170461	0.9997427	0.9998778	0.9999613
1299	0.000170461	0.9997542	0.9998778	0.9999613
1300	0.000170461	0.9997499	0.9998778	0.9999624
1302	0.000170461	0.9997389	0.9998778	0.9999626
1303	0.0001692709	0.9997553	0.9998778	0.9999655
1304	0.0001692709	0.9997496	0.9998778	0.9999608
1305	0.000167203	0.9997554	0.9998769	0.9999625
1308	0.000167203	0.9997426	0.9998769	0.9999615
1309	0.000167203	0.9997538	0.9998769	0.9999611
1310	0.000167203	0.9997355	0.9998769	0.9999612
1312	0.0001667676	0.999746	0.9998769	0.9999626
1313	0.0001667676	0.9997558	0.9998769	0.9999652
1314	0.0001660938	0.9997438	0.9998769	0.9999608
1315	0.0001660938	0.999751	0.9998769	0.9999619
1318	0.0001660938	0.9997537	0.9998769	0.9999602
1319	0.0001660938	0.9997456	0.9998769	0.9999631
1321	0.0001660938	0.9997505	0.9998769	0.9999654
1323	0.0001660938	0.9997572	0.9998769	0.9999644
1324	0.0001660938	0.9997535	0.9998769	0.9999639
1327	0.000165435	0.9997542	0.9998816	0.9999667
1328	0.000165435	0.9997583	0.9998816	0.999966
1329	0.0001643962	0.9997412	0.9998822	0.9999673
1330	0.0001643962	0.9997528	0.9998822	0.9999703
1331	0.0001643962	0.9997609	0.9998822	0.9999673
1332	0.0001643962	0.9997471	0.9998822	0.9999685
1334	0.0001638839	0.9997502	0.9998822	0.999968
1336	0.0001638839	0.999746	0.9998822	0.99997
1337	0.0001638839	0.9997497	0.9998822	0.9999672
1338	0.0001638839	0.9997511	0.9998822	0.9999671
1339	0.0001638839	0.9997509	0.9998822	0.999966
1342	0.0001638839	0.9997552	0.9998822	0.9999665
1343	0.0001638839	0.9997487	0.9998822	0.9999673
1344	0.0001632494	0.9997482	0.9998823	0.9999679
1346	0.0001626937	0.999749	0.9998824	0.999966
1347	0.0001619172	0.9997542	0.9998825	0.9999674
1349	0.0001619172	0.9997436	0.9998825	0.9999701
1350	0.0001616796	0.9997555	0.9998826	0.999965
1351	0.0001616796	0.9997653	0.9998826	0.9999647
1354	0.0001616796	0.9997506	0.9998826	0.9999685
1358	0.000160928	0.9997402	0.9998826	0.9999685
1361	0.000160928	0.9997609	0.9998826	0.9999632
1362	0.000160928	0.9997588	0.9998826	0.9999689
1363	0.000160928	0.9997612	0.9998826	0.9999661
1365	0.0001608174	0.9997645	0.9998828	0.9999666
1366	0.0001602715	0.9997511	0.9998828	0.9999691
1368	0.0001587308	0.9997538	0.9998828	0.9999673
1369	0.0001587308	0.9997601	0.9998828	0.9999675
1375	0.0001587308	0.9997575	0.9998828	0.9999673
1377	0.0001587308	0.9997439	0.9998828	0.9999691
1378	0.0001587308	0.9997548	0.9998828	0.9999691
1379	0.0001587308	0.9997499	0.9998828	0.9999694
1384	0.0001587308	0.9997611	0.9998828	0.9999676
1385	0.0001581567	0.9997484	0.9998843	0.9999694
1389	0.0001571432	0.9997473	0.9998843	0.9999695
1393	0.0001571432	0.9997564	0.9998843	0.9999705
1395	0.0001571432	0.9997461	0.9998843	0.9999684
1397	0.0001571432	0.9997419	0.9998843	0.9999681
1398	0.0001571432	0.9997573	0.9998843	0.9999681
1400	0.0001571432	0.9997546	0.9998843	0.9999697
1401	0.0001571432	0.9997522	0.9998843	0.9999702
1405	0.0001571432	0.9997644	0.9998843	0.9999696
1406	0.0001571432	0.9997589	0.9998843	0.9999686
1408	0.0001571432	0.9997496	0.9998843	0.9999702
1410	0.0001571432	0.9997424	0.9998843	0.9999722
1411	0.0001571432	0.9997516	0.9998843	0.9999696
1412	0.0001571432	0.9997558	0.9998843	0.9999691
1415	0.0001564582	0.9997629	0.9998845	0.9999699
1416	0.0001564582	0.9997571	0.9998845	0.9999678
1418	0.0001545447	0.9997405	0.9998858	0.9999707
1425	0.0001545447	0.9997643	0.9998858	0.9999702
1426	0.0001545447	0.9997627	0.9998858	0.9999698
1427	0.0001536993	0.9997583	0.9998884	0.9999712
1428	0.0001536993	0.9997636	0.9998884	0.9999709
1430	0.0001536993	0.9997589	0.9998884	0.9999717
1435	0.0001536993	0.9997611	0.9998884	0.9999709
1438	0.0001531606	0.9997545	0.9998884	0.9999707
1439	0.0001523915	0.9997641	0.9998897	0.9999706
1443	0.0001516762	0.9997632	0.9998911	0.999975
1444	0.0001516762	0.9997638	0.9998911	0.9999705
1447	0.0001500336	0.999759	0.9998911	0.9999705
1448	0.0001491125	0.9997767	0.9998911	0.999973
1450	0.0001490758	0.9997669	0.9998911	0.9999722
1453	0.0001490758	0.9997468	0.9998911	0.9999692
1454	0.0001490758	0.9997659	0.9998911	0.9999706
1456	0.0001490758	0.9997515	0.9998911	0.9999762
1457	0.0001481438	0.9997487	0.9998911	0.9999723
1458	0.0001481072	0.9997671	0.9998911	0.9999728
1459	0.0001471104	0.9997657	0.9998924	0.9999754
1460	0.0001462568	0.9997717	0.999896	0.9999743
1461	0.0001462568	0.9997755	0.999896	0.9999723
1462	0.0001462568	0.9997803	0.999896	0.9999728
1463	0.0001444584	0.9997497	0.999896	0.9999731
1469	0.0001427722	0.9997698	0.999896	0.9999749
1470	0.0001419232	0.999782	0.9998996	0.9999736
1472	0.0001403528	0.9997691	0.9998996	0.999976
1473	0.0001403528	0.9997746	0.9998996	0.9999733
1474	0.0001403528	0.9997586	0.9998996	0.9999729
1476	0.0001403528	0.9997774	0.9998996	0.9999731
1479	0.0001403528	0.9997763	0.9998996	0.9999745
1481	0.0001403528	0.9997928	0.9998996	0.999976
1487	0.0001403528	0.9997658	0.9998996	0.9999755
1488	0.0001403528	0.9997847	0.9998996	0.9999739
1489	0.0001403528	0.9997867	0.9998996	0.9999772
1490	0.0001383901	0.9997874	0.9999023	0.9999744
1491	0.0001383901	0.9997718	0.9999023	0.9999714
1492	0.0001383901	0.9997879	0.9999023	0.9999749
1493	0.0001376213	0.9997819	0.9999027	0.9999746
1494	0.0001367689	0.9997928	0.9999062	0.9999763
1495	0.0001367689	0.9997888	0.9999062	0.9999758
1496	0.0001367689	0.9997864	0.9999062	0.9999745
1497	0.0001367689	0.9998	0.9999062	0.9999746
1500	0.0001358718	0.999783	0.9999062	0.9999767
1502	0.0001358718	0.9998008	0.9999062	0.9999752
1505	0.0001350194	0.9997951	0.9999092	0.9999776
1507	0.0001341602	0.9998029	0.9999122	0.999979
1508	0.0001341602	0.9998033	0.9999122	0.9999792
1511	0.0001341602	0.9998098	0.9999122	0.9999802
1512	0.0001333459	0.9998034	0.9999124	0.9999795
1514	0.0001315768	0.9998	0.9999135	0.9999802
1515	0.0001315417	0.9998038	0.9999135	0.9999794
1516	0.0001315417	0.9997909	0.9999135	0.9999807
1517	0.0001315417	0.9997985	0.9999135	0.9999811
1521	0.0001315417	0.999792	0.9999135	0.9999806
1522	0.0001308558	0.99979	0.9999146	0.9999812
1525	0.0001308558	0.9998014	0.9999146	0.9999805
1530	0.0001308558	0.9997975	0.9999146	0.9999797
1533	0.0001308558	0.9998074	0.9999146	0.9999819
1537	0.0001308558	0.9998094	0.9999146	0.9999818
1545	0.0001297704	0.9997919	0.9999146	0.9999827
1547	0.0001297704	0.9998004	0.9999146	0.9999826
1550	0.0001279181	0.999815	0.999919	0.9999798
1551	0.0001279181	0.9998193	0.999919	0.9999812
1552	0.0001279181	0.9998203	0.999919	0.9999823
1555	0.0001279181	0.9998098	0.999919	0.9999817
1556	0.0001279181	0.9998218	0.999919	0.9999803
1558	0.0001262942	0.9998242	0.999919	0.9999821
1560	0.0001262942	0.999802	0.999919	0.9999798
1564	0.0001262942	0.99981	0.999919	0.9999815
1567	0.0001262942	0.9998246	0.999919	0.9999802
1570	0.0001262942	0.9998036	0.999919	0.9999806
1572	0.000122848	0.9998594	0.9999367	0.9999845
1574	0.000122848	0.9998536	0.9999367	0.9999854
1575	0.000122848	0.9998572	0.9999367	0.999986
1576	0.0001219632	0.9998546	0.9999367	0.9999854
1578	0.0001213577	0.9998574	0.9999372	0.9999851
1581	0.0001213577	0.9998519	0.9999372	0.9999862
1582	0.0001213577	0.9998509	0.9999372	0.9999867
1584	0.0001213577	0.9998446	0.9999372	0.9999853
1587	0.0001213577	0.9998555	0.9999372	0.9999866
1588	0.0001213577	0.9998511	0.9999372	0.9999857
1590	0.0001213577	0.9998354	0.9999372	0.9999862
1592	0.0001213577	0.999839	0.9999372	0.9999849
1601	0.0001213577	0.9998478	0.9999372	0.999987
1602	0.0001211414	0.9998451	0.9999373	0.9999865
1608	0.0001211414	0.9998551	0.9999373	0.9999855
1612	0.0001211414	0.9998582	0.9999373	0.9999853
1620	0.0001211414	0.9998578	0.9999373	0.9999851
1622	0.0001211414	0.9998498	0.9999373	0.9999845
1623	0.0001211414	0.9998411	0.9999373	0.9999857
1624	0.0001211414	0.9998563	0.9999373	0.9999863
1632	0.0001211414	0.9998561	0.9999373	0.9999861
1637	0.000119963	0.9998408	0.9999373	0.9999861
1639	0.000119963	0.9998543	0.9999373	0.9999859
1642	0.000119963	0.9998558	0.9999373	0.9999858
1644	0.000119963	0.9998521	0.9999373	0.9999864
1646	0.000119963	0.9998503	0.9999373	0.9999863
1651	0.0001188253	0.9998524	0.9999393	0.9999873
1653	0.0001180325	0.9998536	0.9999393	0.9999877
1654	0.0001180325	0.9998533	0.9999393	0.9999879
1658	0.0001180325	0.9998495	0.9999393	0.999987
1659	0.0001180325	0.9998525	0.9999393	0.9999878
1662	0.0001174515	0.9998498	0.9999396	0.9999875
1668	0.0001174515	0.9998569	0.9999396	0.999988
1669	0.0001174515	0.9998589	0.9999396	0.9999889
1672	0.000115631	0.9998606	0.9999396	0.9999886
1679	0.000115631	0.9998566	0.9999396	0.9999877
1684	0.000115631	0.9998521	0.9999396	0.9999883
1686	0.0001145041	0.9998555	0.9999396	0.9999873
1687	0.0001133345	0.9998399	0.9999396	0.9999873
1689	0.0001133345	0.9998528	0.9999396	0.9999885
1691	0.0001133345	0.9998459	0.9999396	0.9999867
1699	0.0001133345	0.9998438	0.9999396	0.999988
1701	0.0001133345	0.9998561	0.9999396	0.9999883
1707	0.0001133345	0.9998571	0.9999396	0.9999891
1708	0.0001133345	0.9998541	0.9999396	0.9999875
1709	0.0001133345	0.9998405	0.9999396	0.9999871
1713	0.0001133345	0.9998543	0.9999396	0.9999874
1716	0.0001133345	0.999864	0.9999396	0.999988
1724	0.0001133345	0.9998568	0.9999396	0.9999877
1726	0.0001122004	0.9998457	0.9999398	0.9999872
1729	0.000111145	0.9998619	0.9999398	0.9999876
1732	0.0001090739	0.999879	0.9999475	0.9999883
1734	0.0001090739	0.9998711	0.9999475	0.9999891
1742	0.0001090739	0.9998755	0.9999475	0.999988
1744	0.0001090739	0.9998755	0.9999475	0.999988
1745	0.0001090739	0.9998774	0.9999475	0.9999882
1750	0.0001090739	0.9998833	0.9999475	0.9999874
1753	0.0001090739	0.999879	0.9999475	0.9999877
1754	0.0001090739	0.9998799	0.9999475	0.9999888
1758	0.0001090739	0.9998744	0.9999475	0.9999874
1759	0.0001090739	0.9998849	0.9999475	0.9999881
1768	0.0001090739	0.9998851	0.9999475	0.9999875
1769	0.0001090739	0.9998752	0.9999475	0.9999879
1776	0.0001074741	0.999882	0.9999475	0.9999886
1777	0.0001064054	0.9998786	0.9999485	0.9999882
1779	0.0001064054	0.9998769	0.9999485	0.9999884
1781	0.0001064054	0.9998839	0.9999485	0.999989
1782	0.0001064054	0.999885	0.9999485	0.9999881
1783	0.0001064054	0.9998812	0.9999485	0.9999882
1785	0.0001064054	0.9998744	0.9999485	0.9999892
1786	0.0001064054	0.9998818	0.9999485	0.9999879
1787	0.0001064054	0.9998813	0.9999485	0.9999901
1790	0.0001064054	0.9998821	0.9999485	0.9999894
1793	0.0001064054	0.9998835	0.9999485	0.9999887
1802	0.0001064054	0.999882	0.9999485	0.9999887
1803	0.0001064054	0.9998819	0.9999485	0.9999885
1807	0.0001064054	0.9998769	0.9999485	0.9999889
1808	0.0001064054	0.9998759	0.9999485	0.9999894
1811	0.0001064054	0.9998796	0.9999485	0.9999899
1813	0.0001054068	0.9998834	0.9999493	0.999989
1819	0.0001054068	0.9998831	0.9999493	0.9999899
1820	0.0001054068	0.9998854	0.9999493	0.9999889
1824	0.0001054068	0.9998778	0.9999493	0.9999892
1826	0.0001054068	0.999875	0.9999493	0.99999
1838	0.0001054068	0.999873	0.9999493	0.9999908
1843	0.0001034097	0.9998842	0.9999493	0.9999902
1845	0.0001034097	0.9998862	0.9999493	0.9999901
1851	0.0001034097	0.9998755	0.9999493	0.9999893
1853	0.0001034097	0.9998837	0.9999493	0.9999895
1856	0.0001034097	0.9998815	0.9999493	0.9999894
1858	0.0001024665	0.9998849	0.99995	0.9999908
1859	0.0001024665	0.9998731	0.99995	0.999991
1873	0.0001024665	0.9998822	0.99995	0.9999904
1880	0.0001024665	0.9998849	0.99995	0.9999905
1888	0.0001024665	0.9998808	0.99995	0.9999908
1904	0.0001017827	0.9998945	0.9999548	0.9999924
1914	0.0001008766	0.9998879	0.9999556	0.9999933
1919	0.0001008766	0.9998937	0.9999556	0.9999929
1922	0.0001008766	0.9998917	0.9999556	0.9999933
1923	0.0001008766	0.9998808	0.9999556	0.9999936
1932	0.0001008766	0.9998841	0.9999556	0.9999928
1945	0.0001008766	0.9998902	0.9999556	0.9999937
1949	0.0001008766	0.9998891	0.9999556	0.9999936
1952	0.0001002309	0.9998892	0.9999556	0.9999935
1953	9.924734e-05	0.9998782	0.9999556	0.999994
1964	9.924734e-05	0.9998868	0.9999556	0.9999936
1968	9.924734e-05	0.9998773	0.9999556	0.9999939
1969	9.789652e-05	0.999891	0.9999558	0.9999935
1972	9.789652e-05	0.9998862	0.9999558	0.9999939
1975	9.789652e-05	0.9998922	0.9999558	0.9999923
1980	9.609964e-05	0.9998891	0.9999558	0.9999943
1988	9.609964e-05	0.9998922	0.9999558	0.9999942
1990	9.536159e-05	0.999892	0.9999558	0.9999933
1991	9.536159e-05	0.9998772	0.9999558	0.9999943
1997	9.536159e-05	0.9998918	0.9999558	0.9999936
2008	9.331796e-05	0.9999011	0.9999606	0.9999938
2011	9.244293e-05	0.9999066	0.9999606	0.999994
2019	9.244293e-05	0.9999026	0.9999606	0.9999932
2024	9.244293e-05	0.9999	0.9999606	0.999994
2025	9.244293e-05	0.9999096	0.9999606	0.9999942
2030	9.244293e-05	0.9999025	0.9999606	0.9999941
2032	9.244293e-05	0.9999064	0.9999606	0.999994
2036	9.153464e-05	0.9999055	0.9999606	0.999994
2038	9.153464e-05	0.9999018	0.9999606	0.9999935
2042	9.153464e-05	0.9999068	0.9999606	0.9999931
2048	8.744737e-05	0.9998961	0.9999623	0.9999954
2051	8.744737e-05	0.9999003	0.9999623	0.9999957
2075	8.744737e-05	0.9999008	0.9999623	0.9999943
2086	8.639845e-05	0.9999053	0.9999623	0.9999945
2087	8.639845e-05	0.9999041	0.9999623	0.9999955
2090	8.639845e-05	0.9999095	0.9999623	0.999995
2094	8.639845e-05	0.9999028	0.9999623	0.9999948
2096	8.639845e-05	0.9999075	0.9999623	0.9999954
2115	8.480674e-05	0.999908	0.9999623	0.9999952
2121	8.480674e-05	0.9999096	0.9999623	0.9999953
2122	8.480674e-05	0.9999085	0.9999623	0.9999947
2124	8.480674e-05	0.999906	0.9999623	0.9999958
2126	8.327625e-05	0.9998971	0.9999625	0.9999952
2133	8.327625e-05	0.9999039	0.9999625	0.9999958
2143	8.173835e-05	0.999908	0.9999625	0.9999957
2144	8.173835e-05	0.9999015	0.9999625	0.9999959
2162	8.070842e-05	0.9999075	0.9999625	0.9999947
2172	8.070842e-05	0.9999078	0.9999625	0.9999945
2181	8.070842e-05	0.9999048	0.9999625	0.9999949
2192	8.070842e-05	0.9999004	0.9999625	0.9999957
2198	8.070842e-05	0.999899	0.9999625	0.9999958
2202	8.070842e-05	0.9998994	0.9999625	0.9999959
2204	8.070842e-05	0.9999067	0.9999625	0.9999948
2205	8.070842e-05	0.999904	0.9999625	0.9999957
2207	8.070842e-05	0.999904	0.9999625	0.9999956
2212	8.070842e-05	0.9998972	0.9999625	0.9999954
2217	8.070842e-05	0.9999008	0.9999625	0.999995
2225	8.070842e-05	0.9999055	0.9999625	0.999995
2229	8.070842e-05	0.9999067	0.9999625	0.9999953
2232	7.914269e-05	0.9999024	0.9999625	0.9999955
2236	7.914269e-05	0.9999086	0.9999625	0.9999955
2240	7.914269e-05	0.9999064	0.9999625	0.999995
2241	7.806683e-05	0.9999092	0.9999629	0.9999957
2248	7.806683e-05	0.999908	0.9999629	0.9999961
2251	7.806683e-05	0.9999048	0.9999629	0.9999958
2259	7.706692e-05	0.9999029	0.9999629	0.9999964
2265	7.524276e-05	0.9999008	0.9999629	0.9999957
2266	7.524276e-05	0.9999006	0.9999629	0.9999956
2267	7.369352e-05	0.9999061	0.9999629	0.9999959
2270	7.252516e-05	0.9999092	0.9999629	0.9999963
2271	7.179244e-05	0.9999078	0.9999631	0.9999966
2274	7.179244e-05	0.9998997	0.9999631	0.9999959
2278	7.179244e-05	0.9999062	0.9999631	0.9999951
2279	7.179244e-05	0.9999095	0.9999631	0.9999962
2290	7.085681e-05	0.9999094	0.9999635	0.9999964
2298	7.085681e-05	0.999907	0.9999635	0.9999968
2304	7.085681e-05	0.9999108	0.9999635	0.9999969
2327	7.085681e-05	0.9999043	0.9999635	0.999996
2330	7.085681e-05	0.9999007	0.9999635	0.9999964
2336	7.085681e-05	0.9999003	0.9999635	0.9999963
2350	7.085681e-05	0.9999106	0.9999635	0.9999963
2356	6.949965e-05	0.9999049	0.9999635	0.9999965
2360	6.949965e-05	0.9999039	0.9999635	0.9999962
2364	6.949965e-05	0.9999061	0.9999635	0.9999969
2366	6.949965e-05	0.9999037	0.9999635	0.999996
2375	6.949965e-05	0.9999008	0.9999635	0.9999968
2380	6.949965e-05	0.999902	0.9999635	0.9999961
2384	6.847759e-05	0.9999047	0.9999635	0.9999963
2392	6.847759e-05	0.9999039	0.9999635	0.9999967
2400	6.847759e-05	0.9999001	0.9999635	0.9999958
2403	6.847759e-05	0.9999062	0.9999635	0.9999966
2404	6.847759e-05	0.9999076	0.9999635	0.9999964
2405	6.847759e-05	0.9999023	0.9999635	0.9999966
2410	6.847759e-05	0.9999071	0.9999635	0.9999959
2412	6.847759e-05	0.9999105	0.9999635	0.9999965
2418	6.847759e-05	0.9999091	0.9999635	0.9999972
2420	6.659039e-05	0.9998997	0.9999635	0.9999958
2422	6.391835e-05	0.9999088	0.9999638	0.9999969
2425	6.391835e-05	0.9999096	0.9999638	0.9999969
2427	6.391835e-05	0.9999099	0.9999638	0.999996
2434	6.391835e-05	0.9999048	0.9999638	0.9999972
2439	6.268592e-05	0.9999102	0.9999638	0.9999961
2440	6.268592e-05	0.9999089	0.9999638	0.9999968
2446	6.268592e-05	0.9999057	0.9999638	0.9999972
2450	6.268592e-05	0.9999089	0.9999638	0.9999968
2456	6.268592e-05	0.9999026	0.9999638	0.9999967
2463	6.268592e-05	0.9999099	0.9999638	0.9999965
2464	6.268592e-05	0.9999091	0.9999638	0.999997
2465	6.268592e-05	0.9999045	0.9999638	0.9999969
2466	6.268592e-05	0.9998993	0.9999638	0.9999966
2470	6.18487e-05	0.999912	0.9999646	0.9999972
2471	5.993444e-05	0.9999008	0.9999646	0.9999967
2476	5.993444e-05	0.9999127	0.9999646	0.9999968
2477	5.877019e-05	0.9999097	0.9999646	0.9999972
2480	5.877019e-05	0.9999082	0.9999646	0.9999977
2485	5.877019e-05	0.9999084	0.9999646	0.9999969
2487	5.877019e-05	0.9999074	0.9999646	0.9999979
2494	5.877019e-05	0.9999057	0.9999646	0.9999975
2499	5.877019e-05	0.9999073	0.9999646	0.9999965
2502	5.877019e-05	0.9999097	0.9999646	0.9999969
2506	5.706411e-05	0.9999116	0.9999646	0.9999977
2507	5.706411e-05	0.999915	0.9999646	0.9999975
2513	5.706411e-05	0.9999081	0.9999646	0.9999978
2523	5.706411e-05	0.9999125	0.9999646	0.9999972
2526	5.706411e-05	0.9999104	0.9999646	0.9999977
2542	5.561161e-05	0.9999092	0.9999653	0.9999979
2545	5.561161e-05	0.9999047	0.9999653	0.9999977
2550	5.561161e-05	0.9999	0.9999653	0.9999977
2559	5.436341e-05	0.9999061	0.9999653	0.9999993
2564	5.228609e-05	0.9999108	0.9999653	0.9999979
2567	5.228609e-05	0.9999055	0.9999653	0.9999979
2572	5.228609e-05	0.999909	0.9999653	0.9999977
2577	5.108041e-05	0.9999092	0.9999653	0.9999979
2588	5.108041e-05	0.9999046	0.9999653	0.9999977
2599	5.108041e-05	0.9999095	0.9999653	0.9999979
2605	5.108041e-05	0.9999094	0.9999653	0.9999996
2610	4.900914e-05	0.9999061	0.9999653	0.9999979
2614	4.900914e-05	0.9999035	0.9999653	0.9999979
2616	4.756806e-05	0.9999046	0.9999653	0.9999977
2620	4.756806e-05	0.9998995	0.9999653	0.9999977
2630	4.756806e-05	0.9999045	0.9999653	0.9999979
2647	4.756806e-05	0.9999121	0.9999653	0.9999977
2667	4.756806e-05	0.9999089	0.9999653	0.9999993
2678	4.756806e-05	0.999913	0.9999653	0.9999998
2683	4.756806e-05	0.9999115	0.9999653	0.9999977
2690	4.756806e-05	0.9999097	0.9999653	0.9999979
2696	4.602664e-05	0.9999039	0.9999655	0.9999979
2697	4.602664e-05	0.9999092	0.9999655	0.9999979
2700	4.602664e-05	0.9999133	0.9999655	0.9999979
2715	4.602664e-05	0.9999042	0.9999655	0.9999979
2726	4.442339e-05	0.9999018	0.9999655	0.9999979
2746	4.442339e-05	0.9999021	0.9999655	0.9999979
2761	4.442339e-05	0.9999123	0.9999655	0.9999979
2767	4.442339e-05	0.9999025	0.9999655	0.9999979
2786	4.442339e-05	0.999904	0.9999655	0.9999979
2805	4.442339e-05	0.9999085	0.9999655	0.9999979
2807	4.320341e-05	0.9999089	0.9999655	0.9999979
2824	4.320341e-05	0.9999101	0.9999655	0.9999979
2828	4.320341e-05	0.99991	0.9999655	0.9999979
2873	4.22653e-05	0.9999029	0.9999686	1
2878	4.22653e-05	0.9999156	0.9999686	1
2882	4.22653e-05	0.999912	0.9999686	1
2894	4.22653e-05	0.9999054	0.9999686	1
2910	4.115589e-05	0.9999154	0.9999686	1
2923	4.115589e-05	0.9999169	0.9999686	1
2925	4.115589e-05	0.9999065	0.9999686	1
2926	3.927925e-05	0.999905	0.9999686	1
2929	3.927925e-05	0.9999099	0.9999686	1
2935	3.723452e-05	0.9999138	0.9999705	1
2960	3.723452e-05	0.9999137	0.9999705	1
2963	3.723452e-05	0.9999213	0.9999705	1
3003	3.723452e-05	0.9999157	0.9999705	1
3004	3.723452e-05	0.9999208	0.9999705	1
3005	3.60596e-05	0.9999213	0.9999705	1
3038	3.48399e-05	0.9999236	0.9999726	1
3052	3.48399e-05	0.9999179	0.9999726	1
3090	3.48399e-05	0.9999132	0.9999726	1
3110	3.48399e-05	0.999918	0.9999726	1
3122	3.48399e-05	0.999913	0.9999726	1
3130	3.276252e-05	0.9999382	0.9999775	1
3146	3.080435e-05	0.9999382	0.9999775	1
3154	2.98074e-05	0.9999382	0.9999775	1
3176	2.98074e-05	0.9999382	0.9999775	1
3181	2.773003e-05	0.9999538	0.9999827	1
3271	2.773003e-05	0.9999533	0.9999827	1
3316	2.773003e-05	0.9999538	0.9999827	1
3350	2.773003e-05	0.9999539	0.9999827	1
3354	2.624705e-05	0.9999538	0.9999827	1
3388	2.624705e-05	0.9999534	0.9999827	1
3444	2.624705e-05	0.9999539	0.9999827	1
3460	2.486262e-05	0.9999539	0.9999827	1
3480	2.343646e-05	0.9999565	0.9999837	1
3530	2.343646e-05	0.9999566	0.9999837	1
3533	2.343646e-05	0.9999515	0.9999837	1
3560	2.135493e-05	0.9999566	0.9999837	1
3572	1.945106e-05	0.999956	0.9999837	1
3575	1.738031e-05	0.9999567	0.9999837	1
3594	1.738031e-05	0.999956	0.9999837	1
3612	1.738031e-05	0.9999565	0.9999837	1
3668	1.738031e-05	0.9999566	0.9999837	1
3669	1.531934e-05	0.9999624	0.9999856	1
3715	1.325336e-05	0.9999625	0.9999856	1
3806	1.325336e-05	0.9999624	0.9999856	1
3812	1.325336e-05	0.9999623	0.9999856	1
3818	1.325336e-05	0.9999624	0.9999856	1
3819	1.325336e-05	0.9999625	0.9999856	1
3822	1.117569e-05	0.99996	0.9999856	1
3823	9.841288e-06	0.9999625	0.9999856	1
3853	9.841288e-06	0.9999601	0.9999856	1
3861	9.841288e-06	0.9999623	0.9999856	1
3874	9.841288e-06	0.9999601	0.9999856	1
3882	7.794602e-06	0.999976	0.9999908	1
3894	5.710722e-06	0.999976	0.9999908	1
3978	5.710722e-06	0.999976	0.9999908	1
3980	5.710722e-06	0.9999745	0.9999908	1
4004	4.090733e-06	0.999976	0.9999908	1
4044	4.090733e-06	0.999976	0.9999908	1
4073	4.090733e-06	0.999976	0.9999908	1
4155	2.011764e-06	0.9999778	0.9999944	1
4173	2.011764e-06	0.9999831	0.9999944	1
4193	2.011764e-06	0.9999831	0.9999944	1
4236	2.011764e-06	0.9999831	0.9999944	1
4296	2.011764e-06	0.9999831	0.9999944	1
4335	0	1	1	1
4626	0	1	1	1
4651	0	1	1	1
4662	0	1	1	1
4767	0	1	1	1
4841	0	1	1	1
4975	0	1	1	1
5342	0	1	1	1
5385	0	1	1	1
