Index	Begin	End	Left	Right	Score	seqID
1	94	261	c(94, 153, 217)	c(152, 216, 261)	2.58612498291657	7AF2AAA
2	5	46	c(5, 19, 33)	c(18, 32, 46)	1.15823946437164	5AL6A
3	18	173	c(18, 94)	c(93, 173)	2.03592564499634	2VXNA
3	178	241	c(178, 198, 214, 228)	c(197, 213, 227, 241)	0.701011995143606	2VXNA
4	143	383	c(143, 269)	c(268, 383)	3.79262206636431	4AYOA
4	407	432	c(407, 420)	c(419, 432)	0.349399075225599	4AYOA
5	4	184	c(4, 85)	c(84, 184)	3.4598139480581	3O4PA
5	212	276	c(212, 243)	c(242, 276)	0.295864663208471	3O4PA
6	1	103	c(1, 45)	c(44, 103)	2.36738319017362	2DDXA
6	106	301	c(106, 205)	c(204, 301)	2.01159211533141	2DDXA
7	31	278	c(31, 159)	c(158, 278)	5.67652347906548	3ZOJA
8	116	248	c(116, 181)	c(180, 248)	4.0079407142741	6KFNA
9	158	380	c(158, 266)	c(265, 380)	1.98088918115584	7P1QA
10	96	142	c(96, 109, 126)	c(108, 125, 142)	1.44347049478199	4G78A
11	1	55	c(1, 29)	c(28, 55)	4.15177034751812	2FDNA
12	14	199	c(14, 103)	c(102, 199)	3.0049819260213	4KQPA
13	7	127	c(7, 49, 91)	c(48, 90, 127)	12.5243994953119	8PKRA
14	3	131	c(3, 65)	c(64, 131)	12.3450603799659	7DC4A
15	10	320	c(10, 144)	c(143, 320)	4.16060788070074	1K5CA
16	25	326	c(25, 198)	c(197, 326)	3.5025936367859	5A8CA
17	14	152	c(14, 62, 110)	c(61, 109, 152)	7.25536176842003	8B97A
18	1	142	c(1, 77)	c(76, 142)	5.65311630906202	8JEAA
19	8	68	c(8, 24, 39, 54)	c(23, 38, 53, 68)	4.95188901766608	2PNEA
20	65	303	c(65, 177)	c(176, 303)	2.88375137890998	4N1IA
21	31	260	c(31, 139)	c(138, 260)	3.36798381513715	2GGCA
22	114	337	c(114, 219)	c(218, 337)	3.66439335297179	4GNRA
23	1	95	c(1, 48)	c(47, 95)	10.5197200603961	2QSKA
24	3	148	c(3, 76)	c(75, 148)	8.6777907834938	5E1NA
25	11	198	c(11, 44, 77, 110, 148, 181)	c(43, 76, 109, 147, 180, 198)	7.85421440383202	5D66A
26	24	160	c(24, 55, 84, 115)	c(54, 83, 114, 160)	2.67401913878628	2CE2X
27	3	96	c(3, 24, 48, 73)	c(23, 47, 72, 96)	8.59585597569323	8FNSA
28	4	108	c(4, 55)	c(54, 108)	1.47047990193499	3NBCA
29	16	115	c(16, 80)	c(79, 115)	1.43232766014384	6QAZA
30	16	61	c(16, 38)	c(37, 61)	0.752260642654033	1CC8A
31	12	218	c(12, 103)	c(102, 218)	1.84735972660063	7RM7A
32	66	247	c(66, 148)	c(147, 247)	2.39540731353633	3W07A
33	1	153	c(1, 68)	c(67, 153)	3.45303848575578	6GGPA
34	10	111	c(10, 56)	c(55, 111)	0.879692971538296	3B64A
35	53	247	c(53, 147)	c(146, 247)	2.94337242335419	3O1NA
36	1	49	c(1, 28)	c(27, 49)	3.4552941367354	6Q3PB
37	5	32	c(5, 12, 19, 26)	c(11, 18, 25, 32)	1.50550680333637	5D5YA
38	7	48	c(7, 14, 21, 28, 35, 42)	c(13, 20, 27, 34, 41, 48)	2.8360662421908	6N9HA
39	27	353	c(27, 122, 244)	c(121, 243, 353)	4.66796311391353	3A72A
40	30	246	c(30, 137)	c(136, 246)	2.96623246987735	1QXYA
41	2	104	c(2, 58)	c(57, 104)	1.28176976028992	6MM2A
42	193	322	c(193, 258)	c(257, 322)	2.69477877972035	6RY0A
42	351	438	c(351, 397)	c(396, 438)	1.33483771269233	6RY0A
43	6	145	c(6, 54, 102)	c(53, 101, 145)	9.32939573002843	3WMVA
44	155	391	c(155, 254)	c(253, 391)	2.81665984686765	7ESKA
45	11	421	c(11, 147, 284)	c(146, 283, 421)	5.99168569462126	5U4HA
46	100	153	c(100, 127)	c(126, 153)	1.06705800573447	7TFMA
47	64	347	c(64, 108, 150, 191, 233, 279, 322)	c(107, 149, 190, 232, 278, 321, 347)	7.45402487792436	5OJ5A
48	39	127	c(39, 83)	c(82, 127)	2.52133454461228	7O4PA
49	17	299	c(17, 64, 112, 159, 206, 253)	c(63, 111, 158, 205, 252, 299)	30.1784617939662	6GY5A
50	17	50	c(17, 34)	c(33, 50)	0.900099059652301	1NKDA
51	74	167	c(74, 121)	c(120, 167)	1.10737546185422	4WUIA
52	58	98	c(58, 79)	c(78, 98)	0.729854929506063	9BNQA
53	253	405	c(253, 337)	c(336, 405)	2.71815382657516	5Z3EA
54	5	140	c(5, 59)	c(58, 140)	2.07555897482711	4IZXA
55	2	205	c(2, 102)	c(101, 205)	1.90228259152923	5EL9A
56	75	312	c(75, 198)	c(197, 312)	4.89899604489252	4QQSA
57	54	164	c(54, 102)	c(101, 164)	2.04974220183825	3KWEA
58	3	236	c(3, 99)	c(98, 236)	2.99945341046701	1O5XA
59	28	91	c(28, 60)	c(59, 91)	1.25649764791624	4H7WA
59	153	172	c(153, 163)	c(162, 172)	0.22520702981545	4H7WA
60	11	146	c(11, 78)	c(77, 146)	3.94104257482847	7O91A
61	1	295	c(1, 40, 82, 124, 166, 209, 254)	c(39, 81, 123, 165, 208, 253, 295)	22.7905051302143	6E1ZA
62	77	480	c(77, 255)	c(254, 480)	4.18769342726519	2FBAA
63	21	104	c(21, 63)	c(62, 104)	2.62243654314147	1RG8A
64	26	184	c(26, 115)	c(114, 184)	4.22389407123271	1YFQA
64	268	334	c(268, 299)	c(298, 334)	1.80816447155925	1YFQA
65	57	169	c(57, 110)	c(109, 169)	2.75367426592988	7YWGA
66	3	207	c(3, 97)	c(96, 207)	5.48826543404097	3MVSA
67	8	53	c(8, 31)	c(30, 53)	1.3106830538793	7MW7A
67	54	117	c(54, 100)	c(99, 117)	0.113141349901692	7MW7A
68	16	294	c(16, 167)	c(166, 294)	3.69697110411633	2II2A
69	1	52	c(1, 27)	c(26, 52)	1.13064339448335	5VNYA
70	1	7	c(1, 2, 3, 4, 5, 6, 7)	c(1, 2, 3, 4, 5, 6, 7)	0.0353252276993423	6BXDA
70	28	168	c(28, 49, 73, 97, 121, 145)	c(48, 72, 96, 120, 144, 168)	10.5122795789802	6BXDA
70	181	204	c(181, 193)	c(192, 204)	0.164062752958424	6BXDA
71	9	261	c(9, 92, 173)	c(91, 172, 261)	8.22765174744112	5OUOA
72	28	361	c(28, 78, 125, 173, 221, 269, 317)	c(77, 124, 172, 220, 268, 316, 361)	47.888878176081	6RG2B
73	1	141	c(1, 48, 96)	c(47, 95, 141)	7.14731459983202	4I4OA
74	12	310	c(12, 154)	c(153, 310)	5.15277186269562	5GTQA
75	1	303	c(1, 51, 103, 159, 205, 251)	c(50, 102, 158, 204, 250, 303)	9.91818546115283	5MXCA
76	13	144	c(13, 83)	c(82, 144)	2.62569027802721	7T26A
77	9	300	c(9, 81, 153, 225)	c(80, 152, 224, 300)	16.3079854512311	5KLAA
78	18	87	c(18, 54)	c(53, 87)	4.23219329538615	3TBNA
79	66	173	c(66, 87, 118, 148)	c(86, 117, 147, 173)	3.00043121423467	4YZ0A
80	61	347	c(61, 132, 206, 276)	c(131, 205, 275, 347)	6.41602909496785	2O0BA
81	27	148	c(27, 91)	c(90, 148)	3.50634724541709	6CWMA
82	5	114	c(5, 57)	c(56, 114)	0.940735727509052	2NSZA
83	5	76	c(5, 13, 21, 29, 37, 45, 53, 61)	c(12, 20, 28, 36, 44, 52, 60, 76)	6.00996815347913	4KU0A
84	8	89	c(8, 52)	c(51, 89)	1.71098539240469	4KU0D
85	7	312	c(7, 170)	c(169, 312)	17.8352117657692	8OV5M
86	40	250	c(40, 104, 181)	c(103, 180, 250)	4.16656231285593	3M73A
86	273	300	c(273, 287)	c(286, 300)	1.0504615741667	3M73A
87	65	261	c(65, 155)	c(154, 261)	2.07313377643482	6UAQA
88	3	173	c(3, 89)	c(88, 173)	6.18676289312359	6W5BA
89	1	78	c(1, 39)	c(38, 78)	1.41556907310737	2IC6A
90	11	168	c(11, 37, 70, 103, 136)	c(36, 69, 102, 135, 168)	15.9131505083209	4DUIA
91	166	297	c(166, 231)	c(230, 297)	3.34124740599309	6JDZA
92	31	45	c(31, 34, 37, 40, 43)	c(33, 36, 39, 42, 45)	1.59647869052855	6Q43B
93	3	44	c(3, 6, 9, 12, 15, 18, 21, 24, 27, 30, 33, 36, 39, 42)	c(5, 8, 11, 14, 17, 20, 23, 26, 29, 32, 35, 38, 41, 44)	7.12502455988707	6Q43A
94	1	45	c(1, 4, 7, 10, 13, 16, 19, 22, 25, 28, 31, 34, 37, 40, 43)	c(3, 6, 9, 12, 15, 18, 21, 24, 27, 30, 33, 36, 39, 42, 45)	7.69986080438315	6Q43C
95	6	99	c(6, 45)	c(44, 99)	2.56176931032601	7V4ZA
95	124	137	c(124, 131)	c(130, 137)	0.152769274635533	7V4ZA
96	27	128	c(27, 78)	c(77, 128)	3.4881637106249	6GDXA
97	43	275	c(43, 165)	c(164, 275)	5.75334939235581	5I32A
98	4	146	c(4, 79)	c(78, 146)	8.65947854065254	3WDCA
99	8	119	c(8, 38, 67, 94)	c(37, 66, 93, 119)	5.34747437099797	6R01A
100	3	287	c(3, 49, 100, 147, 194, 241)	c(48, 99, 146, 193, 240, 287)	22.5345135254926	7OFEA
101	131	347	c(131, 155, 178, 202, 232, 255, 278, 308)	c(154, 177, 201, 231, 254, 277, 307, 347)	6.07165461073583	5LW3A
102	10	115	c(10, 48, 86)	c(47, 85, 115)	13.352770000393	3A07A
103	24	49	c(24, 37)	c(36, 49)	0.605378607582482	4LLDB
104	5	122	c(5, 64)	c(63, 122)	12.0966125465193	2FJ8A
105	35	405	c(35, 212)	c(211, 405)	2.33754782137763	1H12A
106	17	260	c(17, 55, 92, 134, 192)	c(54, 91, 133, 191, 260)	4.17641851306769	7C38A
107	40	283	c(40, 175)	c(174, 283)	3.22352028709967	2V3GA
108	31	337	c(31, 175)	c(174, 337)	3.17118899060562	1W32A
109	112	339	c(112, 225)	c(224, 339)	5.0773536771242	6KVHA
110	1	235	c(1, 98)	c(97, 235)	2.92385550914984	1NEYA
111	1	126	c(1, 44, 84)	c(43, 83, 126)	7.93102329892992	1KNMA
112	88	215	c(88, 128, 160, 188)	c(127, 159, 187, 215)	1.95034125942928	2H1VA
112	252	310	c(252, 283)	c(282, 310)	0.897537829160674	2H1VA
113	2	201	c(2, 52, 102, 152)	c(51, 101, 151, 201)	23.9966922929459	5CWGA
114	2	7	c(2, 3, 4, 5, 6, 7)	c(2, 3, 4, 5, 6, 7)	0.436013946932425	4WWHA
114	19	362	c(19, 180)	c(179, 362)	4.90924607368522	4WWHA
115	14	134	c(14, 53, 82, 99, 117)	c(52, 81, 98, 116, 134)	3.57407859341315	3R3RA
116	28	297	c(28, 177)	c(176, 297)	1.66577412383026	5WQJB
117	4	76	c(4, 41)	c(40, 76)	0.814550977834648	6FU9A
118	95	267	c(95, 181)	c(180, 267)	2.49744215616517	5IBQA
118	270	304	c(270, 287)	c(286, 304)	0.150200109566334	5IBQA
119	28	285	c(28, 149)	c(148, 285)	4.07813457226144	5HKOA
119	301	347	c(301, 330)	c(329, 347)	0.22841215563439	5HKOA
120	4	119	c(4, 65)	c(64, 119)	2.3796803672558	6UOFA
121	5	50	c(5, 28)	c(27, 50)	0.93447843874492	2A26A
122	1	28	c(1, 15)	c(14, 28)	1.20983261776546	8F3AA
123	2	43	c(2, 23)	c(22, 43)	1.26930349265098	6O40A
124	125	246	c(125, 156, 188, 217)	c(155, 187, 216, 246)	2.26148829818136	2VK2A
125	16	100	c(16, 58)	c(57, 100)	1.85777137968077	5YRHA
126	7	72	c(7, 40)	c(39, 72)	2.04108270892751	8H0RA
127	6	91	c(6, 49)	c(48, 91)	9.54844037766848	7DU7A
128	23	216	c(23, 119)	c(118, 216)	3.1019681375149	1Q6OA
129	13	145	c(13, 47, 80, 113)	c(46, 79, 112, 145)	7.70582257752929	4HI8A
129	149	156	c(149, 153)	c(152, 156)	0.00905518157602182	4HI8A
130	14	270	c(14, 139)	c(138, 270)	3.36178110887051	8PAYA
130	309	350	c(309, 328)	c(327, 350)	0.455853686034781	8PAYA
131	52	259	c(52, 160)	c(159, 259)	1.67160969625248	7RMNA
132	32	74	c(32, 53)	c(52, 74)	0.75884219570576	6I05A
133	2	172	c(2, 83)	c(82, 172)	6.87626711732952	7N38A
134	17	238	c(17, 140)	c(139, 238)	2.92727920138065	4X7GA
135	38	345	c(38, 200)	c(199, 345)	4.95106619043829	2A3NA
136	40	224	c(40, 132)	c(131, 224)	3.62788479607795	4PVAA
136	284	320	c(284, 302)	c(301, 320)	0.0765611022825125	4PVAA
137	60	223	c(60, 144)	c(143, 223)	3.25005377761055	4O4VA
137	227	249	c(227, 238)	c(237, 249)	0.0812738009692305	4O4VA
138	1	109	c(1, 56)	c(55, 109)	1.1395980741982	5R8QA
139	37	295	c(37, 79, 121, 165, 210, 252)	c(78, 120, 164, 209, 251, 295)	12.6102669030675	8EWXA
140	19	103	c(19, 62)	c(61, 103)	3.95537474434641	8G4KA
141	24	51	c(24, 38)	c(37, 51)	1.32494501674247	7EK6A
142	80	206	c(80, 113, 148, 178)	c(112, 147, 177, 206)	2.42604824233941	3NDOA
143	83	269	c(83, 170)	c(169, 269)	4.13578323777534	3AMRA
143	320	347	c(320, 334)	c(333, 347)	0.399648809263579	3AMRA
144	2	102	c(2, 52)	c(51, 102)	3.57399898179262	6X7HA
145	76	164	c(76, 126)	c(125, 164)	3.13758804214958	7S3WA
146	7	44	c(7, 26)	c(25, 44)	1.16216917367104	4A4JA
147	3	190	c(3, 109)	c(108, 190)	5.21749559494968	1M70A
148	1	11	c(1, 2, 3, 4, 5, 6, 7, 8, 9, 10, 11)	c(1, 2, 3, 4, 5, 6, 7, 8, 9, 10, 11)	0.330624823226027	3B0GA
148	289	591	c(289, 447)	c(446, 591)	4.01240217169191	3B0GA
149	69	101	c(69, 85)	c(84, 101)	0.0577543760598647	6V4GA
150	108	328	c(108, 152, 197, 263)	c(151, 196, 262, 328)	3.30664380913459	5NOAA
150	332	361	c(332, 347)	c(346, 361)	0.323455709318088	5NOAA
151	13	87	c(13, 35, 57)	c(34, 56, 87)	0.652044458311292	5M2OB
152	14	195	c(14, 100)	c(99, 195)	2.18434722372177	9F96A
152	247	270	c(247, 259)	c(258, 270)	0.676088068971546	9F96A
153	1	258	c(1, 42, 88, 131, 175, 218)	c(41, 87, 130, 174, 217, 258)	9.89984536593378	3SOVA
154	1	221	c(1, 55, 112, 165)	c(54, 111, 164, 221)	14.7833581149897	6IX1A
155	11	112	c(11, 62)	c(61, 112)	2.38133481462351	5U69A
155	140	252	c(140, 185)	c(184, 252)	1.72138715202518	5U69A
156	6	79	c(6, 43)	c(42, 79)	1.87527555073425	4J42A
157	6	104	c(6, 37, 72)	c(36, 71, 104)	2.66208924104574	8PEFA
158	19	117	c(19, 38, 57, 86)	c(37, 56, 85, 117)	4.63366311643092	4TKCA
159	63	260	c(63, 158)	c(157, 260)	2.42390260362799	5O6HA
159	281	367	c(281, 303, 327, 348)	c(302, 326, 347, 367)	1.6500880069574	5O6HA
160	1	146	c(1, 74)	c(73, 146)	5.31647170343503	8TNDA
161	6	126	c(6, 72)	c(71, 126)	4.97520957560679	6W70A
162	2	195	c(2, 35, 68, 101, 134, 167)	c(34, 67, 100, 133, 166, 195)	20.8479639931724	6NE2B
163	4	238	c(4, 143)	c(142, 238)	1.99807702693356	3MYXA
164	45	312	c(45, 176)	c(175, 312)	2.87642430915887	4IILA
165	46	113	c(46, 80)	c(79, 113)	1.74032902895767	4ZHBA
166	17	103	c(17, 38, 63, 88)	c(37, 62, 87, 103)	2.60203659363805	3FGVA
167	14	228	c(14, 58, 106, 149, 195)	c(57, 105, 148, 194, 228)	5.77834283143279	1G61A
168	49	88	c(49, 69)	c(68, 88)	0.504260837629359	4DUQA
169	6	99	c(6, 51)	c(50, 99)	1.75624022502222	3HM4A
170	3	307	c(3, 50, 97, 144, 191, 238, 285)	c(49, 96, 143, 190, 237, 284, 307)	25.1302076086892	6XG7A
171	8	87	c(8, 43)	c(42, 87)	1.0366017862951	1LQ9A
172	100	467	c(100, 193, 317)	c(192, 316, 467)	3.91003317637242	6N1BA
173	13	177	c(13, 106)	c(105, 177)	3.10337789012999	8W1DA
174	12	98	c(12, 63)	c(62, 98)	1.87808709055358	3GWKC
175	5	89	c(5, 48)	c(47, 89)	1.94332463880457	2QSBA
176	7	41	c(7, 21, 28, 35)	c(20, 27, 34, 41)	1.91586567629711	1JCDA
177	136	476	c(136, 292)	c(291, 476)	2.67607377249173	7COHA
178	29	294	c(29, 86, 156, 222)	c(85, 155, 221, 294)	3.54165315391783	5HSGA
179	6	120	c(6, 66)	c(65, 120)	2.21112562642955	3D02A
179	192	271	c(192, 216, 244)	c(215, 243, 271)	1.88229395158002	3D02A
180	7	254	c(7, 113)	c(112, 254)	2.71744583532343	4LA9A
181	33	296	c(33, 181)	c(180, 296)	3.37651461464668	4JBDA
182	3	201	c(3, 45, 87, 129, 171)	c(44, 86, 128, 170, 201)	26.4165907612672	5MFOA
183	2	161	c(2, 42, 82, 122)	c(41, 81, 121, 161)	21.5662722811479	5CWHA
184	4	55	c(4, 23)	c(22, 55)	0.53765303848453	6FF2A
185	63	248	c(63, 102, 149, 199)	c(101, 148, 198, 248)	6.96802931286039	3NO0A
186	15	177	c(15, 101)	c(100, 177)	2.88425146809768	5YH4A
187	1	83	c(1, 43)	c(42, 83)	1.31828605302422	3D3BJ
188	9	38	c(9, 24)	c(23, 38)	1.89567020801049	1USEA
189	3	116	c(3, 58)	c(57, 116)	1.55051892426512	2IMQX
189	121	270	c(121, 194)	c(193, 270)	0.987087268550901	2IMQX
190	12	256	c(12, 136)	c(135, 256)	4.27795917484668	1WCWA
191	1	92	c(1, 26, 51, 72)	c(25, 50, 71, 92)	4.91798493567437	6L5HA
192	10	101	c(10, 61)	c(60, 101)	1.33725777555857	2FCJA
193	3	173	c(3, 96)	c(95, 173)	2.27069748552065	8D1UA
193	256	317	c(256, 288)	c(287, 317)	0.755034493595901	8D1UA
194	80	241	c(80, 145)	c(144, 241)	1.97516037994416	4PMXA
195	9	128	c(9, 39, 69, 98)	c(38, 68, 97, 128)	3.03883460260294	5BOWA
196	7	186	c(7, 115)	c(114, 186)	1.63729147403978	6W4LA
197	33	112	c(33, 72)	c(71, 112)	3.3388524142312	8R8AA
198	6	164	c(6, 93)	c(92, 164)	2.22100152504396	3W25A
198	237	333	c(237, 286)	c(285, 333)	2.51849620697115	3W25A
199	29	166	c(29, 107)	c(106, 166)	2.49333572510213	7JODI
200	20	209	c(20, 116)	c(115, 209)	9.01106866438451	5H3JA
201	1	216	c(1, 97)	c(96, 216)	4.45474467891856	2Y88A
202	51	224	c(51, 137)	c(136, 224)	3.67313502748313	8BN0A
202	254	338	c(254, 297)	c(296, 338)	1.94661908272833	8BN0A
203	3	275	c(3, 146)	c(145, 275)	1.64600567786698	6OS6A
204	16	149	c(16, 78)	c(77, 149)	2.67561367157532	2UV4A
205	106	343	c(106, 224)	c(223, 343)	6.09406736108935	4NOVA
206	143	228	c(143, 183)	c(182, 228)	2.43077090169505	4EE6A
206	232	304	c(232, 268)	c(267, 304)	0.785079118905834	4EE6A
207	4	264	c(4, 92, 179)	c(91, 178, 264)	6.96682145150923	5KTNA
208	4	119	c(4, 54)	c(53, 119)	2.53397861271696	3TOWA
209	4	187	c(4, 50, 96, 142)	c(49, 95, 141, 187)	11.0106418572296	8OYSA
210	1	91	c(1, 8, 15, 23, 32, 39, 46, 54, 64, 71, 78, 85)	c(7, 14, 22, 31, 38, 45, 53, 63, 70, 77, 84, 91)	6.94711904714258	6DS9A
211	19	229	c(19, 39, 65, 102, 132, 161, 186, 211)	c(38, 64, 101, 131, 160, 185, 210, 229)	2.32284171951605	4RK5A
211	230	235	c(230, 233)	c(232, 235)	0.0889671622789298	4RK5A
212	47	155	c(47, 102)	c(101, 155)	2.43632198873573	5COFA
213	95	300	c(95, 203)	c(202, 300)	4.70803632105918	6SBCA
213	302	366	c(302, 340)	c(339, 366)	0.478375707088614	6SBCA
214	56	293	c(56, 176)	c(175, 293)	2.92743572514596	2QE8A
214	297	340	c(297, 322)	c(321, 340)	0.927296482941336	2QE8A
215	109	367	c(109, 234)	c(233, 367)	3.07736830568105	5A7VA
216	112	366	c(112, 232)	c(231, 366)	2.65506964316249	3WIWA
216	376	398	c(376, 388)	c(387, 398)	0.151788873910745	3WIWA
217	25	285	c(25, 67, 111, 152, 198, 243)	c(66, 110, 151, 197, 242, 285)	6.6740234286948	4GGCA
218	1	154	c(1, 78)	c(77, 154)	6.71080868855671	2Z51A
219	97	299	c(97, 135, 176, 218, 259)	c(134, 175, 217, 258, 299)	9.8616438608436	3ODTB
220	12	273	c(12, 138)	c(137, 273)	4.42354941620612	2GKEA
221	12	311	c(12, 81, 153, 237)	c(80, 152, 236, 311)	15.8474174153511	2ZHJA
222	44	250	c(44, 149)	c(148, 250)	3.81013901931694	7QSJA
222	259	367	c(259, 313)	c(312, 367)	1.67658579293952	7QSJA
223	50	228	c(50, 141)	c(140, 228)	4.39305161429624	3NO2A
223	246	265	c(246, 256)	c(255, 265)	0.217847687102303	3NO2A
224	51	319	c(51, 183)	c(182, 319)	3.51850149720115	6HNIA
225	7	167	c(7, 86)	c(85, 167)	1.9362494743707	2GKPA
226	26	291	c(26, 149)	c(148, 291)	5.03960978692419	4RXTA
227	4	256	c(4, 129)	c(128, 256)	8.63359703375234	3C9ZA
228	34	325	c(34, 190)	c(189, 325)	3.30075178193671	2E5FA
229	3	9	c(3, 4, 5, 6, 7, 8, 9)	c(3, 4, 5, 6, 7, 8, 9)	0.651190771204685	4P0ZA
229	17	118	c(17, 65)	c(64, 118)	3.47975733380235	4P0ZA
230	9	238	c(9, 77, 165)	c(76, 164, 238)	6.89643921284633	4RUQA
231	8	94	c(8, 51)	c(50, 94)	0.671566566078767	6MR1A
232	3	121	c(3, 31, 59, 87)	c(30, 58, 86, 121)	4.04172536328199	6GAJA
233	48	271	c(48, 148)	c(147, 271)	2.66177970545414	3LFTA
234	11	196	c(11, 78, 143)	c(77, 142, 196)	2.79104307534137	6P28A
235	70	292	c(70, 144, 200, 245)	c(143, 199, 244, 292)	3.17151421265717	4H4DA
236	2	92	c(2, 48)	c(47, 92)	3.95253549335095	7DGWA
237	1	93	c(1, 46)	c(45, 93)	1.2594148109395	2IP6A
238	20	221	c(20, 121)	c(120, 221)	7.07904880777887	5CECB
239	67	146	c(67, 91, 107, 127)	c(90, 106, 126, 146)	1.17679062328393	6TYYA
240	74	265	c(74, 127, 180, 223)	c(126, 179, 222, 265)	4.87893571392008	4H5IA
240	281	300	c(281, 291)	c(290, 300)	0.125541320111028	4H5IA
240	344	349	c(344, 347)	c(346, 349)	0.0125728646333832	4H5IA
241	5	145	c(5, 82)	c(81, 145)	1.11280408073415	6WFIA
242	33	320	c(33, 92, 146, 219, 270)	c(91, 145, 218, 269, 320)	6.45846500846264	8EBLA
243	16	146	c(16, 87)	c(86, 146)	2.45134484747801	1OUWC
244	107	194	c(107, 153)	c(152, 194)	2.10508494639502	7RPNA
244	205	252	c(205, 229)	c(228, 252)	1.44870534606495	7RPNA
245	27	341	c(27, 170)	c(169, 341)	3.34309140705314	6DSPA
246	8	135	c(8, 30, 66, 108)	c(29, 65, 107, 135)	2.29412547601062	6IFBA
247	7	154	c(7, 85)	c(84, 154)	4.2233146709037	1F1EA
248	1	104	c(1, 48)	c(47, 104)	2.03057571526928	3HNXA
249	1	113	c(1, 54)	c(53, 113)	1.80621926669579	7MS0A
251	5	370	c(5, 104, 254)	c(103, 253, 370)	2.83037058056749	5MUJA
252	22	251	c(22, 98, 142, 197)	c(97, 141, 196, 251)	4.06024351170188	4BOJA
253	16	73	c(16, 47)	c(46, 73)	1.10879255519414	8GYNA
253	92	155	c(92, 122)	c(121, 155)	0.500886869438621	8GYNA
254	24	82	c(24, 42, 57, 69)	c(41, 56, 68, 82)	1.45704782226992	6HASA
255	3	133	c(3, 72)	c(71, 133)	3.04678525017625	4R6RA
256	35	161	c(35, 97)	c(96, 161)	1.94419345807803	5CIVA
257	6	370	c(6, 58, 111, 163, 215, 267, 319)	c(57, 110, 162, 214, 266, 318, 370)	33.516577281606	6XZLA
258	13	107	c(13, 63)	c(62, 107)	1.72475007704197	4MUZA
258	183	226	c(183, 205)	c(204, 226)	1.27923994159313	4MUZA
259	20	122	c(20, 81)	c(80, 122)	3.77429695296128	6VVNA
260	21	190	c(21, 44, 67, 90, 113, 136, 159, 175)	c(43, 66, 89, 112, 135, 158, 174, 190)	15.0696029177244	4TZHA
261	5	119	c(5, 69)	c(68, 119)	1.78473096934327	3A3VA
261	206	325	c(206, 265)	c(264, 325)	1.4427041808975	3A3VA
262	54	161	c(54, 110)	c(109, 161)	1.88487870860048	7WZ5A
263	75	294	c(75, 128, 190)	c(127, 189, 294)	9.34670725245636	6Z6CAAA
264	33	112	c(33, 73)	c(72, 112)	1.60927045629276	5A12A
264	164	236	c(164, 201)	c(200, 236)	1.39518313251117	5A12A
265	5	267	c(5, 87, 155, 223)	c(86, 154, 222, 267)	3.9125717542319	4RY9A
265	270	302	c(270, 289)	c(288, 302)	0.453115959210553	4RY9A
266	26	385	c(26, 203)	c(202, 385)	4.82961943872943	1U7GA
267	6	67	c(6, 37)	c(36, 67)	1.29162349940005	4WY4C
268	1	55	c(1, 29)	c(28, 55)	1.060453861829	4WY4D
269	2	53	c(2, 12, 20, 30, 40)	c(11, 19, 29, 39, 53)	1.02839149696218	4WY4A
270	17	58	c(17, 38)	c(37, 58)	0.691681106888248	4WY4B
271	4	353	c(4, 102, 244)	c(101, 243, 353)	4.54370551531936	4J9TA
272	29	136	c(29, 88)	c(87, 136)	2.02989010901895	6WL5A
273	22	132	c(22, 73)	c(72, 132)	1.88048617693952	5UMFA
273	136	201	c(136, 171)	c(170, 201)	0.947259366536941	5UMFA
274	10	94	c(10, 49)	c(48, 94)	0.74954252490743	2FTRA
275	7	106	c(7, 34, 55, 79, 93)	c(33, 54, 78, 92, 106)	1.30141352333789	6VAGA
276	2	288	c(2, 43, 84, 125, 166, 207, 248)	c(42, 83, 124, 165, 206, 247, 288)	53.649020539746	7BIFA
277	103	280	c(103, 192, 237)	c(191, 236, 280)	3.05064273739463	8SUCA
278	1	83	c(1, 11, 24, 36, 48, 60, 72)	c(10, 23, 35, 47, 59, 71, 83)	9.15328599351392	1EZGA
279	1	127	c(1, 65)	c(64, 127)	1.15890461910206	4O1RA
280	1	97	c(1, 25, 49, 74)	c(24, 48, 73, 97)	4.65801253716206	8FNRA
281	49	83	c(49, 66)	c(65, 83)	0.0655936128760915	1Q5YA
282	9	42	c(9, 26)	c(25, 42)	0.843945442872868	2W6AB
283	2	123	c(2, 9, 17, 24, 32, 39, 47, 54, 61, 68, 75, 82, 89, 96, 103, 110, 117)	c(8, 16, 23, 31, 38, 46, 53, 60, 67, 74, 81, 88, 95, 102, 109, 116, 123)	11.7022893276978	3ULTA
284	16	90	c(16, 46, 63, 77)	c(45, 62, 76, 90)	2.21732508149814	2VS0A
285	12	63	c(12, 38)	c(37, 63)	4.62578269776866	6LH6A
286	24	53	c(24, 39)	c(38, 53)	0.377192520477036	4Y2MA
287	18	376	c(18, 90, 185, 295)	c(89, 184, 294, 376)	3.57396440141792	4YLAA
288	1	66	c(1, 31)	c(30, 66)	4.16164469968438	5NRMB
289	42	276	c(42, 198)	c(197, 276)	2.63030674372254	2FN9A
290	12	64	c(12, 26, 40, 50)	c(25, 39, 49, 64)	1.12715220346835	1SVFA
291	23	145	c(23, 68)	c(67, 145)	2.45350032818731	3OAJA
291	173	321	c(173, 239)	c(238, 321)	1.30416119418154	3OAJA
292	30	309	c(30, 155)	c(154, 309)	3.34441483260751	1XYZA
293	1	303	c(1, 21, 42, 63, 84, 105, 126, 147, 168, 182, 196, 210, 224, 238, 252, 266, 280, 292)	c(20, 41, 62, 83, 104, 125, 146, 167, 181, 195, 209, 223, 237, 251, 265, 279, 291, 303)	25.0982290201959	7O23A
293	317	330	c(317, 324)	c(323, 330)	0.114350796622091	7O23A
294	13	112	c(13, 69)	c(68, 112)	1.39752849482277	8AP3A
295	4	47	c(4, 26)	c(25, 47)	1.67152996946536	2QFAB
296	27	209	c(27, 41, 55, 70, 90, 110, 130, 150, 170, 190)	c(40, 54, 69, 89, 109, 129, 149, 169, 189, 209)	12.1536161148291	7YA7A
296	228	237	c(228, 233)	c(232, 237)	0.130143863291432	7YA7A
297	7	198	c(7, 70, 134, 170)	c(69, 133, 169, 198)	2.98550224781229	4ALZA
298	2	119	c(2, 56)	c(55, 119)	4.06317452991804	1PBJA
299	4	181	c(4, 91)	c(90, 181)	3.44355578689021	1UB3A
299	189	220	c(189, 205)	c(204, 220)	0.369352549148652	1UB3A
300	18	143	c(18, 60, 102)	c(59, 101, 143)	11.7298641240643	7ZOIA
301	40	89	c(40, 65)	c(64, 89)	1.60774142102727	1KR4A
302	1	203	c(1, 102)	c(101, 203)	2.58705021034276	6M9MA
303	7	92	c(7, 50)	c(49, 92)	1.25711000502272	4ZV0B
304	2	151	c(2, 77)	c(76, 151)	2.74734494652278	5FLWA
304	180	293	c(180, 250)	c(249, 293)	1.03681838573541	5FLWA
305	2	142	c(2, 76)	c(75, 142)	0.930594698566165	5K08A
306	83	240	c(83, 160)	c(159, 240)	2.51239022707587	3TA6A
307	38	317	c(38, 173)	c(172, 317)	3.00351936902416	3CTPA
308	2	87	c(2, 32, 60)	c(31, 59, 87)	6.77765086320898	4X9JA
309	14	87	c(14, 51)	c(50, 87)	1.41303659865835	3G4EA
309	199	287	c(199, 241)	c(240, 287)	1.91682606028459	3G4EA
310	15	361	c(15, 190)	c(189, 361)	3.81382288748048	8PAKA
311	24	303	c(24, 192)	c(191, 303)	1.96496772051074	6X7NA
312	25	313	c(25, 188)	c(187, 313)	3.41089550492577	7CMNB
313	6	190	c(6, 102)	c(101, 190)	6.63311197134396	3A35A
314	2	269	c(2, 45, 98, 150, 206)	c(44, 97, 149, 205, 269)	5.51426541641064	5A10A
314	294	354	c(294, 324)	c(323, 354)	0.246220883238846	5A10A
315	26	151	c(26, 56, 95, 127)	c(55, 94, 126, 151)	3.94211893544099	8BNYA
316	8	206	c(8, 62, 135)	c(61, 134, 206)	3.57644696009156	5HT2B
316	215	250	c(215, 233)	c(232, 250)	0.249320175953404	5HT2B
317	105	275	c(105, 138, 173, 220)	c(137, 172, 219, 275)	4.63983193165463	4MVAA
318	36	77	c(36, 42, 48, 54, 60, 66, 72)	c(41, 47, 53, 59, 65, 71, 77)	4.25932804493871	3MQHA
318	94	192	c(94, 156)	c(155, 192)	1.29279697821965	3MQHA
319	7	157	c(7, 80)	c(79, 157)	2.09926131529266	8AD9A
320	11	65	c(11, 26, 41, 56)	c(25, 40, 55, 65)	2.26991676173413	6YIPA
321	29	514	c(29, 266)	c(265, 514)	6.1930143659623	6YIIA
322	4	183	c(4, 69, 132)	c(68, 131, 183)	6.31912130068224	4LD1A
323	1	71	c(1, 34)	c(33, 71)	0.549167496333969	1QX2A
324	13	196	c(13, 101)	c(100, 196)	3.02157719196618	3MBRX
326	90	272	c(90, 190)	c(189, 272)	1.97458120135381	7TH4A
327	28	281	c(28, 75, 117, 164, 211, 255)	c(74, 116, 163, 210, 254, 281)	19.9633878372739	7QRVA
328	5	278	c(5, 143)	c(142, 278)	2.78326725582535	1KW3B
329	12	300	c(12, 168)	c(167, 300)	8.80371885835	6BD0A
330	1	197	c(1, 96)	c(95, 197)	3.42022827261417	5LT5A
331	62	204	c(62, 94, 112, 148, 167, 186)	c(93, 111, 147, 166, 185, 204)	2.17346149734256	3IXLA
333	49	373	c(49, 209)	c(208, 373)	3.95778568142329	1HZ4A
334	103	198	c(103, 128, 151, 175)	c(127, 150, 174, 198)	2.16121979906572	4BI6A
334	199	245	c(199, 223)	c(222, 245)	0.419261609123594	4BI6A
335	36	295	c(36, 166)	c(165, 295)	17.4594286268092	6BNZA
336	1	56	c(1, 15, 29, 43)	c(14, 28, 42, 56)	1.96987556247145	1N7SC
337	7	61	c(7, 35)	c(34, 61)	0.636831156098476	1N7SB
338	6	55	c(6, 31)	c(30, 55)	0.972120064241558	1N7SD
339	11	58	c(11, 35)	c(34, 58)	1.51552773399481	1N7SA
340	57	169	c(57, 85, 113, 137)	c(84, 112, 136, 169)	3.24164833361432	1IO0A
341	9	52	c(9, 31)	c(30, 52)	1.5286217650021	1YBKA
342	29	382	c(29, 207)	c(206, 382)	9.90532886839644	5VG3A
343	12	54	c(12, 33)	c(32, 54)	0.198532226166121	5EP6B
344	8	41	c(8, 25)	c(24, 41)	0.540661005690735	5EP6A
345	3	77	c(3, 24, 42, 60)	c(23, 41, 59, 77)	3.03419053483808	6HK9A
346	1	93	c(1, 45)	c(44, 93)	3.035381406074	5HHEA
347	1	184	c(1, 47, 93, 139)	c(46, 92, 138, 184)	30.13402842289	7MCCA
348	124	213	c(124, 169)	c(168, 213)	1.89387040908885	6N0KA
348	281	294	c(281, 288)	c(287, 294)	0.126208088852235	6N0KA
349	39	136	c(39, 90)	c(89, 136)	1.35425592346366	1JIGA
350	18	191	c(18, 108)	c(107, 191)	1.63154720859289	3SY1A
350	213	226	c(213, 220)	c(219, 226)	0.137062947189019	3SY1A
351	56	210	c(56, 131)	c(130, 210)	1.09968506819777	5TPIA
352	13	309	c(13, 144)	c(143, 309)	3.96719196680714	4F8XA
353	21	306	c(21, 84, 146, 219)	c(83, 145, 218, 306)	5.70146140034732	3WKGA
353	334	381	c(334, 358)	c(357, 381)	1.06582541776697	3WKGA
354	20	203	c(20, 124)	c(123, 203)	9.11584034186296	7OUUA
355	48	263	c(48, 150)	c(149, 263)	3.78660502503485	6Y8FA
355	312	389	c(312, 350)	c(349, 389)	1.30546969865708	6Y8FA
356	39	153	c(39, 97)	c(96, 153)	2.33034898622043	7OECA
357	5	286	c(5, 143)	c(142, 286)	7.53475197374136	3AJ6A
358	21	125	c(21, 56, 91)	c(55, 90, 125)	2.37465949863974	7W07A
358	199	273	c(199, 238)	c(237, 273)	1.28326874174325	7W07A
359	15	140	c(15, 78)	c(77, 140)	2.48961880614906	8K4IA
360	16	60	c(16, 31, 46)	c(30, 45, 60)	2.21724830124733	8UPBA
361	53	233	c(53, 139)	c(138, 233)	3.73976895167409	4YMXA
362	154	469	c(154, 231, 355)	c(230, 354, 469)	6.85820129957943	6I18A
363	17	244	c(17, 118)	c(117, 244)	1.88678541418145	8ABPA
364	1	303	c(1, 151)	c(150, 303)	1.97456107725784	5KF9A
365	1	59	c(1, 29)	c(28, 59)	2.44576718202267	2VN6B
366	4	152	c(4, 75)	c(74, 152)	2.49527611551765	2Q5CA
367	52	237	c(52, 145)	c(144, 237)	2.4066079061113	6WUPA
368	1	92	c(1, 45)	c(44, 92)	1.37467325184729	3PIWA
368	111	160	c(111, 136)	c(135, 160)	1.08797496806534	3PIWA
369	13	46	c(13, 30)	c(29, 46)	0.758412413402308	5KHTA
370	1	10	c(1, 2, 3, 4, 5, 6, 7, 8, 9, 10)	c(1, 2, 3, 4, 5, 6, 7, 8, 9, 10)	0.0247232897989197	5IZAA
370	66	339	c(66, 163, 256)	c(162, 255, 339)	5.0648529131884	5IZAA
371	33	363	c(33, 208)	c(207, 363)	2.90268726094069	2AMLA
372	34	414	c(34, 56, 78, 100, 122, 144, 165, 187, 209, 231, 253, 275, 297, 319, 341, 363, 385)	c(55, 77, 99, 121, 143, 164, 186, 208, 230, 252, 274, 296, 318, 340, 362, 384, 414)	29.5484275685928	1O6VA
372	422	463	c(422, 434, 447)	c(433, 446, 463)	0.53790832827378	1O6VA
373	125	354	c(125, 184, 255, 306)	c(183, 254, 305, 354)	5.82225104508895	4V1SA
374	60	373	c(60, 101, 142, 186, 227, 267, 307, 347)	c(100, 141, 185, 226, 266, 306, 346, 373)	22.7610720925881	7EVFAA
375	12	234	c(12, 55, 101, 146, 190)	c(54, 100, 145, 189, 234)	5.51609215944909	5M3QA
376	99	150	c(99, 125)	c(124, 150)	1.73256071082384	2CF7B
377	12	140	c(12, 84)	c(83, 140)	2.21533279549946	6YJ9A
378	10	395	c(10, 63, 120, 175, 231, 286, 341)	c(62, 119, 174, 230, 285, 340, 395)	44.180618250303	2BWRA
379	8	157	c(8, 83)	c(82, 157)	2.44303419186042	4UQWA
380	6	73	c(6, 41)	c(40, 73)	0.810048330700935	3PP5A
381	28	84	c(28, 56)	c(55, 84)	0.914232795249276	3VRDA
382	6	76	c(6, 41)	c(40, 76)	1.43278415329998	6L2UA
383	24	341	c(24, 133, 245)	c(132, 244, 341)	7.11312366712299	3SCYA
384	1	137	c(1, 35, 84)	c(34, 83, 137)	2.27253655084835	5V6FA
385	12	149	c(12, 85)	c(84, 149)	3.23809107759351	2DSKA
385	234	311	c(234, 271)	c(270, 311)	0.821900381424251	2DSKA
386	2	212	c(2, 101)	c(100, 212)	1.80291439437615	1U0KA
386	234	283	c(234, 259)	c(258, 283)	0.677436590862062	1U0KA
387	9	71	c(9, 22, 38, 55)	c(21, 37, 54, 71)	1.86071238035047	4R03A
388	13	288	c(13, 148)	c(147, 288)	7.68732230999241	1YBIA
389	40	158	c(40, 99)	c(98, 158)	3.06874686346296	7NE2A
389	176	215	c(176, 196)	c(195, 215)	0.730117415929859	7NE2A
390	67	346	c(67, 211)	c(210, 346)	4.42412437371978	7X0PA
391	63	283	c(63, 165)	c(164, 283)	3.31073052770905	4KZKA
392	12	188	c(12, 35, 51, 73, 97, 123, 144, 167)	c(34, 50, 72, 96, 122, 143, 166, 188)	5.83555737817829	4EZGA
393	5	93	c(5, 48)	c(47, 93)	1.82583596464632	4IHZA
393	94	165	c(94, 135)	c(134, 165)	0.114171671406568	4IHZA
394	34	193	c(34, 39, 44, 49, 54, 59, 64, 69, 74, 79, 84, 89, 94, 99, 104, 109, 114, 119, 124, 129, 134, 139, 144, 149, 154, 159, 164, 169, 174, 179, 184, 189)	c(38, 43, 48, 53, 58, 63, 68, 73, 78, 83, 88, 93, 98, 103, 108, 113, 118, 123, 128, 133, 138, 143, 148, 153, 158, 163, 168, 173, 178, 183, 188, 193)	15.1025468608941	2J8KA
395	20	89	c(20, 55)	c(54, 89)	2.30555229901727	4YTDA
396	123	375	c(123, 249)	c(248, 375)	3.77248903755243	4TR6A
397	7	34	c(7, 21)	c(20, 34)	0.567640354689467	7YFUA
398	207	346	c(207, 275)	c(274, 346)	2.59240934674013	7A0QA
399	1	199	c(1, 100)	c(99, 199)	6.8639048124198	7DKLA
399	203	207	c(203, 204, 205, 206, 207)	c(203, 204, 205, 206, 207)	0.318274229655315	7DKLA
400	2	173	c(2, 45, 88, 131)	c(44, 87, 130, 173)	21.5936753191167	5CWLA
401	31	349	c(31, 217)	c(216, 349)	4.166657275559	2UVKB
402	16	95	c(16, 57)	c(56, 95)	1.22268394443995	2ZDPA
403	23	373	c(23, 214)	c(213, 373)	3.04119046765204	1RH9A
404	4	103	c(4, 64)	c(63, 103)	0.62023418367744	4Q9BA
405	2	7	c(2, 3, 4, 5, 6, 7)	c(2, 3, 4, 5, 6, 7)	0.420404355391268	4WUTA
405	9	298	c(9, 137)	c(136, 298)	3.64350736251989	4WUTA
406	15	141	c(15, 39, 66, 88, 105, 123)	c(38, 65, 87, 104, 122, 141)	5.56179413685742	1V3WA
407	1	71	c(1, 38)	c(37, 71)	3.25936636906251	5GUAA
408	67	139	c(67, 105)	c(104, 139)	0.874176404077904	6LPMA
408	151	237	c(151, 196)	c(195, 237)	2.13903355992894	6LPMA
408	253	262	c(253, 258)	c(257, 262)	0.0782435136510575	6LPMA
409	1	480	c(1, 229)	c(228, 480)	4.10720717663841	2W3PA
409	503	550	c(503, 525)	c(524, 550)	1.36397197676907	2W3PA
410	19	318	c(19, 98, 210)	c(97, 209, 318)	6.2567874051698	2H6FB
410	341	437	c(341, 385)	c(384, 437)	0.547691495869609	2H6FB
411	21	173	c(21, 106)	c(105, 173)	4.06611193980208	6ZS0AAA
411	285	353	c(285, 302, 322, 338)	c(301, 321, 337, 353)	1.35670265457744	6ZS0AAA
412	4	227	c(4, 114)	c(113, 227)	9.79815349078338	1T61A
413	24	65	c(24, 45)	c(44, 65)	0.807682476884332	1SJ1A
414	20	279	c(20, 135)	c(134, 279)	5.89710696525724	6Z30A
415	44	138	c(44, 94)	c(93, 138)	2.81260170957525	3DFGA
416	1	70	c(1, 37)	c(36, 70)	3.41773674443805	3D2QA
418	41	248	c(41, 142)	c(141, 248)	3.92379292587093	1H32A
419	34	127	c(34, 87)	c(86, 127)	1.20968225065876	3VWCA
419	129	136	c(129, 133)	c(132, 136)	0.256655593192126	3VWCA
420	42	154	c(42, 93)	c(92, 154)	0.952482055700406	2P39A
421	8	41	c(8, 25)	c(24, 41)	0.989634653239448	1JEKA
422	46	136	c(46, 95)	c(94, 136)	1.88112961535973	1JX6A
422	182	335	c(182, 257)	c(256, 335)	2.7760221348635	1JX6A
423	4	95	c(4, 65)	c(64, 95)	1.07539992308394	5AZWA
424	6	49	c(6, 31)	c(30, 49)	0.59355870504797	2ZFCA
425	1	131	c(1, 68)	c(67, 131)	3.89661121340356	1Y5HA
426	1	53	c(1, 28)	c(27, 53)	0.821566082585015	2RKLA
427	8	390	c(8, 194)	c(193, 390)	6.57090566942529	1QS1A
427	427	458	c(427, 443)	c(442, 458)	0.88517599868172	1QS1A
428	5	42	c(5, 24)	c(23, 42)	0.89502589247617	3LT7A
429	7	48	c(7, 28)	c(27, 48)	0.681519819113437	6AKKA
430	26	244	c(26, 143)	c(142, 244)	2.33984524319043	1ZKPA
431	34	165	c(34, 67, 100, 133)	c(66, 99, 132, 165)	6.45796591138907	5GP7A
432	2	11	c(2, 3, 4, 5, 6, 7, 8, 9, 10, 11)	c(2, 3, 4, 5, 6, 7, 8, 9, 10, 11)	1.88869514118462	4ZW9A
432	40	506	c(40, 253)	c(252, 506)	5.3724999227869	4ZW9A
433	79	349	c(79, 224)	c(223, 349)	3.45494629989729	6BUMA
434	6	117	c(6, 64)	c(63, 117)	1.9361175640879	7O4CA
435	102	247	c(102, 188)	c(187, 247)	1.76396446903385	7QONAAA
436	5	122	c(5, 66)	c(65, 122)	1.76077064395046	6VGWA
437	86	432	c(86, 246)	c(245, 432)	2.72060865159012	1NXCA
438	27	126	c(27, 79)	c(78, 126)	2.09454712940921	7KMUA
439	53	211	c(53, 119)	c(118, 211)	2.13779464685341	5EYFA
440	37	281	c(37, 61, 85, 110, 134, 158, 182, 206, 228, 251, 266, 274)	c(60, 84, 109, 133, 157, 181, 205, 227, 250, 265, 273, 281)	13.224004869896	1OZNA
441	41	299	c(41, 83, 147, 211)	c(82, 146, 210, 299)	5.64425638656963	7KLJA
442	172	399	c(172, 238, 296, 342)	c(237, 295, 341, 399)	4.6410517598161	8D19A
443	25	348	c(25, 202)	c(201, 348)	4.31585426108179	2AHFA
444	237	272	c(237, 255)	c(254, 272)	0.956781327255753	2P17A
445	48	339	c(48, 120, 206, 280)	c(119, 205, 279, 339)	9.13281757954135	1W7BA
446	8	239	c(8, 58, 107, 168)	c(57, 106, 167, 239)	4.85615799035837	6IJ1A
446	266	310	c(266, 289)	c(288, 310)	1.0055044595431	6IJ1A
446	312	327	c(312, 320)	c(319, 327)	0.148970161501699	6IJ1A
447	6	72	c(6, 42)	c(41, 72)	0.879442218478723	8A9XA
448	5	82	c(5, 20, 44, 68)	c(19, 43, 67, 82)	1.692028911839	5DNLA
448	120	169	c(120, 145)	c(144, 169)	0.861841514075496	5DNLA
449	19	135	c(19, 73)	c(72, 135)	3.02858791043082	3LFRA
450	14	249	c(14, 122)	c(121, 249)	3.74046602747703	5C0PA
451	123	239	c(123, 186)	c(185, 239)	1.55805991820002	3LRTA
452	1	333	c(1, 139)	c(138, 333)	4.91468278637743	2B2HA
452	335	389	c(335, 351, 367, 379)	c(350, 366, 378, 389)	1.16015969375259	2B2HA
453	40	180	c(40, 69, 97, 125, 155)	c(68, 96, 124, 154, 180)	4.06137122140759	4Z79A
454	22	199	c(22, 56, 95, 131, 168)	c(55, 94, 130, 167, 199)	3.9879316911696	2VQ2A
454	200	219	c(200, 210)	c(209, 219)	0.465143905581376	2VQ2A
455	17	70	c(17, 44)	c(43, 70)	3.18914225995836	5J0KA
456	2	76	c(2, 38)	c(37, 76)	2.54480781189805	6MRSA
457	15	64	c(15, 37)	c(36, 64)	0.905691448557382	8U0IA
458	1	386	c(1, 196)	c(195, 386)	5.00010580597659	4Z4JA
459	21	124	c(21, 73)	c(72, 124)	3.22100283772636	5CUOA
459	173	192	c(173, 183)	c(182, 192)	0.438968208900129	5CUOA
460	31	181	c(31, 78, 123)	c(77, 122, 181)	4.6546516534036	5YXMA
461	1	42	c(1, 8, 15, 22, 29, 36)	c(7, 14, 21, 28, 35, 42)	3.0647832604819	7A48B
462	53	110	c(53, 83)	c(82, 110)	1.45985158640117	4N6CA
462	128	183	c(128, 162)	c(161, 183)	0.629013079863888	4N6CA
463	34	331	c(34, 135, 227)	c(134, 226, 331)	5.62570581265155	6NAUA
464	1	222	c(1, 98)	c(97, 222)	2.86498363373914	3K1UA
465	24	254	c(24, 76, 159)	c(75, 158, 254)	2.1403636911584	2GHSA
466	33	214	c(33, 58, 83, 105, 127, 149, 171, 193)	c(57, 82, 104, 126, 148, 170, 192, 214)	12.6444538318144	6DBFA
467	10	209	c(10, 77, 144)	c(76, 143, 209)	6.00276527161715	2F8YA
468	2	144	c(2, 53, 103)	c(52, 102, 144)	15.0082038585895	6HTNA
469	23	258	c(23, 121)	c(120, 258)	1.79950798472977	3KRSA
470	3	53	c(3, 9, 15, 21, 27, 32, 36, 45)	c(8, 14, 20, 26, 31, 35, 44, 53)	2.25393331815058	4V1GA
470	55	76	c(55, 66)	c(65, 76)	0.661091716812885	4V1GA
471	7	62	c(7, 35)	c(34, 62)	1.40579578943671	1UQZA
471	165	182	c(165, 174)	c(173, 182)	0.00783234785971892	1UQZA
471	234	363	c(234, 294)	c(293, 363)	1.53221037122499	1UQZA
472	6	219	c(6, 47, 89, 132, 188)	c(46, 88, 131, 187, 219)	3.73860098046213	3TT9A
473	10	101	c(10, 33, 56, 79)	c(32, 55, 78, 101)	8.20150682530969	6JLEA
473	108	138	c(108, 115, 121, 130)	c(114, 120, 129, 138)	0.1778479258462	6JLEA
474	50	304	c(50, 94, 136, 175, 216, 262)	c(93, 135, 174, 215, 261, 304)	6.20772573660703	5NUVA
475	18	226	c(18, 126)	c(125, 226)	3.85914510132607	5VAAA
476	1	80	c(1, 38)	c(37, 80)	1.69145160245458	2BV2A
477	24	117	c(24, 71)	c(70, 117)	2.74192968205985	8WFOA
477	134	157	c(134, 140, 144, 151)	c(139, 143, 150, 157)	0.441545582489084	8WFOA
478	37	358	c(37, 161)	c(160, 358)	4.08868410029068	3DMGA
479	3	202	c(3, 53, 103, 153)	c(52, 102, 152, 202)	27.523460321897	5CWBA
480	89	246	c(89, 166)	c(165, 246)	1.53175211064216	7E3WA
481	9	76	c(9, 43)	c(42, 76)	2.49162787990853	5EZUA
482	39	208	c(39, 122)	c(121, 208)	2.71393014700126	6B2VA
482	223	285	c(223, 257)	c(256, 285)	0.275811472986347	6B2VA
483	12	256	c(12, 127)	c(126, 256)	3.43933886016463	5HQJA
484	48	148	c(48, 97)	c(96, 148)	2.44936382325134	4XOSA
485	16	299	c(16, 62, 109, 156, 205, 252)	c(61, 108, 155, 204, 251, 299)	26.3916626675803	4CHBA
486	1	220	c(1, 86)	c(85, 220)	2.25286302151335	3V68A
487	13	227	c(13, 44, 88, 134, 183)	c(43, 87, 133, 182, 227)	3.67568311017025	6TV2A
487	248	374	c(248, 290, 334)	c(289, 333, 374)	2.58857659345666	6TV2A
488	22	153	c(22, 88)	c(87, 153)	4.78300512892412	3V30A
489	19	108	c(19, 62)	c(61, 108)	1.9713131488804	2F9HA
490	20	200	c(20, 102)	c(101, 200)	2.31868542497224	5WJPA
491	28	168	c(28, 96)	c(95, 168)	2.3671701796577	1MOQA
491	211	362	c(211, 286)	c(285, 362)	1.95311970300674	1MOQA
493	112	341	c(112, 227)	c(226, 341)	2.78485878085234	3NIYA
494	42	382	c(42, 220)	c(219, 382)	3.51389138215778	7X2XA
495	17	171	c(17, 97)	c(96, 171)	4.63114972877197	2DTJA
496	7	241	c(7, 102)	c(101, 241)	2.11737663438439	4Y96A
497	5	214	c(5, 47, 89, 131, 173)	c(46, 88, 130, 172, 214)	32.3040777540315	4Y6WA
498	18	283	c(18, 150)	c(149, 283)	7.96667845793177	3RGAA
499	1	7	c(1, 2, 3, 4, 5, 6, 7)	c(1, 2, 3, 4, 5, 6, 7)	0.677317671374009	6HX0A
499	9	159	c(9, 87)	c(86, 159)	3.50925942291841	6HX0A
500	3	142	c(3, 38, 73, 108)	c(37, 72, 107, 142)	19.2097670599315	8EOVA
501	3	111	c(3, 31, 59, 87)	c(30, 58, 86, 111)	7.21750583283457	6E94A
502	35	105	c(35, 68)	c(67, 105)	1.35611613961247	6HX2A
503	15	221	c(15, 98)	c(97, 221)	2.52975759349062	5HRAA
504	10	133	c(10, 41, 72, 103)	c(40, 71, 102, 133)	10.1797329013443	6G4JB
504	139	148	c(139, 144)	c(143, 148)	0.537480050719998	6G4JB
505	51	131	c(51, 95)	c(94, 131)	1.53126438689135	4V1KA
506	78	208	c(78, 140)	c(139, 208)	1.84668323046942	3DASA
506	278	347	c(278, 314)	c(313, 347)	1.22519737676266	3DASA
507	166	323	c(166, 240)	c(239, 323)	3.00029309991495	4WU0A
508	7	180	c(7, 88)	c(87, 180)	3.12261275641938	5IX8A
508	208	274	c(208, 226, 244, 258)	c(225, 243, 257, 274)	1.09388042079238	5IX8A
508	278	321	c(278, 297)	c(296, 321)	0.636544041773693	5IX8A
509	21	217	c(21, 85, 149)	c(84, 148, 217)	2.95342346428567	1O1ZA
510	31	141	c(31, 80)	c(79, 141)	1.1492979961482	2X2SB
511	2	278	c(2, 113)	c(112, 278)	7.16430814110017	4KH8A
512	33	313	c(33, 97, 159, 227)	c(96, 158, 226, 313)	4.17782983363587	8H1KA
513	10	144	c(10, 44, 81, 110)	c(43, 80, 109, 144)	3.54570844374561	5M72A
514	84	381	c(84, 244)	c(243, 381)	3.84723277660791	4ZOXA
515	43	223	c(43, 123)	c(122, 223)	2.23062922835028	2IWAA
516	105	207	c(105, 156)	c(155, 207)	1.56344322491288	2BO9B
517	69	328	c(69, 196)	c(195, 328)	3.04678731998666	4UDGA
518	143	358	c(143, 185, 251, 294)	c(184, 250, 293, 358)	3.82053517156631	3VL1A
518	380	403	c(380, 392)	c(391, 403)	0.70645028602571	3VL1A
519	55	205	c(55, 98, 112, 143, 176)	c(97, 111, 142, 175, 205)	2.02567502409061	3OA3A
519	262	281	c(262, 272)	c(271, 281)	0.115359957172171	3OA3A
520	5	139	c(5, 93)	c(92, 139)	2.1181856589402	7ZNXA
521	1	42	c(1, 13, 25, 32)	c(12, 24, 31, 42)	1.06186727981693	6A71A
522	1	131	c(1, 64)	c(63, 131)	1.62685299566582	3L1WA
522	150	188	c(150, 173)	c(172, 188)	0.165444497398843	3L1WA
523	1	221	c(1, 99)	c(98, 221)	3.45275634298832	5A5WA
524	4	283	c(4, 97, 191)	c(96, 190, 283)	15.6789492072686	2RIKA
525	66	652	c(66, 351)	c(350, 652)	6.70705632282101	7O7GA
526	1	450	c(1, 44, 87, 129, 172, 214, 256, 298, 341, 381, 409, 430)	c(43, 86, 128, 171, 213, 255, 297, 340, 380, 408, 429, 450)	15.8809238697001	6BW9A
527	39	189	c(39, 51, 63, 90, 114, 145, 168)	c(50, 62, 89, 113, 144, 167, 189)	2.35693059653608	2CZDA
528	39	314	c(39, 124, 220)	c(123, 219, 314)	6.13871315919605	8PTDA
529	132	249	c(132, 193)	c(192, 249)	1.6184388368884	1YYAA
530	15	224	c(15, 51, 86, 121, 157, 193)	c(50, 85, 120, 156, 192, 224)	6.45073644701583	3M66A
531	10	68	c(10, 36)	c(35, 68)	1.38635321705979	3R8JA
531	136	210	c(136, 173)	c(172, 210)	1.09627582973539	3R8JA
532	19	88	c(19, 58)	c(57, 88)	0.796533316427041	1Y0HA
533	34	338	c(34, 177)	c(176, 338)	3.67980635420557	2PQCA
534	56	160	c(56, 102)	c(101, 160)	1.7965187983434	6RPPA
535	17	158	c(17, 73)	c(72, 158)	2.37910879549656	4XSLA
535	252	290	c(252, 268)	c(267, 290)	0.0777045338513085	4XSLA
536	4	207	c(4, 113)	c(112, 207)	5.54651447055229	2J43A
537	57	180	c(57, 91, 125, 158)	c(90, 124, 157, 180)	4.17340534815634	7KB2A
538	2	211	c(2, 37, 72, 107, 142, 177)	c(36, 71, 106, 141, 176, 211)	28.1250516954249	8C3WA
538	212	217	c(212, 215)	c(214, 217)	0.00698127322887318	8C3WA
539	1	386	c(1, 194)	c(193, 386)	30.4025614032429	4OGGA
540	96	363	c(96, 225)	c(224, 363)	3.21431618082726	1NC5A
541	17	131	c(17, 82)	c(81, 131)	2.78850980764195	2RC3A
542	7	159	c(7, 68)	c(67, 159)	1.02123239634972	1LQVA
543	2	9	c(2, 3, 4, 5, 6, 7, 8, 9)	c(2, 3, 4, 5, 6, 7, 8, 9)	1.20094088290662	5IGOA
543	29	290	c(29, 78, 122, 165, 207, 249)	c(77, 121, 164, 206, 248, 290)	5.23744281076343	5IGOA
544	16	201	c(16, 32, 52, 72, 92, 112, 132, 152, 172, 182, 192)	c(31, 51, 71, 91, 111, 131, 151, 171, 181, 191, 201)	6.96397359080208	2W7ZB
545	4	108	c(4, 58)	c(57, 108)	2.30984166052108	2DRIA
545	127	271	c(127, 212)	c(211, 271)	1.00860887143384	2DRIA
546	12	207	c(12, 107)	c(106, 207)	2.7913608326381	3AJXA
547	6	119	c(6, 63)	c(62, 119)	3.1918404164788	2OS5A
548	1	264	c(1, 86, 178)	c(85, 177, 264)	5.95608289985999	7NYQA
549	17	128	c(17, 48, 87)	c(47, 86, 128)	3.67987174952556	6LF2A
550	4	132	c(4, 47, 90)	c(46, 89, 132)	14.7284523463265	8FJFA
551	90	319	c(90, 174, 246)	c(173, 245, 319)	4.92747014394481	3CHJA
552	2	108	c(2, 53)	c(52, 108)	5.6033185985323	5K79A
553	1	122	c(1, 62)	c(61, 122)	5.58935778463993	3KPBA
554	1	30	c(1, 16)	c(15, 30)	0.207714894678773	3B5NC
554	41	58	c(41, 50)	c(49, 58)	0.0117145934358781	3B5NC
555	1	69	c(1, 18, 35, 53)	c(17, 34, 52, 69)	1.42559648899056	3B5NB
556	3	44	c(3, 24)	c(23, 44)	1.33397221290675	3B5ND
557	1	55	c(1, 29)	c(28, 55)	1.27476537728895	3B5NA
558	11	84	c(11, 48)	c(47, 84)	1.78777624561599	1U84A
559	36	99	c(36, 72)	c(71, 99)	0.539270278108929	5D4NA
560	1	98	c(1, 49)	c(48, 98)	1.27835713226447	7ZJCA
561	9	223	c(9, 107)	c(106, 223)	2.6205576760559	3HS3A
561	243	271	c(243, 257)	c(256, 271)	0.117855444260038	3HS3A
562	2	172	c(2, 88)	c(87, 172)	7.23813551420254	5WUCA
562	178	193	c(178, 182, 186, 190)	c(181, 185, 189, 193)	0.883466721798848	5WUCA
563	10	65	c(10, 24, 38, 52)	c(23, 37, 51, 65)	2.08820252929897	1WT6A
564	13	133	c(13, 74)	c(73, 133)	3.76565478263673	6ILUA
565	10	139	c(10, 58)	c(57, 139)	3.22367312628223	4G9MA
566	10	51	c(10, 31)	c(30, 51)	1.02383089672521	4L9UA
567	10	99	c(10, 39, 67, 86)	c(38, 66, 85, 99)	2.19073391310196	3NI0A
568	17	327	c(17, 81, 160, 243)	c(80, 159, 242, 327)	6.58998952202223	5M89A
569	6	107	c(6, 41, 73)	c(40, 72, 107)	1.92096235216984	6YJHA
569	126	185	c(126, 157)	c(156, 185)	1.16549851666646	6YJHA
570	1	222	c(1, 107)	c(106, 222)	3.06357515721878	4KQCA
570	241	313	c(241, 276)	c(275, 313)	1.08111959994474	4KQCA
571	52	332	c(52, 194)	c(193, 332)	4.36058472220755	6P3HA
572	25	165	c(25, 72, 119)	c(71, 118, 165)	22.1304853994665	3PG0A
573	1	10	c(1, 2, 3, 4, 5, 6, 7, 8, 9, 10)	c(1, 2, 3, 4, 5, 6, 7, 8, 9, 10)	1.16598580869799	4PASA
573	12	34	c(12, 24)	c(23, 34)	0.418946698477042	4PASA
574	13	40	c(13, 27)	c(26, 40)	0.0198630506349386	4PASB
575	6	17	c(6, 12)	c(11, 17)	0.0724084106733331	8I33A
576	4	107	c(4, 30, 58, 84)	c(29, 57, 83, 107)	5.49768097445406	6D0TA
577	71	270	c(71, 167)	c(166, 270)	3.75817308426949	6XYZA
578	24	302	c(24, 70, 118, 169, 216, 263)	c(69, 117, 168, 215, 262, 302)	13.2996276295562	3II7A
579	3	188	c(3, 96)	c(95, 188)	18.5188745361906	4UOSA
580	41	211	c(41, 112)	c(111, 211)	3.60579844725897	8UMZA
581	62	274	c(62, 176)	c(175, 274)	3.00171043231859	3QEEA
582	2	64	c(2, 33)	c(32, 64)	3.35050427959318	1H98A
583	3	114	c(3, 59)	c(58, 114)	2.14440202830536	2XCZA
584	103	462	c(103, 286)	c(285, 462)	3.516234761668	2ICYB
585	2	122	c(2, 69)	c(68, 122)	2.48457272311018	2EJNA
586	12	226	c(12, 113, 172)	c(112, 171, 226)	2.98308964647668	8QPSA
587	36	141	c(36, 88)	c(87, 141)	2.27424270544641	3H6QA
587	144	165	c(144, 155)	c(154, 165)	0.578226308969533	3H6QA
588	299	433	c(299, 370)	c(369, 433)	1.99915706177136	5KIJA
589	1	227	c(1, 76, 154)	c(75, 153, 227)	27.3317029743398	5FSBA
590	20	190	c(20, 77, 134)	c(76, 133, 190)	12.6939646086268	4IM6A
591	12	353	c(12, 178)	c(177, 353)	12.0565989443585	6QIXA
592	27	223	c(27, 114)	c(113, 223)	3.43602690791567	2VVTB
593	14	115	c(14, 48, 82)	c(47, 81, 115)	3.39281861978944	4AE4A
594	27	186	c(27, 55, 88, 121, 154)	c(54, 87, 120, 153, 186)	9.42700665839515	2RFMA
595	98	255	c(98, 177)	c(176, 255)	2.0845237244369	7E0VA
596	47	339	c(47, 185)	c(184, 339)	2.90680562616482	7KQAA
597	66	313	c(66, 189)	c(188, 313)	3.96119961492504	7TEMA
597	315	414	c(315, 359, 387)	c(358, 386, 414)	1.38763278078973	7TEMA
598	11	139	c(11, 76)	c(75, 139)	4.74472353125654	7QFGA
599	2	293	c(2, 44, 86, 128, 170, 212, 254)	c(43, 85, 127, 169, 211, 253, 293)	29.591215567334	2Z2NA
600	19	180	c(19, 91)	c(90, 180)	2.04384003228518	4CRUB
600	206	241	c(206, 225)	c(224, 241)	1.18376859078991	4CRUB
601	24	71	c(24, 48)	c(47, 71)	1.79861541060495	3OIOA
602	8	83	c(8, 25, 42, 62)	c(24, 41, 61, 83)	2.17273706606447	4ZQAA
603	30	260	c(30, 93, 183)	c(92, 182, 260)	3.96285175283599	4RWEA
604	6	212	c(6, 64, 120, 172)	c(63, 119, 171, 212)	4.53238785179763	4OZUA
604	304	354	c(304, 324)	c(323, 354)	0.680548800613494	4OZUA
605	1	333	c(1, 31, 64, 99, 133, 167, 201, 235, 269, 301)	c(30, 63, 98, 132, 166, 200, 234, 268, 300, 333)	16.042161180519	5ET1A
606	13	138	c(13, 85)	c(84, 138)	1.55652883376454	7ZHDA
607	10	82	c(10, 44)	c(43, 82)	0.658799434895876	7ZVOA
608	30	324	c(30, 180)	c(179, 324)	3.78721610894082	1ZSWA
609	85	151	c(85, 116)	c(115, 151)	1.07346376953488	5GW9A
610	31	201	c(31, 133)	c(132, 201)	3.22725924143738	2YD4A
611	9	183	c(9, 47, 92, 137)	c(46, 91, 136, 183)	2.27801431232173	1VKFA
612	2	119	c(2, 56)	c(55, 119)	1.79808160124957	2AALA
613	30	80	c(30, 45, 57, 69)	c(44, 56, 68, 80)	1.17191007881832	3MF7A
614	8	86	c(8, 26, 44, 69)	c(25, 43, 68, 86)	2.00595113566791	3FX7A
615	4	51	c(4, 19, 34)	c(18, 33, 51)	1.22761115733998	1Y66A
616	2	145	c(2, 74)	c(73, 145)	7.54283328299858	1H9MA
617	162	252	c(162, 217)	c(216, 252)	1.99425076659381	3NOKA
618	48	161	c(48, 106)	c(105, 161)	3.03650478255912	2DC4A
619	63	189	c(63, 113)	c(112, 189)	2.55477216991772	3F4WA
620	2	152	c(2, 76)	c(75, 152)	3.44798892189079	4IRFA
621	22	112	c(22, 54)	c(53, 112)	0.757305715913407	1HFOA
622	3	157	c(3, 80)	c(79, 157)	2.66691172725392	2EENA
622	165	183	c(165, 175)	c(174, 183)	0.0206681581846804	2EENA
623	31	52	c(31, 43)	c(42, 52)	0.723348555324449	3GWOA
625	45	355	c(45, 159, 263)	c(158, 262, 355)	5.6466397508774	6IGBA
626	24	241	c(24, 137)	c(136, 241)	2.09466010902456	4QMHA
627	6	163	c(6, 84)	c(83, 163)	2.02907175895196	4ZSIA
628	9	205	c(9, 43, 66, 89, 112, 137, 160, 183)	c(42, 65, 88, 111, 136, 159, 182, 205)	10.2753301111796	7D2SA
629	13	128	c(13, 76)	c(75, 128)	2.82978517917889	3GBYA
630	41	143	c(41, 94)	c(93, 143)	2.95439904773117	5GVYA
631	2	94	c(2, 53)	c(52, 94)	0.724966263154982	5O8WB
632	17	260	c(17, 145)	c(144, 260)	7.14746731610595	4ZA3B
633	17	137	c(17, 78)	c(77, 137)	4.30737479304148	7QEHA
634	51	133	c(51, 92)	c(91, 133)	2.25134114434456	2YW3A
634	189	196	c(189, 193)	c(192, 196)	0.0633297534761744	2YW3A
635	6	51	c(6, 20, 34)	c(19, 33, 51)	1.26465518458641	2O1KA
636	4	76	c(4, 39)	c(38, 76)	2.13252151060015	5OI7A
637	194	255	c(194, 225)	c(224, 255)	2.22052842720805	7QXVA
637	277	334	c(277, 304)	c(303, 334)	0.517838395083161	7QXVA
638	2	163	c(2, 83)	c(82, 163)	7.57229887010041	6MX1A
639	34	311	c(34, 170)	c(169, 311)	4.03832789947939	5DKVA
640	14	235	c(14, 114)	c(113, 235)	7.04457562395384	2F2BA
641	10	35	c(10, 23)	c(22, 35)	0.376570397577996	6SQ2D
642	6	146	c(6, 73)	c(72, 146)	1.68218422090301	6FXQA
642	184	241	c(184, 211)	c(210, 241)	1.17389932067849	6FXQA
644	2	200	c(2, 95)	c(94, 200)	5.2150484483204	3HRAA
645	7	76	c(7, 42)	c(41, 76)	2.17221627805923	6WJOA
646	7	215	c(7, 111)	c(110, 215)	1.27412361953172	3OVPA
647	45	334	c(45, 151, 260)	c(150, 259, 334)	5.71599668871786	4ZI8A
648	1	178	c(1, 84)	c(83, 178)	5.01760275132616	3P2TA
649	72	181	c(72, 132)	c(131, 181)	2.46743746737661	7ZEIA
649	199	313	c(199, 276)	c(275, 313)	0.151103765425281	7ZEIA
650	29	258	c(29, 143)	c(142, 258)	2.63044072521858	5EVCA
651	1	293	c(1, 144)	c(143, 293)	2.61040169459908	4N2XA
652	6	111	c(6, 52)	c(51, 111)	1.69763739548949	7YXVA
653	2	7	c(2, 3, 4, 5, 6, 7)	c(2, 3, 4, 5, 6, 7)	0.411330025656081	4YO7A
653	15	307	c(15, 131, 233)	c(130, 232, 307)	2.90769802883448	4YO7A
654	29	337	c(29, 171)	c(170, 337)	3.97247511405619	3I0ZA
654	341	358	c(341, 350)	c(349, 358)	0.174758947407407	3I0ZA
655	36	73	c(36, 55)	c(54, 73)	1.1512215891218	3DXSX
656	2	7	c(2, 3, 4, 5, 6, 7)	c(2, 3, 4, 5, 6, 7)	0.425635860429065	4WZZA
656	68	349	c(68, 192)	c(191, 349)	3.05911718351437	4WZZA
657	49	275	c(49, 154)	c(153, 275)	5.58936496076551	3KSTA
658	14	330	c(14, 177)	c(176, 330)	6.85526529306642	8QJ4A
658	405	529	c(405, 446, 490)	c(445, 489, 529)	2.08038392582803	8QJ4A
659	10	169	c(10, 50, 90, 130)	c(49, 89, 129, 169)	24.4771229800646	4CNLA
660	16	209	c(16, 107)	c(106, 209)	2.90118027552308	3O14A
661	91	132	c(91, 109, 121)	c(108, 120, 132)	1.88835436517991	8GPMA
662	23	261	c(23, 151)	c(150, 261)	13.1826248347009	2Q0TA
663	7	370	c(7, 59, 111, 163, 215, 267, 319)	c(58, 110, 162, 214, 266, 318, 370)	59.8097453483284	6GXRA
664	221	341	c(221, 259, 288, 313)	c(258, 287, 312, 341)	1.7990855391895	4LB0B
665	13	261	c(13, 75, 156, 202)	c(74, 155, 201, 261)	3.65975019403368	5FZPA
666	5	65	c(5, 34)	c(33, 65)	1.10048249086819	2OD4A
667	20	342	c(20, 192)	c(191, 342)	3.09475143421653	5W7ZA
668	97	357	c(97, 176, 254)	c(175, 253, 357)	3.43474677895835	8WPRA
669	7	294	c(7, 28, 47, 74, 93, 112, 131, 150, 169, 190, 209, 228, 247, 275)	c(27, 46, 73, 92, 111, 130, 149, 168, 189, 208, 227, 246, 274, 294)	24.0543871711322	3P4GA
670	1	176	c(1, 48, 118)	c(47, 117, 176)	14.2656487131438	7OCMA
671	8	93	c(8, 51)	c(50, 93)	2.23421521664404	2RLDB
672	2	143	c(2, 39, 66, 104)	c(38, 65, 103, 143)	6.52274704073525	8X39A
673	7	294	c(7, 158)	c(157, 294)	13.1180174773513	4D4ZA
674	70	457	c(70, 242)	c(241, 457)	2.86932719639587	4OYBA
675	35	379	c(35, 195)	c(194, 379)	3.56096151743587	6HJFA
676	1	268	c(1, 153)	c(152, 268)	0.686794558148984	2XVYA
677	36	431	c(36, 226)	c(225, 431)	5.88847521052059	4UF7A
678	11	204	c(11, 103)	c(102, 204)	4.48545678384012	3FS8A
679	60	181	c(60, 121)	c(120, 181)	1.750482387516	3S8KA
680	32	172	c(32, 96)	c(95, 172)	1.75938225131968	5LDQA
681	44	389	c(44, 186)	c(185, 389)	3.94988647213373	3GT5A
682	22	242	c(22, 79, 134, 195)	c(78, 133, 194, 242)	3.97177592778587	1ZVTB
683	30	215	c(30, 54, 78, 102, 126, 150, 173, 195)	c(53, 77, 101, 125, 149, 172, 194, 215)	8.79676030020534	2V9TB
684	46	107	c(46, 69)	c(68, 107)	0.423947824144441	1RXQA
684	113	134	c(113, 124)	c(123, 134)	0.206906879385414	1RXQA
685	7	413	c(7, 89, 194, 316)	c(88, 193, 315, 413)	11.5672996312673	1A12A
686	1	89	c(1, 43)	c(42, 89)	1.62024176388802	3NRWA
687	13	85	c(13, 35, 58)	c(34, 57, 85)	1.05835167511995	3EZIA
687	88	101	c(88, 95)	c(94, 101)	0.518648382255252	3EZIA
688	71	313	c(71, 96, 120, 144, 168, 193, 218, 241, 263, 287)	c(95, 119, 143, 167, 192, 217, 240, 262, 286, 313)	10.2225851555593	1OGQA
689	31	249	c(31, 127)	c(126, 249)	4.07147932470911	2Z62A
690	27	128	c(27, 52, 76, 87, 96, 105)	c(51, 75, 86, 95, 104, 128)	1.02036869305697	2FA1A
691	8	337	c(8, 181)	c(180, 337)	2.78135314416322	1PBYB
692	2	201	c(2, 52, 102, 152)	c(51, 101, 151, 201)	23.6140056838663	5CWNA
693	33	137	c(33, 73)	c(72, 137)	1.6605911848097	6IE6A
694	17	118	c(17, 69)	c(68, 118)	1.40137729293359	1ECSA
695	21	196	c(21, 69, 117, 165)	c(68, 116, 164, 196)	7.2494393794053	3C7XA
696	48	258	c(48, 168)	c(167, 258)	3.98835364980108	7PLDA
697	14	80	c(14, 47)	c(46, 80)	1.19972850173939	9B0BA
698	22	105	c(22, 64)	c(63, 105)	2.59772216431849	1DQGA
698	109	133	c(109, 121)	c(120, 133)	0.084390517793239	1DQGA
699	157	609	c(157, 196, 235, 274, 313, 364, 403, 440, 483, 526, 571)	c(195, 234, 273, 312, 363, 402, 439, 482, 525, 570, 609)	7.63037431668383	1NR0A
700	1	85	c(1, 43)	c(42, 85)	0.409236751798495	5HOKA
701	31	289	c(31, 159)	c(158, 289)	6.12422980614638	1KZQA
702	10	45	c(10, 28)	c(27, 45)	0.59399680434777	2BOPA
703	223	358	c(223, 292)	c(291, 358)	4.208836459597	6ZRXAAA
704	2	161	c(2, 42, 82, 122)	c(41, 81, 121, 161)	19.7412428389767	5CWJA
705	1	63	c(1, 17, 30, 47)	c(16, 29, 46, 63)	3.50099053001041	6OG4C
706	17	288	c(17, 140)	c(139, 288)	5.45457619450721	2H3HA
707	53	269	c(53, 75, 98, 122, 146, 170, 193, 221, 230, 250)	c(74, 97, 121, 145, 169, 192, 220, 229, 249, 269)	8.15373512196559	1P9AG
708	4	201	c(4, 104)	c(103, 201)	8.19183778227461	1NKRA
709	15	140	c(15, 78)	c(77, 140)	3.09670154862588	3EXRA
709	163	202	c(163, 183)	c(182, 202)	0.835776202287527	3EXRA
710	8	96	c(8, 56)	c(55, 96)	1.81863297382358	3AEIA
711	1	105	c(1, 54)	c(53, 105)	2.02654229089445	4QKWA
712	13	167	c(13, 31, 49, 71, 89, 107, 124, 138, 146, 157)	c(30, 48, 70, 88, 106, 123, 137, 145, 156, 167)	5.54643907203435	9JYWA
713	6	31	c(6, 19)	c(18, 31)	0.965377067063851	4GDOA
714	89	353	c(89, 141, 185, 231, 272, 316)	c(140, 184, 230, 271, 315, 353)	7.76652390303872	3VGZA
715	142	310	c(142, 237)	c(236, 310)	2.50992410326688	1JYEA
716	8	97	c(8, 56)	c(55, 97)	1.66475236299543	1Q1UA
717	2	140	c(2, 48, 93)	c(47, 92, 140)	4.68805558534023	3N90A
718	7	58	c(7, 33)	c(32, 58)	1.38122061814624	1NZAA
719	18	317	c(18, 104, 213)	c(103, 212, 317)	5.01363632999035	4ZI9A
720	4	45	c(4, 17, 25, 33)	c(16, 24, 32, 45)	1.02760788447062	1MZ9A
721	8	48	c(8, 29)	c(28, 48)	0.873007344293889	7D2GA
722	10	65	c(10, 20, 38, 52)	c(19, 37, 51, 65)	1.53272859700728	7D2EA
723	16	134	c(16, 76)	c(75, 134)	2.50909911206914	1VR9A
723	138	213	c(138, 177)	c(176, 213)	1.45248068208141	1VR9A
724	10	77	c(10, 18, 30, 43, 56)	c(17, 29, 42, 55, 77)	1.39773817208089	6IQEA
725	43	335	c(43, 124, 208, 275)	c(123, 207, 274, 335)	3.83327305238173	4D5BA
726	34	60	c(34, 42, 50)	c(41, 49, 60)	0.644923273902923	6OP8B
727	11	389	c(11, 209)	c(208, 389)	2.51943666618436	5HWEA
728	46	155	c(46, 111)	c(110, 155)	1.30624241861577	4UUUA
729	60	304	c(60, 192)	c(191, 304)	4.51134689829884	8WLBA
730	124	304	c(124, 208)	c(207, 304)	3.90715540793892	7RIZA
731	19	178	c(19, 103)	c(102, 178)	3.19845056791876	7XCDA
732	29	106	c(29, 68)	c(67, 106)	3.2653720769286	8AJYB
733	11	203	c(11, 102)	c(101, 203)	1.93416649815631	6X6XA
733	212	306	c(212, 259)	c(258, 306)	1.39359643662146	6X6XA
733	363	407	c(363, 386)	c(385, 407)	0.603409091558648	6X6XA
734	21	218	c(21, 54, 87, 120, 153, 186)	c(53, 86, 119, 152, 185, 218)	10.6849893994479	7VO6A
735	44	123	c(44, 49, 54, 59, 64, 69, 74, 79, 84, 89, 94, 99, 104, 109, 114, 119)	c(48, 53, 58, 63, 68, 73, 78, 83, 88, 93, 98, 103, 108, 113, 118, 123)	6.60034350653904	6OMXA
736	4	91	c(4, 46)	c(45, 91)	2.36952241460455	6MCJA
737	4	116	c(4, 44, 71, 94)	c(43, 70, 93, 116)	2.64389472777001	1CPQA
738	23	330	c(23, 172)	c(171, 330)	3.92348778881487	2DG1A
739	185	276	c(185, 225)	c(224, 276)	2.12363697033751	7TG5A
740	22	318	c(22, 177)	c(176, 318)	3.60746847585859	6QV7A
741	6	146	c(6, 40, 73, 106)	c(39, 72, 105, 146)	3.16172013175978	6N63A
742	27	129	c(27, 69)	c(68, 129)	1.543126004625	7RRMA
743	1	279	c(1, 87, 180)	c(86, 179, 279)	11.2950548489841	4M9PA
744	37	342	c(37, 192)	c(191, 342)	3.23161440220324	4KVFA
745	42	182	c(42, 112)	c(111, 182)	2.3793629309292	2F1NA
745	204	262	c(204, 238)	c(237, 262)	0.358735421711284	2F1NA
746	45	408	c(45, 159, 277, 333)	c(158, 276, 332, 408)	3.01110856370814	6CMKA
747	9	454	c(9, 45, 81, 117, 153, 189, 225, 261, 298, 333, 369, 405)	c(44, 80, 116, 152, 188, 224, 260, 297, 332, 368, 404, 454)	30.0347032826291	4BWRA
748	56	297	c(56, 174)	c(173, 297)	5.03283229858283	3QZ4A
749	32	164	c(32, 98)	c(97, 164)	3.10678420613016	7OZTBBB
750	42	572	c(42, 92, 142, 190, 239, 287, 334, 382, 430, 478, 526)	c(91, 141, 189, 238, 286, 333, 381, 429, 477, 525, 572)	35.093016668385	5IXOA
750	589	602	c(589, 596)	c(595, 602)	0.582615918206925	5IXOA
751	23	313	c(23, 44, 68, 92, 116, 140, 161, 180, 201, 223, 247, 270, 293)	c(43, 67, 91, 115, 139, 160, 179, 200, 222, 246, 269, 292, 313)	7.06313237831983	4XGOA
752	4	90	c(4, 50)	c(49, 90)	3.1326102474085	3HZBA
753	11	54	c(11, 25, 40)	c(24, 39, 54)	1.62508566815273	5ABSA
754	4	147	c(4, 33, 61, 89, 118)	c(32, 60, 88, 117, 147)	9.18040627401256	5KKQA
755	15	120	c(15, 69)	c(68, 120)	2.83092077005056	8AH9A
756	17	70	c(17, 44)	c(43, 70)	1.27043911371402	6P20D
757	96	290	c(96, 187)	c(186, 290)	2.54818415170619	6KPLA
758	20	235	c(20, 71, 137, 199)	c(70, 136, 198, 235)	4.01587119438842	4RXMA
759	93	286	c(93, 197)	c(196, 286)	3.17100873768769	3FJ1A
760	3	172	c(3, 37, 71, 105, 139)	c(36, 70, 104, 138, 172)	9.54800050084627	3VTXA
761	33	306	c(33, 153)	c(152, 306)	3.55165393640547	4C2LA
761	314	373	c(314, 344)	c(343, 373)	1.46350267925291	4C2LA
762	15	270	c(15, 143)	c(142, 270)	2.53211660973526	2O62A
763	1	493	c(1, 169, 368)	c(168, 367, 493)	14.5026468724002	5UYTA
764	79	235	c(79, 99, 120, 140, 162, 182, 200, 218)	c(98, 119, 139, 161, 181, 199, 217, 235)	5.5824502950988	4OPWA
765	3	181	c(3, 76)	c(75, 181)	1.96829323585401	5LHFA
766	10	70	c(10, 36)	c(35, 70)	0.697248227926709	6VZ0A
767	2	7	c(2, 3, 4, 5, 6, 7)	c(2, 3, 4, 5, 6, 7)	0.357249792613124	4RZ4A
767	86	190	c(86, 135)	c(134, 190)	2.06756545190401	4RZ4A
768	5	228	c(5, 92)	c(91, 228)	2.53767567169452	7UJ5A
769	24	447	c(24, 130, 236, 342)	c(129, 235, 341, 447)	65.8544249613139	6XI1AAA
770	66	393	c(66, 242)	c(241, 393)	3.89335134852359	2ZZRA
771	3	74	c(3, 39)	c(38, 74)	5.14227069275427	4DH2B
772	6	345	c(6, 179)	c(178, 345)	13.446235262116	2BJQA
773	36	154	c(36, 92)	c(91, 154)	2.08916558428471	7NS9A
774	4	52	c(4, 11, 18, 25, 32, 39, 46)	c(10, 17, 24, 31, 38, 45, 52)	2.71469016355697	3HE5B
775	1	49	c(1, 29)	c(28, 49)	1.48364484792666	3HE5A
776	10	383	c(10, 44, 78, 112, 146, 180, 214, 248, 282, 316, 350)	c(43, 77, 111, 145, 179, 213, 247, 281, 315, 349, 383)	24.4088328821879	6EOUA
777	106	368	c(106, 227)	c(226, 368)	1.06996556431782	4YARA
777	398	413	c(398, 406)	c(405, 413)	0.0841440625234159	4YARA
778	17	57	c(17, 36)	c(35, 57)	0.906067924685787	2GFFA
778	75	100	c(75, 88)	c(87, 100)	0.108706475588623	2GFFA
779	16	61	c(16, 39)	c(38, 61)	1.06857198026594	7L4VA
780	38	335	c(38, 187)	c(186, 335)	29.2700374106492	4MKMA
781	2	102	c(2, 53)	c(52, 102)	3.14303575105823	7DGUA
782	2	241	c(2, 62, 122, 182)	c(61, 121, 181, 241)	33.1327902782669	5CWIA
783	21	62	c(21, 42)	c(41, 62)	0.794887436785884	3F5HA
784	48	185	c(48, 97, 151)	c(96, 150, 185)	2.33167899315648	1R8NA
785	71	318	c(71, 187)	c(186, 318)	3.43254389877073	4RY8A
786	30	71	c(30, 51)	c(50, 71)	1.62284801135183	3CVEA
787	2	161	c(2, 64)	c(63, 161)	3.55497786234177	1XKRA
788	47	199	c(47, 122)	c(121, 199)	1.62958374668649	5YDVA
789	5	71	c(5, 20, 34, 44, 58)	c(19, 33, 43, 57, 71)	2.57884087650678	6DLMB
790	25	75	c(25, 34, 40, 45, 48, 55, 62, 69)	c(33, 39, 44, 47, 54, 61, 68, 75)	1.79968612843632	6DLMA
791	37	369	c(37, 127, 215, 306)	c(126, 214, 305, 369)	9.74253078538819	6MFAA
792	60	109	c(60, 86)	c(85, 109)	1.49811850651475	3I4ZB
792	122	151	c(122, 137)	c(136, 151)	0.204749294957874	3I4ZB
792	251	462	c(251, 339, 407)	c(338, 406, 462)	2.4188174601344	3I4ZB
793	1	263	c(1, 121)	c(120, 263)	2.51142587638906	4DUNA
794	1	296	c(1, 149)	c(148, 296)	3.50279761906882	7XFRA
795	14	69	c(14, 42)	c(41, 69)	1.32280820920924	7XFRB
796	10	247	c(10, 130)	c(129, 247)	3.57345165964312	3LUFB
797	4	134	c(4, 66)	c(65, 134)	2.6741771968858	7Y7NA
798	2	89	c(2, 22, 42, 64)	c(21, 41, 63, 89)	1.69143690939314	6LR3A
799	101	253	c(101, 174)	c(173, 253)	1.32442821288435	3LDVA
800	2	7	c(2, 3, 4, 5, 6, 7)	c(2, 3, 4, 5, 6, 7)	0.379907270181861	4G9QA
800	14	267	c(14, 141)	c(140, 267)	12.9047116972559	4G9QA
801	94	159	c(94, 127)	c(126, 159)	2.43232157641035	3OA8A
801	189	264	c(189, 227)	c(226, 264)	1.08778354860262	3OA8A
802	10	190	c(10, 35, 70, 100, 130, 160)	c(34, 69, 99, 129, 159, 190)	8.67919738748696	6ZT4A
803	42	162	c(42, 103)	c(102, 162)	3.22718229527995	4NIRA
803	222	279	c(222, 251)	c(250, 279)	1.58351870054153	4NIRA
804	1	243	c(1, 120)	c(119, 243)	2.99701500419071	4H5GA
805	112	274	c(112, 193)	c(192, 274)	2.49500501688495	6D0GA
806	121	213	c(121, 175)	c(174, 213)	1.69396493515794	6XUBA
807	32	47	c(32, 40)	c(39, 47)	0.306985354192507	6J9LE
808	15	268	c(15, 69, 123, 171, 218)	c(68, 122, 170, 217, 268)	8.1530443634624	4ASCA
808	282	314	c(282, 301)	c(300, 314)	0.346101146455166	4ASCA
809	88	260	c(88, 168)	c(167, 260)	2.73626391040024	2YCIX
810	13	116	c(13, 68)	c(67, 116)	2.169198976113	2WKBC
811	7	102	c(7, 57)	c(56, 102)	1.87750711125208	5ZNEA
812	15	80	c(15, 48)	c(47, 80)	2.99100642689144	5XISA
813	30	206	c(30, 127)	c(126, 206)	2.9188575471949	4G6IA
814	18	76	c(18, 48)	c(47, 76)	0.950568869270317	6N7MA
815	15	161	c(15, 42, 66, 90, 114, 138)	c(41, 65, 89, 113, 137, 161)	6.88961297470623	5Y30A
816	16	83	c(16, 21, 29, 38, 45, 52, 56, 63, 70, 77)	c(20, 28, 37, 44, 51, 55, 62, 69, 76, 83)	2.66712924398214	8SJJC
817	10	67	c(10, 39)	c(38, 67)	1.85604622508364	8SJJA
818	2	181	c(2, 86)	c(85, 181)	1.99784179319256	6FWHA
819	2	8	c(2, 3, 4, 5, 6, 7, 8)	c(2, 3, 4, 5, 6, 7, 8)	0.511838924350355	7E0MA
819	47	391	c(47, 217)	c(216, 391)	7.52403242226034	7E0MA
820	40	130	c(40, 83)	c(82, 130)	2.89958301623862	8AE4B
821	25	465	c(25, 48, 71, 94, 117, 140, 163, 186, 209, 232, 256, 280, 304, 327, 350, 373, 396, 419, 442)	c(47, 70, 93, 116, 139, 162, 185, 208, 231, 255, 279, 303, 326, 349, 372, 395, 418, 441, 465)	25.3541004705893	7T7AA
822	47	298	c(47, 175)	c(174, 298)	3.39229665643759	6IYYA
823	2	67	c(2, 35)	c(34, 67)	1.48662793517477	3VP9A
824	1	136	c(1, 40, 87)	c(39, 86, 136)	3.31144620554601	6FLWA
825	26	314	c(26, 74, 122, 170, 218, 266)	c(73, 121, 169, 217, 265, 314)	11.1301667702762	3DSSB
826	8	377	c(8, 60, 114, 168, 220, 274, 326)	c(59, 113, 167, 219, 273, 325, 377)	29.5272670091451	3KCIA
827	30	376	c(30, 84, 134, 186, 238, 290, 342)	c(83, 133, 185, 237, 289, 341, 376)	48.9022383543314	6GXSA
828	16	547	c(16, 258)	c(257, 547)	25.8883779699722	6UZTA
828	550	577	c(550, 564)	c(563, 577)	0.14318183197962	6UZTA
829	31	223	c(31, 131)	c(130, 223)	3.32629479447574	3GD8A
830	181	348	c(181, 269)	c(268, 348)	2.51082273213711	3G68A
831	1	283	c(1, 145)	c(144, 283)	3.60304187793378	4TXEA
832	4	197	c(4, 35, 68, 101, 133, 166)	c(34, 67, 100, 132, 165, 197)	11.1278038757028	4UUCA
833	38	383	c(38, 223)	c(222, 383)	5.59349765374832	8UB5A
834	1	183	c(1, 72, 121)	c(71, 120, 183)	4.46869506197628	3PYWA
835	104	485	c(104, 147, 238, 362, 404, 446)	c(146, 237, 361, 403, 445, 485)	14.2979894217523	4WJSA
836	18	154	c(18, 55, 89, 119, 137)	c(54, 88, 118, 136, 154)	3.19743531459926	8E62A
836	158	177	c(158, 168)	c(167, 177)	0.174560324393946	8E62A
837	16	86	c(16, 36, 55, 71)	c(35, 54, 70, 86)	1.36410828536002	2A40B
837	88	260	c(88, 193)	c(192, 260)	1.43301803483615	2A40B
838	43	124	c(43, 73, 99)	c(72, 98, 124)	1.59305181562194	3LS0A
839	3	105	c(3, 52)	c(51, 105)	1.71987587949342	5EWTA
839	109	134	c(109, 122)	c(121, 134)	0.829779311980624	5EWTA
839	164	216	c(164, 187)	c(186, 216)	0.745007512166524	5EWTA
839	224	247	c(224, 236)	c(235, 247)	0.175328625853443	5EWTA
840	5	211	c(5, 56, 111, 162)	c(55, 110, 161, 211)	1.84088346526706	3JR2A
841	178	298	c(178, 201, 218, 237, 252, 267, 283)	c(200, 217, 236, 251, 266, 282, 298)	2.39057146338357	2H98A
842	19	261	c(19, 141)	c(140, 261)	9.179586361993	5J3UA
843	22	49	c(22, 36)	c(35, 49)	0.453448072022078	5XIUA
844	5	273	c(5, 123, 176, 227)	c(122, 175, 226, 273)	3.00259057052148	4RK0A
845	2	121	c(2, 62)	c(61, 121)	5.33237981154657	6VVRA
846	4	61	c(4, 28)	c(27, 61)	0.708768024820472	7CIZD
847	28	344	c(28, 205)	c(204, 344)	3.56176817079868	2POCB
848	2	8	c(2, 3, 4, 5, 6, 7, 8)	c(2, 3, 4, 5, 6, 7, 8)	0.662509802448746	3S8GA
848	56	291	c(56, 126, 213)	c(125, 212, 291)	4.01578934481189	3S8GA
848	379	566	c(379, 458)	c(457, 566)	2.35164099658984	3S8GA
849	2	185	c(2, 79)	c(78, 185)	1.93672275080107	1HXNA
850	41	406	c(41, 74, 121, 170, 219, 267, 313, 359)	c(73, 120, 169, 218, 266, 312, 358, 406)	13.7447865461328	6FNWA
851	64	475	c(64, 277)	c(276, 475)	4.25619328510944	6NC9A
852	5	156	c(5, 70)	c(69, 156)	2.62994815623779	1HH8A
852	183	212	c(183, 198)	c(197, 212)	0.54925221591054	1HH8A
853	4	159	c(4, 82)	c(81, 159)	2.03652668813825	3C1DB
854	4	127	c(4, 61)	c(60, 127)	2.64299831493012	8GALA
855	75	183	c(75, 124)	c(123, 183)	2.47981871968316	2CXHA
856	16	368	c(16, 207)	c(206, 368)	9.44983108104421	2BJRA
857	24	139	c(24, 45, 68, 92, 116)	c(44, 67, 91, 115, 139)	4.83982505455576	2WFHA
858	29	545	c(29, 213, 399)	c(212, 398, 545)	6.90614899196511	2P1MB
859	23	80	c(23, 60)	c(59, 80)	1.39613467757005	1BDOA
860	2	7	c(2, 3, 4, 5, 6, 7)	c(2, 3, 4, 5, 6, 7)	0.424878883261202	6DEHA
860	18	296	c(18, 32, 46, 81, 117, 153, 189, 225, 261)	c(31, 45, 80, 116, 152, 188, 224, 260, 296)	20.6864558124347	6DEHA
861	43	315	c(43, 215)	c(214, 315)	2.96163435739899	7KQQA
862	25	198	c(25, 120)	c(119, 198)	7.02743955398744	7CSZA
863	1	175	c(1, 83, 147)	c(82, 146, 175)	2.0708434682589	1WBAA
864	4	123	c(4, 52)	c(51, 123)	2.38539025481584	3RMUA
865	1	54	c(1, 25)	c(24, 54)	0.244667999924804	2P58A
866	68	218	c(68, 118, 168)	c(117, 167, 218)	2.08244903542739	1H70A
866	226	245	c(226, 236)	c(235, 245)	0.302323275177224	1H70A
867	25	163	c(25, 96)	c(95, 163)	2.40248721972346	1JH6A
868	41	146	c(41, 91)	c(90, 146)	5.17117060558597	3KMVA
869	2	113	c(2, 61)	c(60, 113)	7.83294944936492	1ZHSA
870	195	260	c(195, 228)	c(227, 260)	1.88228658526927	1WOQA
871	26	200	c(26, 116)	c(115, 200)	7.0867926522264	1QNAA
872	10	171	c(10, 95)	c(94, 171)	1.64973882227735	3ZRIA
873	3	167	c(3, 89)	c(88, 167)	7.65912824277076	1FXLA
874	41	125	c(41, 84)	c(83, 125)	1.35327942046011	1IJTA
875	17	191	c(17, 90)	c(89, 191)	1.54124624539984	4JG3A
876	3	182	c(3, 48, 93, 138)	c(47, 92, 137, 182)	25.3182259742079	5CWFA
877	1	130	c(1, 57)	c(56, 130)	2.07751595659473	2ZQOA
878	13	42	c(13, 28)	c(27, 42)	0.555042734141347	3CI9A
879	5	78	c(5, 52)	c(51, 78)	1.15531705591329	3N27B
880	32	75	c(32, 54)	c(53, 75)	1.08149022486539	7DTLA
881	1	196	c(1, 98)	c(97, 196)	6.61148753774135	4KE2A
882	13	155	c(13, 101)	c(100, 155)	2.02973583680493	1JYHA
883	27	192	c(27, 110)	c(109, 192)	2.76549649106364	1DOWA
884	5	86	c(5, 50)	c(49, 86)	3.0087745396634	1NPSA
885	38	87	c(38, 61)	c(60, 87)	1.03978220410788	2IGPA
886	2	104	c(2, 53)	c(52, 104)	1.32144427334884	3MN2A
887	15	60	c(15, 39)	c(38, 60)	0.532981028486234	3TSOC
888	30	108	c(30, 66)	c(65, 108)	1.56254567194293	6IYXA
888	191	249	c(191, 221)	c(220, 249)	0.953632420816124	6IYXA
889	17	264	c(17, 51, 84, 117, 160, 194, 231)	c(50, 83, 116, 159, 193, 230, 264)	10.6822673057572	1WDYA
890	4	67	c(4, 36)	c(35, 67)	2.43053776152282	5XAUB
891	6	42	c(6, 24)	c(23, 42)	0.706499390635295	3M91A
892	2	73	c(2, 38)	c(37, 73)	2.41312359886709	3TZ1A
893	24	127	c(24, 38, 53, 72, 100)	c(37, 52, 71, 99, 127)	2.30995975829961	1PGVA
894	13	108	c(13, 57)	c(56, 108)	1.9271708045944	6CZHA
895	24	99	c(24, 63)	c(62, 99)	1.52345766948052	1H7CA
896	210	334	c(210, 249, 292)	c(248, 291, 334)	2.21541079877006	1FOBA
897	32	258	c(32, 148)	c(147, 258)	4.18166252872859	2YFAA
898	6	50	c(6, 17, 28, 39)	c(16, 27, 38, 50)	1.09188472485969	4YV4A
899	50	514	c(50, 172, 310, 410)	c(171, 309, 409, 514)	5.29469344019835	2Z81A
900	4	133	c(4, 56)	c(55, 133)	1.20142916567577	1K6KA
901	6	55	c(6, 31)	c(30, 55)	0.814216167569936	5FCNA
902	9	65	c(9, 28, 47)	c(27, 46, 65)	1.55931608213699	1UIXA
903	25	234	c(25, 111)	c(110, 234)	2.40253456030982	1RWZA
904	31	79	c(31, 49, 58, 69)	c(48, 57, 68, 79)	1.06429610884262	6DVUA
905	107	216	c(107, 166)	c(165, 216)	2.57289546405635	2FLIA
906	13	40	c(13, 27)	c(26, 40)	0.969487570192705	1A92A
907	1	61	c(1, 30)	c(29, 61)	0.85786756607662	4ABMA
908	7	60	c(7, 34)	c(33, 60)	1.29441770323512	7LMXA
909	51	111	c(51, 82)	c(81, 111)	1.33583488551544	3FPNA
911	72	323	c(72, 114, 156, 199, 241, 283)	c(113, 155, 198, 240, 282, 323)	8.14340332816651	7RUOA
911	341	387	c(341, 365)	c(364, 387)	0.0729419439432584	7RUOA
912	53	102	c(53, 78)	c(77, 102)	0.840828788095632	1X8DA
913	2	206	c(2, 35, 78, 121, 164)	c(34, 77, 120, 163, 206)	30.8222017640859	8FREA
914	2	211	c(2, 102)	c(101, 211)	5.59386133103959	7CJSA
915	2	7	c(2, 3, 4, 5, 6, 7)	c(2, 3, 4, 5, 6, 7)	0.391548679527549	4Y9TA
915	150	309	c(150, 236)	c(235, 309)	2.55063579536219	4Y9TA
915	310	346	c(310, 332)	c(331, 346)	0.667808057142889	4Y9TA
916	23	280	c(23, 150)	c(149, 280)	5.57655552058224	6KM7A
917	3	133	c(3, 70)	c(69, 133)	4.90030869271835	5E10A
918	1	402	c(1, 189)	c(188, 402)	5.58291908266856	6B9RA
919	1	173	c(1, 72)	c(71, 173)	1.63377875904247	4ZQVA
920	11	421	c(11, 125, 296)	c(124, 295, 421)	3.90766867982535	5WTZA
921	1	72	c(1, 37)	c(36, 72)	6.14845148061802	4UYQB
922	118	389	c(118, 166, 213, 259, 308, 354)	c(165, 212, 258, 307, 353, 389)	12.7264430160917	4YY8B
923	31	83	c(31, 55)	c(54, 83)	1.38760679066059	3LURA
923	124	153	c(124, 139)	c(138, 153)	0.500009685392024	3LURA
924	3	144	c(3, 71)	c(70, 144)	2.38826859386259	3E0HA
925	2	99	c(2, 49)	c(48, 99)	3.45530513850161	8XYVA
926	19	416	c(19, 222)	c(221, 416)	5.63824967426318	2FR0A
926	420	486	c(420, 454)	c(453, 486)	0.533493088902019	2FR0A
927	1	155	c(1, 79)	c(78, 155)	4.69379933793232	8R5NA
928	11	167	c(11, 53, 96, 137)	c(52, 95, 136, 167)	3.19484856812462	7AFWA
929	3	138	c(3, 70)	c(69, 138)	2.73789082979886	1H9SA
930	2	114	c(2, 55)	c(54, 114)	1.40306593879825	4DH4A
931	2	66	c(2, 35)	c(34, 66)	1.59549331253255	5MVWA
932	8	93	c(8, 19, 30, 45, 66, 80)	c(18, 29, 44, 65, 79, 93)	2.07389320399401	7X5DA
933	14	222	c(14, 118)	c(117, 222)	2.42820279175357	3QVLA
934	17	147	c(17, 44, 71, 111)	c(43, 70, 110, 147)	2.77574907910006	4ZTTA
935	37	396	c(37, 89, 142, 192, 245, 297, 351, 372)	c(88, 141, 191, 244, 296, 350, 371, 396)	17.9278956108239	4QAMA
936	2	84	c(2, 40)	c(39, 84)	3.98678352995411	6WI5A
937	192	261	c(192, 211, 232, 247)	c(210, 231, 246, 261)	1.7857455052808	3G85A
938	1	11	c(1, 2, 3, 4, 5, 6, 7, 8, 9, 10, 11)	c(1, 2, 3, 4, 5, 6, 7, 8, 9, 10, 11)	0.28240474737545	1JR2A
938	51	193	c(51, 125)	c(124, 193)	2.37265694728552	1JR2A
938	208	274	c(208, 256)	c(255, 274)	1.17182573753315	1JR2A
939	11	80	c(11, 46)	c(45, 80)	1.66923012237446	3CSXA
940	25	250	c(25, 116)	c(115, 250)	2.28380272761923	1SGJA
941	19	334	c(19, 143)	c(142, 334)	2.32631660276591	6SW4A
942	11	280	c(11, 146)	c(145, 280)	3.77760983740814	6LGVA
942	281	302	c(281, 292)	c(291, 302)	0.370818893753942	6LGVA
943	8	198	c(8, 52, 102, 151)	c(51, 101, 150, 198)	7.03626314248358	5Y9WA
944	77	288	c(77, 148, 219)	c(147, 218, 288)	8.93817791012271	6JBUB
944	296	336	c(296, 316)	c(315, 336)	0.752533020571496	6JBUB
945	2	124	c(2, 61)	c(60, 124)	2.29954862297199	4O9KA
946	16	134	c(16, 76)	c(75, 134)	2.9341999179139	6OMZA
946	173	263	c(173, 214)	c(213, 263)	0.877117170195412	6OMZA
947	35	299	c(35, 86, 126, 166, 211, 262)	c(85, 125, 165, 210, 261, 299)	10.6873102584245	4HDJA
948	31	243	c(31, 153)	c(152, 243)	4.44694726532334	7X0HA
949	16	301	c(16, 64, 114, 161, 208, 255)	c(63, 113, 160, 207, 254, 301)	21.7341074382521	2VPJA
950	7	62	c(7, 40)	c(39, 62)	1.53834270897679	5B66Z
951	29	173	c(29, 102)	c(101, 173)	1.8940281339815	4CZXA
951	267	320	c(267, 290)	c(289, 320)	0.694358497559181	4CZXA
952	1	300	c(1, 92, 195)	c(91, 194, 300)	12.5265244825531	5UZ8A
953	55	285	c(55, 112, 199)	c(111, 198, 285)	5.76720676091238	2OJHA
954	8	65	c(8, 36)	c(35, 65)	0.518785747969324	3NN1A
954	168	241	c(168, 205)	c(204, 241)	0.569132484779337	3NN1A
955	147	1042	c(147, 587)	c(586, 1042)	13.5847845031286	7CZ9A
956	32	290	c(32, 83, 151, 214)	c(82, 150, 213, 290)	3.16109579000267	2IKSA
957	1	209	c(1, 104)	c(103, 209)	4.1765061354548	6MM8D
958	4	162	c(4, 82)	c(81, 162)	4.36589983790531	4EXRA
959	21	296	c(21, 182)	c(181, 296)	2.77705053348614	7PN0A
960	9	237	c(9, 123)	c(122, 237)	3.93457714413102	1QO2A
961	1	86	c(1, 46)	c(45, 86)	2.25532621134802	3SNYA
962	57	124	c(57, 91)	c(90, 124)	1.85815056638537	2GAGC
962	130	191	c(130, 160)	c(159, 191)	0.835754357344457	2GAGC
963	9	93	c(9, 52)	c(51, 93)	2.7098706234548	2E4MC
963	106	133	c(106, 120)	c(119, 133)	0.662305459827263	2E4MC
964	7	101	c(7, 47)	c(46, 101)	1.65021457584754	2OD6A
965	7	283	c(7, 69, 131, 203)	c(68, 130, 202, 283)	4.94397035205375	5ZHBA
965	291	390	c(291, 342)	c(341, 390)	1.07661554602481	5ZHBA
966	45	173	c(45, 111)	c(110, 173)	1.47223249696274	3BX1C
967	4	164	c(4, 85)	c(84, 164)	5.28996687131505	7YEYA
968	9	486	c(9, 43, 78, 112, 146, 180, 214, 248, 282, 316, 350, 384, 418, 452)	c(42, 77, 111, 145, 179, 213, 247, 281, 315, 349, 383, 417, 451, 486)	77.477394865775	3V6TA
969	3	288	c(3, 92, 191)	c(91, 190, 288)	13.4796647467449	2YN5A
970	10	317	c(10, 141)	c(140, 317)	2.06715885383035	8VD9A
971	5	78	c(5, 42)	c(41, 78)	1.60659287980644	4CVOA
972	16	402	c(16, 197)	c(196, 402)	5.21940392392749	5HX0A
973	16	275	c(16, 140)	c(139, 275)	7.040292409907	5GVAA
974	3	133	c(3, 68)	c(67, 133)	1.94587480261834	4R9XA
974	160	211	c(160, 187)	c(186, 211)	0.75457513600933	4R9XA
975	3	205	c(3, 101)	c(100, 205)	3.3179137653716	5B19A
976	9	86	c(9, 48)	c(47, 86)	1.79016329637067	8WHIE
977	25	79	c(25, 37, 47, 57, 67)	c(36, 46, 56, 66, 79)	1.82571107486434	6TOCAAA
978	5	103	c(5, 38, 71)	c(37, 70, 103)	12.2984230184668	4YY2A
979	21	87	c(21, 55)	c(54, 87)	1.39164998833243	4FD9A
980	6	84	c(6, 46)	c(45, 84)	2.34195548814212	3HZ2A
981	6	109	c(6, 57)	c(56, 109)	1.34738873200942	3H2DA
981	130	153	c(130, 142)	c(141, 153)	0.335080487540486	3H2DA
982	22	113	c(22, 69)	c(68, 113)	2.83393771584514	3ENUA
983	18	77	c(18, 48)	c(47, 77)	1.2758822600953	7S5CA
984	31	233	c(31, 64, 97, 134, 168, 201)	c(63, 96, 133, 167, 200, 233)	5.62117796040168	1K1AA
985	9	112	c(9, 63)	c(62, 112)	3.65891387176702	9HAGA
986	17	46	c(17, 32)	c(31, 46)	0.418935831654029	5VJIA
987	2	118	c(2, 43, 81)	c(42, 80, 118)	12.4435162486644	5MWBA
988	24	87	c(24, 56)	c(55, 87)	2.14917315743149	5YL9A
989	17	82	c(17, 53)	c(52, 82)	0.996425004543684	5HT7A
990	17	260	c(17, 103, 181)	c(102, 180, 260)	2.41676603670148	3O6CA
991	3	203	c(3, 93)	c(92, 203)	3.64247319080311	3H7JA
992	2	97	c(2, 42)	c(41, 97)	1.26876720733049	7NBVA
993	4	166	c(4, 37, 70, 103, 134)	c(36, 69, 102, 133, 166)	6.03115269531981	5AARA
994	8	100	c(8, 43, 78)	c(42, 77, 100)	8.49293127834824	7XFPA
995	1	180	c(1, 88)	c(87, 180)	8.06773189744834	8GYRB
996	83	143	c(83, 113)	c(112, 143)	2.10795034154305	7KCGA
997	13	101	c(13, 36, 56, 79)	c(35, 55, 78, 101)	3.58481049284465	8GADA
998	15	341	c(15, 141, 238)	c(140, 237, 341)	6.79728849549714	7QZQA
999	99	336	c(99, 220)	c(219, 336)	4.88366445030795	3K7XA
1000	6	139	c(6, 68)	c(67, 139)	2.57035650733612	5TEDA
1000	160	201	c(160, 181)	c(180, 201)	0.164465557918507	5TEDA
1001	7	224	c(7, 95)	c(94, 224)	2.26738471900674	1GYHA
1001	254	314	c(254, 288)	c(287, 314)	1.24809257656118	1GYHA
1002	10	147	c(10, 78)	c(77, 147)	2.5373473356273	4ATGA
1002	150	191	c(150, 171)	c(170, 191)	0.893113432451803	4ATGA
1003	32	200	c(32, 62, 89, 116, 162)	c(61, 88, 115, 161, 200)	4.35250249876284	5N3UB
1004	4	60	c(4, 33)	c(32, 60)	1.3555071581733	5T01A
1005	67	229	c(67, 145)	c(144, 229)	5.39693267893669	1M2TB
1006	18	235	c(18, 109)	c(108, 235)	2.23074330568869	6GT9A
1006	239	294	c(239, 267)	c(266, 294)	1.2516653072195	6GT9A
1007	25	148	c(25, 65, 107)	c(64, 106, 148)	3.1094049301721	2QIHA
1008	28	65	c(28, 47)	c(46, 65)	1.13136598233985	3PMMA
1008	230	333	c(230, 253, 274, 294, 314)	c(252, 273, 293, 313, 333)	1.99341404550248	3PMMA
1009	4	288	c(4, 150)	c(149, 288)	3.32897391631471	4JOQA
1010	5	76	c(5, 41)	c(40, 76)	1.95816778285445	5IBWA
1011	7	42	c(7, 25)	c(24, 42)	2.67991974657109	5IBWC
1012	27	229	c(27, 131)	c(130, 229)	2.26585208993019	4E3EA
1012	270	352	c(270, 314)	c(313, 352)	0.772253733830496	4E3EA
1013	39	393	c(39, 198)	c(197, 393)	6.81439666260008	3K62A
1014	23	144	c(23, 83)	c(82, 144)	1.52307292332135	3C6VA
1015	8	222	c(8, 107)	c(106, 222)	2.21314560259096	2QJVA
1016	66	276	c(66, 185)	c(184, 276)	2.98568035003677	3KSMA
1017	4	234	c(4, 128)	c(127, 234)	4.16763465576066	2O9GA
1018	136	281	c(136, 203)	c(202, 281)	3.19022231847883	3EUAA
1019	2	37	c(2, 20)	c(19, 37)	1.41904354056087	5YR0B
1020	22	126	c(22, 87)	c(86, 126)	1.70223936989949	4TLPA
1021	28	144	c(28, 85)	c(84, 144)	2.14940390987491	6QZIA
1021	168	245	c(168, 209)	c(208, 245)	1.69539266620209	6QZIA
1022	34	161	c(34, 74, 117)	c(73, 116, 161)	2.80690164766693	2P4OA
1022	182	303	c(182, 246)	c(245, 303)	2.25459030565908	2P4OA
1023	26	260	c(26, 123)	c(122, 260)	2.47478480357796	2BI0A
1024	1	126	c(1, 67)	c(66, 126)	1.54396728574203	2OKUA
1025	5	60	c(5, 33)	c(32, 60)	1.12597817512287	1GL2B
1026	31	58	c(31, 45)	c(44, 58)	0.345776203656264	1GL2C
1027	1	56	c(1, 29)	c(28, 56)	1.57073051646618	1GL2D
1028	39	197	c(39, 110)	c(109, 197)	2.83105200572143	2O20A
1028	199	326	c(199, 251)	c(250, 326)	2.05414039484865	2O20A
1029	25	240	c(25, 106, 183)	c(105, 182, 240)	3.2276304161886	4QMIA
1030	31	157	c(31, 95)	c(94, 157)	2.06433818045059	5ZRTA
1031	3	117	c(3, 54)	c(53, 117)	2.40668693477849	2ZQMA
1032	4	389	c(4, 78, 182, 284)	c(77, 181, 283, 389)	19.8364603417366	4E9LA
1033	27	200	c(27, 52, 77, 102, 152)	c(51, 76, 101, 151, 200)	4.16172384753984	2XWTC
1034	58	333	c(58, 100, 154, 241)	c(99, 153, 240, 333)	3.04841953388115	2ISMB
1035	21	77	c(21, 49)	c(48, 77)	0.953998058265936	2Q3PA
1036	26	161	c(26, 100)	c(99, 161)	3.06688771219892	5ZWXA
1037	11	38	c(11, 25)	c(24, 38)	0.500237690600045	4P67A
1038	8	244	c(8, 107)	c(106, 244)	1.88873901665645	4GAKA
1039	299	531	c(299, 374, 438, 487)	c(373, 437, 486, 531)	3.66475380167993	3T6QA
1039	549	606	c(549, 593)	c(592, 606)	0.2241717950626	3T6QA
1040	42	331	c(42, 192)	c(191, 331)	11.2010248045742	2WT1A
1041	15	266	c(15, 78, 141, 204)	c(77, 140, 203, 266)	28.1195300769078	8QKDA
1042	3	228	c(3, 122)	c(121, 228)	4.79516151218967	1JFLA
1043	14	169	c(14, 99)	c(98, 169)	3.61889446203391	8QX5A
1044	19	133	c(19, 76)	c(75, 133)	1.47947273551943	8UR2E
1045	9	74	c(9, 31, 53)	c(30, 52, 74)	2.71509618482941	2WLGA
1045	142	208	c(142, 178)	c(177, 208)	1.8030500551855	2WLGA
1046	20	84	c(20, 55)	c(54, 84)	0.636304781516462	1R8HA
1047	1	221	c(1, 105)	c(104, 221)	5.8875484243684	4CCSA
1048	37	128	c(37, 68, 99)	c(67, 98, 128)	1.57742803141428	2XWPA
1048	181	240	c(181, 207)	c(206, 240)	0.936176612285575	2XWPA
1049	4	148	c(4, 46, 79, 98, 113, 131)	c(45, 78, 97, 112, 130, 148)	2.79094828056366	5JJEB
1050	1	42	c(1, 15, 29)	c(14, 28, 42)	0.726886621524576	3SWYA
1051	53	537	c(53, 318)	c(317, 537)	21.7168188135859	1YQTA
1052	12	195	c(12, 98)	c(97, 195)	3.25614941675665	2Y7IA
1052	200	213	c(200, 207)	c(206, 213)	0.233258158759263	2Y7IA
1053	25	144	c(25, 85)	c(84, 144)	3.74425162498935	3MSWA
1054	21	117	c(21, 67)	c(66, 117)	2.39585706410706	4M1AA
1055	2	237	c(2, 125)	c(124, 237)	5.54895933590211	4KQ9A
1055	255	291	c(255, 277)	c(276, 291)	0.238890591560669	4KQ9A
1056	5	99	c(5, 19, 32, 42, 51, 60, 68, 76, 82, 91)	c(18, 31, 41, 50, 59, 67, 75, 81, 90, 99)	2.37640517712172	6ZPJA
1057	2	225	c(2, 58, 114, 170)	c(57, 113, 169, 225)	28.9935188201083	5CWPA
1058	6	63	c(6, 34)	c(33, 63)	2.16176008819489	1G3KA
1058	69	166	c(69, 128)	c(127, 166)	1.42419350036293	1G3KA
1059	110	765	c(110, 371)	c(370, 765)	3.73368243879473	4DX5A
1059	799	1036	c(799, 897)	c(896, 1036)	1.74956224081565	4DX5A
1060	20	290	c(20, 92, 171, 231)	c(91, 170, 230, 290)	3.15163223423244	4EVFA
1061	42	236	c(42, 81, 125, 176)	c(80, 124, 175, 236)	1.82645869901049	1O0XA
1062	1	147	c(1, 63)	c(62, 147)	5.32179960163741	6AKQA
1063	28	112	c(28, 71)	c(70, 112)	2.77883751258218	1QJ8A
1064	161	246	c(161, 203)	c(202, 246)	3.10828086699047	6S5MA
1064	248	283	c(248, 266)	c(265, 283)	0.667873359965036	6S5MA
1065	37	120	c(37, 66, 82, 103)	c(65, 81, 102, 120)	0.953048132184627	3UTNX
1065	144	318	c(144, 200, 261, 295)	c(199, 260, 294, 318)	2.1320542354161	3UTNX
1066	20	111	c(20, 71)	c(70, 111)	1.36733811701561	3U28C
1067	23	144	c(23, 81)	c(80, 144)	2.2001355497132	4IY0A
1068	9	52	c(9, 31)	c(30, 52)	0.992275187784364	4DJGA
1069	43	237	c(43, 70, 92, 117, 141, 166, 190, 214)	c(69, 91, 116, 140, 165, 189, 213, 237)	7.11153240205727	2Z66A
1070	5	176	c(5, 48, 91, 134)	c(47, 90, 133, 176)	22.587769943511	5CWKA
1071	6	85	c(6, 41)	c(40, 85)	0.797672614154447	6DDRC
1072	44	88	c(44, 68)	c(67, 88)	0.736281947817165	6EB9A
1073	16	911	c(16, 464)	c(463, 911)	66.2471182868293	1CZAN
1074	3	44	c(3, 24)	c(23, 44)	0.773043481227966	3HROA
1075	14	132	c(14, 76)	c(75, 132)	1.86384846924856	2JFNA
1075	181	281	c(181, 229)	c(228, 281)	1.86086033987807	2JFNA
1076	5	119	c(5, 63)	c(62, 119)	2.88657041171039	3R79A
1076	184	220	c(184, 203)	c(202, 220)	0.29175755711118	3R79A
1077	3	89	c(3, 46)	c(45, 89)	0.990272950951734	3TEQA
1078	9	188	c(9, 100)	c(99, 188)	12.7136056472757	2Z8UB
1079	5	154	c(5, 102)	c(101, 154)	3.17709259057205	5C8QB
1080	7	34	c(7, 21)	c(20, 34)	0.497078589069127	8A51B
1081	46	288	c(46, 155)	c(154, 288)	2.47707117446752	3L6UA
1082	161	427	c(161, 313)	c(312, 427)	4.18373753050285	1RF6A
1083	101	168	c(101, 135)	c(134, 168)	1.03196869451142	1GU9A
1084	7	80	c(7, 21, 35, 53, 63, 72)	c(20, 34, 52, 62, 71, 80)	1.57075111522984	6ZPMA
1085	220	400	c(220, 308)	c(307, 400)	3.82945744269055	3CX5A
1086	137	409	c(137, 184, 231, 278, 325, 372)	c(183, 230, 277, 324, 371, 409)	23.9232338051997	6FQ3A
1087	44	288	c(44, 164)	c(163, 288)	2.6121714113564	4RKQA
1088	11	78	c(11, 43)	c(42, 78)	2.82519639789939	4JIVD
1089	15	154	c(15, 85)	c(84, 154)	1.41474217192489	7T1SA
1089	192	255	c(192, 226)	c(225, 255)	0.943148237200914	7T1SA
1090	8	343	c(8, 33, 55, 77, 99, 121, 143, 166, 188, 210, 232, 254, 276, 298, 322)	c(32, 54, 76, 98, 120, 142, 165, 187, 209, 231, 253, 275, 297, 321, 343)	24.1939191501847	4FMZA
1091	48	111	c(48, 80)	c(79, 111)	1.46575719844681	3H6PA
1092	15	42	c(15, 29)	c(28, 42)	0.387115170981881	3H6PC
1092	55	92	c(55, 74)	c(73, 92)	0.0835450803893844	3H6PC
1093	15	78	c(15, 47)	c(46, 78)	2.16872966295544	6F5XA
1094	1	138	c(1, 77)	c(76, 138)	2.45111960730278	3MIZA
1094	170	271	c(170, 218)	c(217, 271)	1.33724337251334	3MIZA
1095	43	195	c(43, 109)	c(108, 195)	2.39119346323921	3ROTA
1095	206	259	c(206, 232)	c(231, 259)	0.773736683220177	3ROTA
1096	2	41	c(2, 16, 30)	c(15, 29, 41)	0.984674922835103	2XUSA
1097	42	305	c(42, 137, 222, 264)	c(136, 221, 263, 305)	3.70236167089223	5NXKA
1098	14	77	c(14, 48)	c(47, 77)	3.8801175229414	9BT4G
1099	3	175	c(3, 103)	c(102, 175)	2.47460699549654	3X30A
1100	2	44	c(2, 16, 23, 34)	c(15, 22, 33, 44)	1.11605641313988	5VR2A
1101	88	219	c(88, 115, 137, 176)	c(114, 136, 175, 219)	2.81606207737003	7ED6A
1102	12	190	c(12, 113)	c(112, 190)	2.64198362029431	8SBHA
1103	121	210	c(121, 156)	c(155, 210)	1.96842774967902	3L39A
1104	12	213	c(12, 108)	c(107, 213)	2.28539747238949	5E0UA
1104	221	236	c(221, 229)	c(228, 236)	0.0867431975533735	5E0UA
1105	79	334	c(79, 204)	c(203, 334)	3.98508245761285	5AGVB
1105	354	405	c(354, 376)	c(375, 405)	0.755755008569952	5AGVB
1106	47	265	c(47, 118, 197)	c(117, 196, 265)	2.9702176959436	5V7MA
1107	9	228	c(9, 120)	c(119, 228)	4.73099403844005	2HLSA
1108	11	109	c(11, 61)	c(60, 109)	1.75491795046267	2CZ4A
1109	3	188	c(3, 98)	c(97, 188)	3.53510755062084	1OLLA
1110	25	78	c(25, 51)	c(50, 78)	1.7585393343843	3IBWA
1111	13	89	c(13, 49)	c(48, 89)	0.968990286678421	5HL8A
1112	38	314	c(38, 194)	c(193, 314)	9.37421729956245	1DM5A
1113	4	187	c(4, 108)	c(107, 187)	2.12784722375245	4FHRA
1114	24	241	c(24, 89, 136, 195)	c(88, 135, 194, 241)	2.58323150853981	7B1WA
1115	111	504	c(111, 276)	c(275, 504)	6.34209845519838	6RTEB
1116	168	213	c(168, 191)	c(190, 213)	1.67355635555379	5CSRA
1117	7	107	c(7, 63)	c(62, 107)	1.14401224637311	5OMBC
1118	52	314	c(52, 94, 141, 181, 223, 270)	c(93, 140, 180, 222, 269, 314)	12.1749386628227	6RMVA
1119	57	281	c(57, 125, 199)	c(124, 198, 281)	3.58175679680709	8YE0A
1120	1	132	c(1, 62)	c(61, 132)	2.40562793924305	3OA4A
1121	28	168	c(28, 61, 98, 128)	c(60, 97, 127, 168)	3.04582944647068	1WDNA
1121	199	216	c(199, 208)	c(207, 216)	0.162573580157495	1WDNA
1122	7	57	c(7, 30, 44)	c(29, 43, 57)	1.76504607645906	7UCCF
1123	13	138	c(13, 57, 100)	c(56, 99, 138)	2.44255955574329	1VGJA
1124	1	275	c(1, 128)	c(127, 275)	2.25955347489629	3HPYA
1125	40	65	c(40, 53)	c(52, 65)	0.488774645850705	4O9LA
1126	5	232	c(5, 98)	c(97, 232)	1.35315533740884	4S3IA
1126	301	379	c(301, 336)	c(335, 379)	0.488254204290409	4S3IA
1127	8	140	c(8, 77)	c(76, 140)	2.21176674090727	3K2VA
1128	2	245	c(2, 36, 78, 120, 162, 204)	c(35, 77, 119, 161, 203, 245)	38.8083089550036	4HXTA
1129	20	199	c(20, 82, 140)	c(81, 139, 199)	2.88570329990904	3MALA
1130	77	336	c(77, 210)	c(209, 336)	3.59543103956659	6JIRA
1130	376	381	c(376, 379)	c(378, 381)	0.12285948618114	6JIRA
1131	94	304	c(94, 194)	c(193, 304)	3.41700817526767	3D3YA
1131	333	425	c(333, 386)	c(385, 425)	1.79172317237606	3D3YA
1132	13	140	c(13, 71, 101, 121)	c(70, 100, 120, 140)	3.05562067211283	4USOA
1133	1	63	c(1, 34)	c(33, 63)	3.41482767969233	3UL4B
1134	8	459	c(8, 61, 118, 175, 232, 289, 346, 403)	c(60, 117, 174, 231, 288, 345, 402, 459)	38.8715456886194	1Z7XW
1135	69	211	c(69, 140)	c(139, 211)	2.28363584600008	3EJXA
1135	250	277	c(250, 264)	c(263, 277)	0.323433042961572	3EJXA
1136	4	136	c(4, 67)	c(66, 136)	1.99133019096785	1PN2A
1136	216	280	c(216, 258)	c(257, 280)	0.610215180223238	1PN2A
1137	61	151	c(61, 106)	c(105, 151)	1.48862306981254	8UBSA
1138	13	82	c(13, 48)	c(47, 82)	1.38004426480221	2P5MA
1139	9	358	c(9, 44, 79, 114, 149, 184, 219, 254, 289, 324)	c(43, 78, 113, 148, 183, 218, 253, 288, 323, 358)	69.9176145946728	5ORQA
1140	6	138	c(6, 36, 72, 108)	c(35, 71, 107, 138)	9.13032043505043	1KLXA
1141	10	265	c(10, 138)	c(137, 265)	3.98561479611229	7N5IA
1142	33	200	c(33, 61, 90, 121, 162)	c(60, 89, 120, 161, 200)	2.31785180519132	4MF9A
1142	298	359	c(298, 312, 326, 343)	c(311, 325, 342, 359)	1.90433030551814	4MF9A
1143	7	273	c(7, 52, 101, 144, 186, 230)	c(51, 100, 143, 185, 229, 273)	12.6205631985734	1Q7FA
1144	48	242	c(48, 162)	c(161, 242)	3.1984620960248	4EV1A
1145	3	45	c(3, 16, 29)	c(15, 28, 45)	1.28904751605476	4DEYB
1146	5	142	c(5, 73)	c(72, 142)	2.64342246462619	3FV6A
1147	2	7	c(2, 3, 4, 5, 6, 7)	c(2, 3, 4, 5, 6, 7)	0.362022361260038	5D23A
1147	8	99	c(8, 31, 54, 77)	c(30, 53, 76, 99)	10.2464974689259	5D23A
1148	11	240	c(11, 126)	c(125, 240)	17.942781731767	3IDVA
1149	1	131	c(1, 33, 65, 98)	c(32, 64, 97, 131)	4.23167372811835	1IHBA
1150	77	237	c(77, 161)	c(160, 237)	1.89560923368463	2RI9A
1150	244	453	c(244, 344)	c(343, 453)	1.89327735896415	2RI9A
1151	7	86	c(7, 48)	c(47, 86)	1.37466010285948	2NZCA
1152	1	55	c(1, 24)	c(23, 55)	0.601808694904347	4AQRD
1153	17	86	c(17, 52)	c(51, 86)	0.808864490217094	2PKHA
1153	97	118	c(97, 108)	c(107, 118)	0.669436750897096	2PKHA
1154	160	223	c(160, 193)	c(192, 223)	1.8934536332247	2XEDA
1154	230	264	c(230, 249)	c(248, 264)	1.00032088503589	2XEDA
1155	17	98	c(17, 58)	c(57, 98)	1.97819927857799	4W4KA
1156	4	144	c(4, 69)	c(68, 144)	2.95056563751834	1KHYD
1157	7	93	c(7, 40)	c(39, 93)	1.32530303817823	1NZEA
1158	40	242	c(40, 142)	c(141, 242)	6.74114884168068	6GRFB
1159	1	180	c(1, 89)	c(88, 180)	4.17092352646194	1ITVA
1160	2	11	c(2, 3, 4, 5, 6, 7, 8, 9, 10, 11)	c(2, 3, 4, 5, 6, 7, 8, 9, 10, 11)	1.42037002371507	7ZVUB
1160	48	276	c(48, 100, 146, 189, 234)	c(99, 145, 188, 233, 276)	4.47268512239584	7ZVUB
1161	10	65	c(10, 38)	c(37, 65)	1.87644002568263	6N6RB
1162	19	155	c(19, 88)	c(87, 155)	2.32488113083142	8WHNA
1163	7	85	c(7, 36, 65)	c(35, 64, 85)	2.00402852859764	8FCFC
1164	39	102	c(39, 71)	c(70, 102)	1.89762572416529	4I0XB
1165	11	62	c(11, 37)	c(36, 62)	1.70998531458064	4I0XA
1166	114	176	c(114, 145)	c(144, 176)	2.16077445182829	3KMIA
1167	9	123	c(9, 61)	c(60, 123)	1.90556085441258	5HPZA
1167	136	179	c(136, 166)	c(165, 179)	0.402022407469287	5HPZA
1168	70	189	c(70, 131)	c(130, 189)	2.22103165565708	1M5WA
1169	37	205	c(37, 111)	c(110, 205)	2.18374183439838	5XSFA
1170	2	319	c(2, 151)	c(150, 319)	5.33232688461343	3HFQA
1171	14	47	c(14, 31)	c(30, 47)	1.00130174887069	2BBEA
1172	1	85	c(1, 44)	c(43, 85)	3.44391666016235	8RJAF
1173	1	235	c(1, 101)	c(100, 235)	3.39895016285175	2X8XX
1174	2	74	c(2, 12, 22, 29, 39, 50, 57, 64)	c(11, 21, 28, 38, 49, 56, 63, 74)	1.62514655738239	2Q6QA
1175	16	256	c(16, 138)	c(137, 256)	4.52557310758438	3TDSA
1176	2	121	c(2, 62)	c(61, 121)	3.80594347003096	5UNQA
1177	80	388	c(80, 239)	c(238, 388)	5.67445721773254	6EU6A
1178	6	218	c(6, 96)	c(95, 218)	1.72203565990063	7N8UA
1179	8	206	c(8, 110)	c(109, 206)	3.03502343265623	3VNIA
1180	8	300	c(8, 167)	c(166, 300)	11.7084429382013	4LOXA
1181	291	447	c(291, 372)	c(371, 447)	2.35985744320472	7JRWA
1181	451	501	c(451, 477)	c(476, 501)	0.918729158786066	7JRWA
1182	8	185	c(8, 90, 151)	c(89, 150, 185)	12.8547667150319	7PL5AAA
1183	12	185	c(12, 98)	c(97, 185)	2.35834391825763	3C3KB
1184	2	7	c(2, 3, 4, 5, 6, 7)	c(2, 3, 4, 5, 6, 7)	0.361807836796078	3BWSA
1184	17	433	c(17, 180, 314, 380)	c(179, 313, 379, 433)	6.65162422836801	3BWSA
1185	24	263	c(24, 175)	c(174, 263)	1.85920797757498	5ORGA
1186	9	90	c(9, 33, 63)	c(32, 62, 90)	4.77149242479087	5KE6A
1187	4	273	c(4, 100, 199)	c(99, 198, 273)	19.8056238498889	7CBCA
1187	284	311	c(284, 298)	c(297, 311)	0.978021419969624	7CBCA
1188	5	240	c(5, 51, 118, 186)	c(50, 117, 185, 240)	5.65611697941382	3EU9A
1189	46	201	c(46, 124)	c(123, 201)	3.3892055494977	4G3AA
1190	8	221	c(8, 118)	c(117, 221)	10.1880098722173	6SWZAAA
1190	237	250	c(237, 244)	c(243, 250)	0.175402949509531	6SWZAAA
1191	8	163	c(8, 82)	c(81, 163)	2.10622138223275	3WSGA
1191	200	252	c(200, 229)	c(228, 252)	0.193895905751711	3WSGA
1192	11	315	c(11, 77, 147, 246)	c(76, 146, 245, 315)	4.96460458732368	9BORA
1193	21	151	c(21, 94)	c(93, 151)	1.99073824552534	6BU2A
1194	17	420	c(17, 61, 103, 146, 187, 229, 272, 314, 357, 389)	c(60, 102, 145, 186, 228, 271, 313, 356, 388, 420)	17.8761692097444	4BQKA
1195	1	123	c(1, 60)	c(59, 123)	7.26495828498827	4FIBA
1196	15	184	c(15, 34, 54, 74, 99, 125, 145, 165)	c(33, 53, 73, 98, 124, 144, 164, 184)	5.13030394511349	2XT2A
1197	49	92	c(49, 71)	c(70, 92)	1.28762369576471	6DG6A
1198	8	266	c(8, 125)	c(124, 266)	3.13999905462472	4K7GB
1198	321	357	c(321, 337)	c(336, 357)	0.433938189594722	4K7GB
1199	119	256	c(119, 195)	c(194, 256)	2.37630258657203	4D06A
1200	55	143	c(55, 95, 112, 128)	c(94, 111, 127, 143)	1.9883259276913	2CHPA
1201	13	97	c(13, 60)	c(59, 97)	2.19144350968854	4OWKA
1202	13	255	c(13, 41, 65, 89, 113, 137, 160, 184, 208, 232)	c(40, 64, 88, 112, 136, 159, 183, 207, 231, 255)	13.1613949466336	4XA9A
1203	35	368	c(35, 213)	c(212, 368)	4.86527973537914	3NW4A
1204	12	281	c(12, 72, 141, 194)	c(71, 140, 193, 281)	2.54753000310642	6UCZB
1205	6	206	c(6, 95)	c(94, 206)	1.97573140638256	7CNEA
1205	259	295	c(259, 278)	c(277, 295)	0.321712555897114	7CNEA
1206	1	141	c(1, 64)	c(63, 141)	5.56636783983793	5FGPA
1207	6	19	c(6, 13)	c(12, 19)	0.0613866215347875	1URQA
1207	25	44	c(25, 35)	c(34, 44)	0.142915254009495	1URQA
1208	1	154	c(1, 72)	c(71, 154)	1.56064901965952	3CNVC
1209	116	193	c(116, 155)	c(154, 193)	1.65466262731392	5UPRA
1210	13	67	c(13, 43)	c(42, 67)	0.898251834453316	1FP3A
1210	107	399	c(107, 259)	c(258, 399)	2.29263417732359	1FP3A
1211	53	142	c(53, 78, 102, 123, 133)	c(77, 101, 122, 132, 142)	2.21222828274308	1C3MA
1212	100	212	c(100, 160)	c(159, 212)	3.24625744974209	3RENA
1212	227	336	c(227, 281)	c(280, 336)	2.48859551973774	3RENA
1213	16	134	c(16, 49, 74, 100, 118)	c(48, 73, 99, 117, 134)	1.902439001601	2YJKA
1214	30	332	c(30, 184)	c(183, 332)	5.88958266261794	8GQEA
1215	32	233	c(32, 68, 104, 140, 170, 194, 214)	c(67, 103, 139, 169, 193, 213, 233)	2.44787993771556	3QTAA
1216	30	235	c(30, 65, 140, 188)	c(64, 139, 187, 235)	9.89442209377373	3DU1X
1217	17	113	c(17, 39, 64, 89)	c(38, 63, 88, 113)	4.9737452800164	5JLVC
1218	15	183	c(15, 49, 83, 117, 151)	c(48, 82, 116, 150, 183)	6.92020094742757	3AS5A
1219	38	150	c(38, 100)	c(99, 150)	1.46169031770705	3NCEA
1220	71	427	c(71, 132, 190, 242, 294, 358, 402)	c(131, 189, 241, 293, 357, 401, 427)	9.90827924311578	5XGSA
1221	60	313	c(60, 178)	c(177, 313)	3.12116843626894	7X7HA
1222	5	216	c(5, 126)	c(125, 216)	6.30376558132228	3PSSA
1223	27	414	c(27, 124, 221, 318)	c(123, 220, 317, 414)	49.8819251116412	6XI3AAA
1224	66	382	c(66, 119, 174, 226, 279, 331)	c(118, 173, 225, 278, 330, 382)	25.9085867633965	4O2WA
1225	7	338	c(7, 51, 96, 141, 187, 233, 291)	c(50, 95, 140, 186, 232, 290, 338)	18.3029934538106	6TBNB
1226	28	151	c(28, 49, 70, 120)	c(48, 69, 119, 151)	1.62249991409948	1SR4A
1227	19	112	c(19, 50, 81)	c(49, 80, 112)	8.02424304863407	1XD5A
1228	95	389	c(95, 172, 270, 323)	c(171, 269, 322, 389)	4.54347425389224	7UDHA
1228	428	447	c(428, 438)	c(437, 447)	0.0832260444724644	7UDHA
1229	2	7	c(2, 3, 4, 5, 6, 7)	c(2, 3, 4, 5, 6, 7)	0.40973303164479	4WT7A
1229	11	247	c(11, 119)	c(118, 247)	2.41157550376534	4WT7A
1229	264	318	c(264, 291)	c(290, 318)	0.794651578213586	4WT7A
1230	106	216	c(106, 164)	c(163, 216)	1.99246709117761	3O74A
1231	78	177	c(78, 131)	c(130, 177)	1.59694220457733	1LKIA
1232	49	154	c(49, 107)	c(106, 154)	1.55747683208465	4HH5A
1233	16	260	c(16, 140)	c(139, 260)	5.3809744018991	5ZT8A
1234	39	198	c(39, 113)	c(112, 198)	3.54099736442569	6AIGA
1235	3	36	c(3, 20)	c(19, 36)	0.370992869477062	4U1EB
1236	28	142	c(28, 85)	c(84, 142)	2.39038387026732	1QYAB
1236	148	219	c(148, 184)	c(183, 219)	1.36091812915972	1QYAB
1236	269	292	c(269, 281)	c(280, 292)	0.213971106893333	1QYAB
1237	25	422	c(25, 213)	c(212, 422)	4.21866853333674	5HXKA
1238	127	345	c(127, 227, 286)	c(226, 285, 345)	2.86315966194534	6R77A
1239	3	285	c(3, 159)	c(158, 285)	2.46345107959452	3BRQB
1240	99	195	c(99, 154)	c(153, 195)	2.22624978666396	6I6HA
1241	89	253	c(89, 173)	c(172, 253)	3.15994869952912	5H2GA
1242	37	168	c(37, 70, 103, 136)	c(69, 102, 135, 168)	7.63685797296385	5EIDA
1243	2	9	c(2, 3, 4, 5, 6, 7, 8, 9)	c(2, 3, 4, 5, 6, 7, 8, 9)	1.30344585584367	4LWSA
1243	36	123	c(36, 80)	c(79, 123)	2.32127348862182	4LWSA
1244	22	101	c(22, 62)	c(61, 101)	2.19386256105039	4LWSB
1245	8	258	c(8, 32, 56, 78, 97, 116, 142, 166, 191, 213, 236)	c(31, 55, 77, 96, 115, 141, 165, 190, 212, 235, 258)	6.10738825616885	3O53A
1246	11	253	c(11, 71, 156)	c(70, 155, 253)	3.09199766542304	3U1WA
1247	17	146	c(17, 68)	c(67, 146)	1.1243539721662	1VDHA
1248	1	186	c(1, 89)	c(88, 186)	2.85271022841782	1NSJA
1249	67	188	c(67, 125)	c(124, 188)	3.50722756196962	4FQGA
1250	15	30	c(15, 23)	c(22, 30)	0.00861842737941018	4N3XA
1251	19	471	c(19, 241)	c(240, 471)	3.46708136488844	6OFTA
1252	52	280	c(52, 183)	c(182, 280)	3.49860264510318	4QQ0A
1253	6	136	c(6, 72)	c(71, 136)	4.12640751542212	5E0ZA
1254	38	237	c(38, 98, 163)	c(97, 162, 237)	4.19074079176007	7MHUA
1254	326	368	c(326, 349)	c(348, 368)	0.222348594344047	7MHUA
1255	12	121	c(12, 69)	c(68, 121)	3.00230693282243	5XEFA
1256	3	100	c(3, 57)	c(56, 100)	1.10542474040135	8DQAA
1257	11	354	c(11, 107, 233)	c(106, 232, 354)	6.58574744234604	1VPKA
1258	44	295	c(44, 167)	c(166, 295)	4.73418635919779	4TRTA
1258	348	352	c(348, 349, 350, 351, 352)	c(348, 349, 350, 351, 352)	0.588326942860619	4TRTA
1259	6	156	c(6, 94)	c(93, 156)	1.14148363737051	1W94A
1260	30	124	c(30, 80)	c(79, 124)	1.20343771163685	4E98A
1261	3	75	c(3, 32)	c(31, 75)	0.927393410701476	4DEXB
1262	17	70	c(17, 44)	c(43, 70)	1.06764420488439	6AHXA
1263	9	46	c(9, 28)	c(27, 46)	0.799541234506369	1OSDA
1264	7	149	c(7, 85)	c(84, 149)	1.97507168679886	2QQYA
1265	2	132	c(2, 35, 68, 101)	c(34, 67, 100, 132)	4.83457226653383	3C5RA
1266	13	68	c(13, 27, 41, 58)	c(26, 40, 57, 68)	0.815417780436498	3EFGA
1267	77	222	c(77, 150)	c(149, 222)	4.0449200237059	2OLTA
1268	72	213	c(72, 143)	c(142, 213)	2.33132962153277	2OWNA
1268	220	251	c(220, 236)	c(235, 251)	0.293042791169199	2OWNA
1269	4	166	c(4, 91)	c(90, 166)	1.52999238090906	7CFHA
1270	72	210	c(72, 105, 144, 179)	c(104, 143, 178, 210)	2.89992911566027	4LEUA
1270	221	254	c(221, 238)	c(237, 254)	0.0274574391517977	4LEUA
1271	31	110	c(31, 71)	c(70, 110)	2.01681517285623	3LF9A
1273	1	226	c(1, 99)	c(98, 226)	4.02159562283027	2QV6A
1274	2	48	c(2, 24)	c(23, 48)	0.832421271096399	1N2DC
1275	78	199	c(78, 144)	c(143, 199)	1.6724128265948	3RXYA
1276	11	220	c(11, 122)	c(121, 220)	3.00631063256497	1VCVA
1277	6	187	c(6, 97)	c(96, 187)	11.0578094026589	1MP9A
1278	7	47	c(7, 20, 34)	c(19, 33, 47)	0.808804704037001	6CKOC
1279	1	386	c(1, 181)	c(180, 386)	6.65287507239826	4ZP0A
1280	9	107	c(9, 56)	c(55, 107)	1.42379687442389	1A1XA
1281	34	139	c(34, 90)	c(89, 139)	1.3644941793434	1TQXA
1282	14	218	c(14, 105)	c(104, 218)	1.75401671501445	1VKWA
1283	29	125	c(29, 50, 71, 91)	c(49, 70, 90, 125)	4.3719195874011	4MFGA
1284	140	330	c(140, 230)	c(229, 330)	2.65930897102463	6I35B
1284	538	918	c(538, 735)	c(734, 918)	2.22493348605842	6I35B
1284	940	977	c(940, 959)	c(958, 977)	0.479629224590357	6I35B
1285	7	73	c(7, 31, 53)	c(30, 52, 73)	1.63690426862343	1UIIA
1286	2	175	c(2, 57, 121)	c(56, 120, 175)	3.1683386966595	1T9FA
1287	1	148	c(1, 31, 61, 88, 105, 123, 136)	c(30, 60, 87, 104, 122, 135, 148)	3.0815814170146	2GS4A
1288	1	77	c(1, 33)	c(32, 77)	3.0759624562956	2HNUA
1289	122	284	c(122, 177, 218, 254)	c(176, 217, 253, 284)	2.60817801515595	6CB2A
1290	50	229	c(50, 88, 117, 154, 191)	c(87, 116, 153, 190, 229)	3.55131607564042	1SUMB
1291	4	200	c(4, 87)	c(86, 200)	3.03597163915036	1MZHA
1292	13	40	c(13, 27)	c(26, 40)	0.67359373012408	3BJ4A
1293	211	301	c(211, 257)	c(256, 301)	2.34431861581036	1SQHA
1294	3	228	c(3, 94)	c(93, 228)	3.46166394425656	1N7KA
1295	3	154	c(3, 72)	c(71, 154)	1.55921888979576	6DB1A
1296	11	47	c(11, 32)	c(31, 47)	0.800638495776611	3E1RA
1297	14	265	c(14, 50, 86, 122, 158, 194, 230)	c(49, 85, 121, 157, 193, 229, 265)	28.3413953197843	1OUVA
1298	43	186	c(43, 119)	c(118, 186)	2.97070102619612	1GXJA
1299	13	99	c(13, 34, 54, 72, 86)	c(33, 53, 71, 85, 99)	2.31472391139473	6KOSA
1300	3	140	c(3, 74)	c(73, 140)	2.0617467682075	7W62A
1301	4	91	c(4, 49)	c(48, 91)	1.69151550100047	7CSLC
1302	20	67	c(20, 44)	c(43, 67)	1.16053786741164	6GHUA
1303	9	38	c(9, 24)	c(23, 38)	0.236414126487989	1GD2E
1303	54	67	c(54, 61)	c(60, 67)	0.22581655165243	1GD2E
1304	1	131	c(1, 58)	c(57, 131)	2.06856155632987	4YTOA
1305	41	69	c(41, 55)	c(54, 69)	0.64475383243781	1WQ6A
1306	15	250	c(15, 74, 133, 192)	c(73, 132, 191, 250)	26.9901726857832	8TLPA
1307	9	86	c(9, 16, 23, 30, 37, 44, 51, 58, 65, 72, 79)	c(15, 22, 29, 36, 43, 50, 57, 64, 71, 78, 86)	4.64085433307677	7O97A
1308	19	211	c(19, 40, 68, 91, 114, 137, 160, 184)	c(39, 67, 90, 113, 136, 159, 183, 211)	12.8108312730724	6MLXA
1309	10	204	c(10, 110)	c(109, 204)	4.24715643559509	1I8DA
1310	35	240	c(35, 139)	c(138, 240)	4.63689740117546	2HO1A
1311	18	180	c(18, 105)	c(104, 180)	2.05289501912704	2DREC
1312	6	33	c(6, 20)	c(19, 33)	1.5333138719224	2OQQA
