seqID	start	end	score	No_of_Repeats	Total_Score	Length	Diagonal	BW_From	BW_To	Level
1JYEA	143	297	180.63	2	180.63	57	94	143	200	1
1A12A	27	408	449.59	7	449.59	51	51	59	109	1
1K1AA	38	207	194.89	5	194.89	31	31	124	154	1
1A1XA	9	92	114.68	2	114.68	34	37	30	66	1
1JYHA	30	140	88.46	2	88.46	26	81	30	57	1
1A92A	14	44	49.27	2	49.27	14	15	14	27	1
1K5CA	21	163	83.97	2	83.97	28	109	21	50	1
1K5CA	184	318	86.90	2	86.90	23	109	176	206	2
1K5CA	208	258	65.84	2	65.84	20	29	208	227	3
1K5CA	57	100	71.78	2	71.78	20	21	57	77	4
1C3MA	84	126	44.78	2	44.78	16	23	84	105	1
1KHYD	20	142	138.41	2	138.41	45	75	20	66	1
1CPQA	69	111	66.96	2	66.96	20	20	69	88	1
1LQVA	7	149	218.83	2	218.83	67	71	7	75	1
1CZAN	315	784	112.40	3	112.40	24	30	315	338	1
1CZAN	7	906	1167.30	4	1167.30	395	446	18	463	2
1M2TB	38	170	158.84	3	158.84	40	40	94	133	1
1M2TB	172	225	43.94	2	43.94	11	40	172	182	2
1DM5A	18	306	395.64	4	395.64	65	71	18	82	1
1DOWA	158	205	46.94	2	46.94	14	31	158	171	1
1M70A	8	185	230.14	2	230.14	69	104	8	84	1
1DQGA	30	87	62.04	2	62.04	16	38	67	87	1
1MOQA	36	161	158.08	2	158.08	52	71	36	88	1
1MOQA	259	333	67.30	2	67.30	21	49	259	281	2
1MP9A	10	182	290.98	2	290.98	82	89	10	91	1
1EZGA	13	81	117.61	3	117.61	22	22	24	45	1
1F1EA	7	153	221.24	2	221.24	69	75	7	76	1
1MZHA	133	206	69.23	2	69.23	21	51	133	154	1
1FOBA	80	208	158.32	2	158.32	46	80	80	127	1
1FOBA	210	330	117.32	2	117.32	36	80	210	247	2
1N2DC	9	47	49.33	2	49.33	14	23	9	22	1
1FP3A	20	391	466.59	3	466.59	114	252	19	133	1
1N7KA	120	196	74.46	3	74.46	18	26	120	137	1
1FXLA	4	167	253.87	2	253.87	75	85	4	79	1
1G61A	27	207	257.03	2	257.03	85	88	34	120	1
1GL2B	1	46	63.05	2	63.05	18	26	1	18	1
1NC5A	12	328	351.87	2	351.87	110	193	12	134	1
1GL2D	1	46	59.47	2	59.47	18	26	1	18	1
1GU9A	34	160	122.88	2	122.88	40	81	34	77	1
1NKRA	4	196	342.34	2	342.34	92	97	4	98	1
1GXJA	25	142	120.05	2	120.05	40	75	25	69	1
1NPSA	26	83	60.21	2	60.21	18	38	26	43	2
1GYHA	268	318	75.76	2	75.76	22	26	268	290	1
1GYHA	30	85	65.22	2	65.22	17	36	30	46	3
1NR0A	4	609	723.59	4	723.59	164	179	186	364	1
1H12A	368	401	54.30	2	54.30	15	16	368	382	1
1H12A	79	367	278.76	3	278.76	82	193	79	171	2
1NSJA	38	189	93.73	2	93.73	29	120	38	67	1
1H32A	62	103	48.18	2	48.18	13	27	62	74	1
1H32A	107	257	124.23	2	124.23	41	104	107	154	2
1NXCA	40	393	278.96	3	278.96	96	246	40	150	1
1NXCA	166	308	100.79	2	100.79	29	111	166	195	2
1H70A	64	226	143.67	2	143.67	43	115	64	108	1
1NZEA	17	53	39.89	2	39.89	11	25	17	27	1
1H98A	6	59	91.51	2	91.51	23	28	6	30	1
1O0XA	29	165	96.81	2	96.81	30	104	29	58	1
1H9MA	2	141	227.53	2	227.53	68	70	2	69	1
1O1ZA	68	202	179.31	2	179.31	61	69	68	131	1
1H9SA	66	105	52.22	2	52.22	15	24	66	80	1
1O5XA	95	244	177.60	2	177.60	58	87	95	154	1
1O6VA	60	383	464.70	15	464.70	20	20	213	232	1
1O6VA	384	440	46.91	2	46.91	14	41	384	399	2
1HH8A	9	140	63.61	2	63.61	17	113	9	25	1
1OGQA	40	278	263.77	5	263.77	46	46	114	159	1
1HXNA	19	170	176.28	2	176.28	50	96	19	75	1
1OLLA	39	187	173.54	2	173.54	52	92	39	94	2
1HZ4A	12	357	447.91	3	447.91	116	119	12	130	1
1I8DA	1	183	288.72	2	288.72	85	95	1	85	1
1OUVA	12	257	423.91	7	423.91	34	34	44	77	1
1IHBA	13	140	155.95	4	155.95	31	63	13	43	1
1OUWC	32	68	44.75	2	44.75	11	23	32	42	1
1OZNA	53	235	161.89	7	161.89	14	22	126	139	1
1OZNA	164	197	34.98	2	34.98	10	22	164	173	2
1IO0A	57	101	53.19	2	53.19	17	36	85	101	1
1IO0A	130	183	57.52	2	57.52	22	29	117	145	2
1P9AG	29	188	187.85	7	187.85	21	21	74	94	1
1ITVA	66	191	155.98	3	155.98	40	44	66	109	1
1PBJA	22	77	87.37	2	87.37	27	27	22	48	1
1JCDA	2	51	64.42	2	64.42	20	27	2	23	1
1PBYB	209	320	136.47	3	136.47	37	38	243	279	1
1JFLA	60	224	163.63	2	163.63	50	109	60	111	1
1JH6A	35	133	73.02	2	73.02	22	74	35	57	1
1JR2A	208	267	48.18	2	48.18	12	46	208	219	1
1JX6A	266	319	64.52	2	64.52	18	33	266	283	1
1JX6A	171	222	62.99	2	62.99	17	33	171	187	3
1KLXA	2	132	192.34	4	192.34	29	29	2	30	1
1Q7FA	2	261	306.25	6	306.25	41	41	91	131	1
1KNMA	5	130	192.00	3	192.00	39	40	36	74	1
1QJ8A	28	134	136.14	3	136.14	39	40	35	74	1
1QNAA	25	179	222.66	2	222.66	64	88	25	88	1
1KW3B	191	269	96.37	2	96.37	28	48	191	218	1
1KW3B	2	78	79.09	2	79.09	23	51	2	24	3
1KW3B	98	187	84.00	2	84.00	26	61	98	128	5
1QO2A	111	152	58.87	2	58.87	18	21	111	129	1
1QO2A	63	100	53.87	2	53.87	16	21	63	78	2
1KZQA	50	260	271.92	2	271.92	82	123	50	135	1
1QS1A	65	451	553.63	2	553.63	175	196	65	259	1
1QXYA	182	215	51.51	2	51.51	15	16	182	196	1
1QYAB	62	141	84.25	2	84.25	22	57	62	83	1
1RF6A	1	271	272.83	2	272.83	94	143	1	103	1
1RG8A	26	110	137.77	2	137.77	41	41	26	66	1
1RH9A	80	247	32.54	2	32.54	9	157	80	89	1
1RH9A	121	346	48.02	2	48.02	13	210	121	134	2
1RWZA	153	215	69.29	2	69.29	22	38	153	176	1
1RXQA	32	120	104.66	2	104.66	33	53	32	66	1
1SGJA	205	271	65.16	2	65.16	19	45	205	223	1
1SGJA	177	239	51.95	2	51.95	15	45	177	191	2
1SGJA	20	70	35.85	2	35.85	10	44	20	29	3
1SQHA	202	284	125.10	2	125.10	37	44	202	238	2
1SQHA	43	95	62.94	2	62.94	19	33	43	64	3
1SR4A	32	68	56.38	2	56.38	16	22	32	47	1
1SUMB	71	202	78.52	2	78.52	28	101	71	106	2
1T61A	11	205	325.62	2	325.62	84	108	11	95	1
1T9FA	5	174	200.17	3	200.17	54	61	5	64	1
1U0KA	13	102	97.92	2	97.92	29	114	51	102	1
1U7GA	90	354	316.62	4	316.62	67	67	232	298	1
1U7GA	45	377	50.70	2	50.70	18	307	45	67	4
1UB3A	67	148	58.61	2	58.61	19	60	67	86	1
1UIIA	5	83	97.74	2	97.74	34	42	5	44	1
1UQZA	54	226	203.41	3	203.41	77	87	51	137	1
1V3WA	71	121	81.51	3	81.51	16	16	88	103	1
1VCVA	142	223	84.57	2	84.57	25	56	142	169	2
1VDHA	61	141	111.65	2	111.65	35	43	61	98	1
1VGJA	24	128	62.02	2	62.02	20	82	24	43	1
1VKWA	22	166	108.55	2	108.55	35	106	22	57	1
1VPKA	25	222	256.54	3	256.54	72	121	21	100	1
1VPKA	242	316	65.71	2	65.71	19	54	242	261	2
1VR9A	85	126	50.82	2	50.82	16	23	85	100	1
1W32A	97	292	135.79	3	135.79	36	124	97	140	2
1W7BA	38	334	392.18	4	392.18	65	84	110	174	1
1WCWA	177	236	70.85	2	70.85	26	30	177	205	1
1WCWA	63	109	50.33	2	50.33	16	30	63	78	2
1WCWA	131	173	68.78	2	68.78	20	20	131	150	4
1WDNA	113	178	86.62	2	86.62	26	39	113	141	1
1WDYA	8	277	286.37	8	286.37	28	32	72	99	1
1WOQA	196	257	100.95	2	100.95	29	32	196	224	1
1WOQA	21	163	41.38	2	41.38	13	126	21	36	2
1WOQA	112	192	65.89	2	65.89	23	54	112	135	4
1XD5A	20	109	157.82	3	157.82	29	29	20	48	1
1XKRA	12	158	155.91	2	155.91	48	96	12	60	1
1XYZA	24	190	87.78	2	87.78	28	134	24	53	1
1Y5HA	1	125	193.89	2	193.89	58	64	1	60	1
1YBIA	15	274	349.81	2	349.81	109	141	15	128	1
1YFQA	6	258	265.44	3	265.44	72	180	6	78	1
1YQTA	131	447	149.46	4	149.46	33	70	131	163	1
1YQTA	45	515	341.36	5	341.36	62	241	207	268	2
1YQTA	164	416	36.24	2	36.24	10	241	164	173	3
1YYAA	68	155	125.52	3	125.52	31	31	92	122	2
1Z7XW	30	415	387.64	12	387.64	26	26	197	222	1
1Z7XW	52	365	101.65	2	101.65	29	283	52	80	2
1ZHSA	3	110	189.00	2	189.00	49	57	3	51	1
1ZKPA	2	123	124.62	2	124.62	37	80	2	40	1
1ZKPA	127	254	70.58	2	70.58	21	103	127	150	2
1ZSWA	7	78	86.25	3	86.25	21	22	33	53	1
1ZSWA	98	263	85.20	2	85.20	24	140	98	121	3
1ZVTB	2	201	170.25	4	170.25	34	113	52	85	1
2A3NA	14	287	318.55	2	318.55	102	161	14	132	1
2A40B	69	125	75.63	2	75.63	23	31	69	91	1
2A40B	157	211	71.25	2	71.25	19	33	157	175	2
2AHFA	101	205	141.10	2	141.10	43	58	101	146	1
2AHFA	38	256	133.99	2	133.99	39	176	38	77	2
2AMLA	188	242	65.52	2	65.52	22	27	188	213	1
2AMLA	287	336	74.12	2	74.12	22	26	287	308	2
2AMLA	71	106	42.78	2	42.78	14	19	71	84	3
2B2HA	46	275	285.85	4	285.85	63	63	110	172	1
2BI0A	9	228	233.29	4	233.29	52	56	79	130	1
2BI0A	229	314	111.03	3	111.03	26	32	229	254	2
2BJQA	36	261	230.56	4	230.56	43	57	36	83	1
2BJQA	117	310	61.53	2	61.53	17	174	117	133	2
2BJRA	5	261	209.72	4	209.72	37	55	38	74	1
2BJRA	134	364	125.48	2	125.48	37	192	134	170	2
2BO9B	103	185	92.19	2	92.19	30	50	103	138	1
2BWRA	18	399	633.50	7	633.50	54	54	248	301	1
2CF7B	1	140	181.46	2	181.46	59	75	1	62	1
2CXHA	25	123	86.65	2	86.65	28	68	25	89	1
2CZDA	33	161	59.74	2	59.74	22	104	33	56	2
2DDXA	244	302	93.93	2	93.93	26	29	244	272	1
2DDXA	55	143	124.18	3	124.18	30	31	82	111	2
2DDXA	153	193	65.63	2	65.63	16	22	153	174	3
2DG1A	54	184	177.32	3	177.32	39	47	96	134	1
2DREC	12	93	97.92	2	97.92	30	45	12	46	1
2DRIA	13	111	156.16	2	156.16	48	48	13	60	1
2DRIA	163	214	67.07	2	67.07	24	25	163	187	2
2DRIA	112	144	43.35	2	43.35	12	19	112	123	3
2DRIA	216	259	50.87	2	50.87	16	25	216	231	4
2DSKA	220	287	108.52	2	108.52	31	35	216	250	1
2DSKA	122	189	98.55	2	98.55	29	36	122	151	2
2DTJA	7	129	128.70	2	128.70	41	79	7	47	1
2E4MC	72	126	60.40	2	60.40	17	35	72	90	1
2E4MC	10	70	56.37	2	56.37	17	41	10	27	2
2E5FA	105	303	129.15	2	129.15	41	155	105	152	1
2EENA	69	174	71.09	2	71.09	27	77	69	96	1
2F1NA	175	247	95.86	2	95.86	29	41	175	203	2
2F2BA	59	243	202.71	4	202.71	35	38	174	208	1
2F8YA	25	190	195.81	5	195.81	31	31	57	87	1
2FBAA	300	488	217.91	4	217.91	44	94	349	392	1
2FBAA	79	294	202.11	3	202.11	57	91	79	169	2
2FDNA	2	51	86.95	2	86.95	21	26	2	22	1
2FJ8A	5	120	255.14	2	255.14	57	57	5	61	1
2FLIA	40	194	182.89	3	182.89	48	105	40	87	1
2FN9A	22	65	59.01	2	59.01	18	24	22	39	1
2FN9A	134	179	70.11	2	70.11	20	25	134	153	2
2FR0A	24	339	400.88	3	400.88	110	175	24	136	1
2GAGC	17	86	102.02	2	102.02	33	35	15	49	1
2GGCA	18	171	158.61	2	158.61	46	105	18	63	1
2GHSA	36	140	156.80	2	156.80	47	55	36	82	1
2GKEA	150	241	56.39	2	56.39	16	75	150	165	1
2GKEA	20	221	160.59	2	160.59	50	148	20	77	2
2GKEA	89	120	49.93	2	49.93	15	15	89	103	3
2GKPA	44	167	77.68	2	77.68	23	99	44	66	2
2GS4A	2	90	97.08	3	97.08	30	32	26	56	1
2H1VA	68	163	143.05	3	143.05	33	33	99	131	1
2H1VA	13	295	82.75	2	82.75	24	256	13	36	2
2H1VA	173	215	49.16	2	49.16	15	26	173	187	4
2H3HA	20	242	279.57	2	279.57	91	125	6	129	1
2H3HA	114	280	56.88	2	56.88	18	146	114	131	2
2H6FB	177	366	166.48	4	166.48	30	157	177	206	1
2H98A	205	234	43.38	2	43.38	13	14	205	217	2
2HNUA	6	73	84.60	2	84.60	20	45	6	28	1
2HO1A	37	206	171.26	5	171.26	33	33	92	124	1
2ICYB	80	130	60.35	2	60.35	18	30	80	98	1
2ICYB	250	463	120.06	2	120.06	37	170	250	286	2
2ICYB	165	206	74.58	2	74.58	19	20	165	183	3
2IGPA	10	99	101.23	2	101.23	31	53	10	44	1
2II2A	89	129	34.76	2	34.76	11	27	89	101	2
2II2A	182	309	134.18	4	134.18	26	78	206	231	3
2IKSA	112	202	101.85	2	101.85	32	56	112	143	1
2IMQX	77	109	36.91	2	36.91	12	18	77	88	1
2ISMB	13	348	405.28	6	405.28	58	58	190	247	1
2IWAA	58	159	104.04	3	104.04	22	41	58	79	2
2IWAA	163	246	108.54	2	108.54	36	41	163	202	3
2J43A	4	182	235.70	2	235.70	68	106	4	77	1
2J8KA	49	188	176.74	7	176.74	18	18	65	82	1
2JFNA	20	255	108.21	2	108.21	35	196	20	58	1
2O0BA	4	408	420.79	6	420.79	69	69	205	273	1
2O20A	71	322	100.70	2	100.70	35	204	71	113	2
2O62A	161	229	40.67	2	40.67	12	58	161	172	1
2O62A	18	123	114.98	2	114.98	35	58	18	57	2
2O62A	174	260	82.77	2	82.77	25	59	174	200	3
2O9GA	27	226	290.68	3	290.68	76	122	27	103	1
2OJHA	49	277	301.75	3	301.75	78	86	49	134	1
2OLTA	133	167	41.67	2	41.67	12	20	133	144	1
2OWNA	18	89	84.51	2	84.51	25	46	18	42	1
2P1MB	89	533	397.42	6	397.42	61	70	256	316	1
2P39A	19	153	169.02	2	169.02	50	82	19	69	1
2PKHA	46	85	59.11	2	59.11	18	19	46	64	1
2PNEA	12	69	107.43	2	107.43	27	28	12	39	1
2PQCA	12	44	35.16	2	35.16	10	20	12	21	1
2PQCA	139	343	224.40	3	224.40	70	71	139	209	2
2PQCA	90	126	58.27	2	58.27	17	18	90	106	3
2PQCA	386	428	68.77	2	68.77	20	20	386	405	4
2Q0TA	2	255	439.50	2	439.50	125	125	7	131	1
2Q3PA	28	66	40.37	2	40.37	11	25	28	38	1
2Q3PA	77	110	29.12	2	29.12	9	22	77	87	2
2Q5CA	46	148	74.58	2	74.58	24	78	46	70	1
2Q6QA	33	65	46.91	2	46.91	15	15	33	47	1
2Q6QA	6	32	31.79	2	31.79	10	15	6	15	2
2QE8A	198	290	121.33	2	121.33	39	51	198	237	1
2QE8A	45	74	42.90	2	42.90	13	15	60	74	2
2QE8A	127	195	80.30	2	80.30	24	42	127	152	3
2QIHA	25	139	156.13	3	156.13	39	39	25	63	1
2QJVA	6	168	194.15	2	194.15	61	99	6	68	1
2QQYA	7	133	159.23	2	159.23	49	76	7	58	1
2QSBA	15	75	68.81	2	68.81	19	40	15	33	1
2QSKA	3	89	189.99	2	189.99	39	46	3	41	1
2QV6A	2	244	347.24	2	347.24	110	127	2	115	1
2RFMA	29	181	214.71	5	214.71	30	31	87	116	1
2RI9A	91	350	149.13	2	149.13	48	203	91	142	1
2RI9A	250	398	38.17	2	38.17	10	136	250	260	2
2RIKA	1	276	429.38	3	429.38	90	92	72	161	1
2UVKB	44	330	232.29	5	232.29	37	63	228	264	1
2V3GA	43	125	46.36	2	46.36	13	140	43	59	1
2V3GA	185	280	141.58	3	141.58	34	65	185	218	2
2V9TB	42	154	139.47	5	139.47	17	22	66	82	1
2V9TB	15	184	70.66	2	70.66	19	148	15	33	2
2VK2A	206	286	99.66	2	99.66	29	53	206	234	1
2VN6B	6	57	76.03	2	76.03	21	29	6	26	1
2VPJA	19	291	451.24	6	451.24	47	47	33	79	1
2VQ2A	99	167	104.78	2	104.78	32	33	135	167	1
2VQ2A	17	73	67.23	2	67.23	21	33	17	39	2
2VS0A	14	72	77.18	2	77.18	26	30	10	39	1
2VVTB	102	136	46.85	2	46.85	16	16	102	117	1
2VVTB	18	239	53.21	2	53.21	17	194	18	40	2
2VXNA	52	181	91.35	2	91.35	29	98	52	82	1
2W3PA	169	326	136.72	2	136.72	51	153	235	311	1
2W3PA	24	68	64.19	2	64.19	20	22	24	45	2
2W3PA	90	121	46.62	2	46.62	12	17	90	101	3
2W3PA	128	404	95.78	2	95.78	29	245	128	156	4
2W7ZB	30	189	252.98	2	252.98	77	78	36	112	1
2WFHA	26	114	76.04	3	76.04	20	21	26	45	1
2WKBC	2	115	166.79	2	166.79	52	56	2	56	1
2WLGA	138	172	60.01	2	60.01	17	20	136	154	1
2WLGA	27	67	61.05	2	61.05	19	20	27	45	2
2WT1A	35	328	470.31	2	470.31	133	155	16	168	1
2X8XX	29	226	171.51	3	171.51	41	154	29	69	1
2XEDA	84	270	154.78	3	154.78	36	114	84	119	3
2XT2A	26	132	126.77	5	126.77	16	19	26	41	1
2XVYA	26	254	324.11	2	324.11	103	119	26	132	1
2XWTC	23	85	93.63	3	93.63	22	22	39	60	1
2XWTC	168	202	39.91	2	39.91	11	22	168	178	3
2XWTC	87	125	43.24	2	43.24	14	22	87	102	4
2Y88A	22	56	49.17	2	49.17	16	16	22	37	1
2Y88A	57	227	150.93	2	150.93	48	118	57	105	2
2YCIX	120	234	128.02	2	128.02	39	73	120	158	1
2YCIX	23	68	63.36	2	63.36	17	28	23	39	2
2YD4A	6	188	227.19	2	227.19	69	99	6	88	1
2YFAA	57	105	48.51	2	48.51	14	32	57	70	1
2YFAA	160	224	88.40	2	88.40	27	37	160	186	2
2YN5A	1	287	400.79	3	400.79	89	101	85	184	1
2YW3A	51	207	171.91	3	171.91	47	70	51	99	1
2Z2NA	17	292	460.34	7	460.34	39	39	143	181	1
2Z51A	4	152	216.10	2	216.10	66	79	4	74	1
2Z62A	70	241	175.43	7	175.43	22	22	195	216	1
2Z66A	33	217	220.07	4	220.07	47	47	125	171	1
2Z66A	224	271	64.21	2	64.21	21	24	224	244	2
2Z81A	35	377	383.71	4	383.71	85	87	134	218	1
2Z81A	394	496	116.70	4	116.70	18	19	458	475	2
2Z8UB	10	184	302.49	2	302.49	84	89	10	93	1
2ZHJA	22	314	386.94	4	386.94	62	70	22	83	1
2ZQOA	14	121	91.57	2	91.57	24	82	14	37	1
2ZZRA	45	294	312.23	3	312.23	73	175	45	117	1
3A07A	9	118	217.50	3	217.50	33	74	9	41	1
3A35A	4	181	266.47	2	266.47	81	94	4	84	1
3A3VA	7	389	377.33	2	377.33	118	254	7	133	1
3A72A	243	291	81.34	2	81.34	23	25	243	265	1
3A72A	36	174	157.90	4	157.90	30	58	145	174	2
3A72A	198	241	55.62	2	55.62	16	25	198	213	4
3AJ6A	22	240	261.88	2	261.88	79	135	22	119	1
3AJXA	58	205	185.96	4	185.96	42	68	58	99	1
3AMRA	34	355	278.77	4	278.77	68	90	81	151	1
3AS5A	15	127	146.65	4	146.65	31	31	37	67	1
3AS5A	128	176	49.38	2	49.38	15	31	128	144	2
3B0GA	106	260	239.91	2	239.91	73	78	106	179	1
3B0GA	269	575	155.14	2	155.14	49	251	269	322	2
3B0GA	45	390	89.49	2	89.49	29	313	45	78	3
3B0GA	329	359	35.28	2	35.28	10	18	329	339	4
3B5NB	35	68	52.21	2	52.21	16	16	35	50	1
3BRQB	196	248	72.59	2	72.59	24	26	194	219	1
3BRQB	70	111	67.75	2	67.75	19	21	70	88	3
3BWSA	49	198	170.05	3	170.05	43	46	106	151	1
3BWSA	251	362	128.65	3	128.65	36	40	284	320	2
3BX1C	2	61	46.47	2	46.47	12	45	2	15	1
3C3KB	236	267	52.98	2	52.98	16	16	236	251	3
3C5RA	3	96	135.99	3	135.99	29	30	3	31	1
3C7XA	2	194	274.21	4	274.21	45	47	42	88	1
3C9ZA	7	257	352.82	2	352.82	109	125	7	131	1
3CHJA	89	293	227.71	3	227.71	55	82	89	143	1
3CNVC	18	52	37.24	2	37.24	11	22	18	28	1
3CVEA	36	70	46.49	2	46.49	14	19	36	49	1
3CX5A	148	325	212.27	2	212.27	73	90	148	237	1
3D02A	215	268	73.87	2	73.87	24	27	215	240	2
3D3BJ	1	57	54.66	2	54.66	15	40	1	15	1
3D3YA	139	218	87.96	2	87.96	31	46	139	183	1
3DASA	6	268	354.91	3	354.91	98	102	64	165	1
3DFGA	31	112	60.35	3	60.35	15	16	49	63	1
3DFGA	12	157	77.00	3	77.00	18	19	118	135	2
3DMGA	29	284	207.05	2	207.05	66	186	29	97	1
3DMGA	102	352	160.75	2	160.75	49	199	102	175	2
3DMGA	172	209	61.00	2	61.00	17	18	172	188	3
3DSSB	58	298	241.78	5	241.78	37	46	97	133	1
3DU1X	42	244	219.82	8	219.82	23	23	77	99	1
3DU1X	9	41	39.12	2	39.12	12	17	9	22	2
3E0HA	36	142	153.48	3	153.48	33	72	36	68	1
3EJXA	8	96	113.81	2	113.81	39	43	8	50	1
3ENUA	28	108	116.84	2	116.84	34	44	28	63	1
3EU9A	16	210	244.76	6	244.76	30	32	80	109	1
3EUAA	15	138	139.81	2	139.81	43	78	15	59	1
3EUAA	147	303	122.64	3	122.64	30	85	147	176	2
3F4WA	79	199	73.91	2	73.91	24	93	79	104	1
3FJ1A	91	131	54.70	2	54.70	15	24	91	105	1
3FJ1A	169	206	47.51	2	47.51	13	24	169	184	3
3FS8A	11	183	161.23	5	161.23	27	27	99	125	2
3FS8A	184	215	42.42	2	42.42	14	15	184	198	3
3FX7A	32	59	35.13	2	35.13	10	16	32	41	1
3G85A	148	222	64.87	2	64.87	20	52	148	167	2
3GD8A	48	106	78.32	2	78.32	23	34	48	70	1
3GT5A	64	354	375.12	3	375.12	98	135	149	249	1
3H6QA	14	63	87.85	2	87.85	23	25	14	36	1
3H6QA	97	147	79.09	2	79.09	24	25	97	121	2
3H7JA	32	91	51.42	2	51.42	16	41	32	50	1
3HE5A	3	48	58.68	2	58.68	18	26	3	20	1
3HE5B	6	46	44.56	2	44.56	13	26	6	18	1
3HFQA	27	310	284.85	3	284.85	66	145	27	96	1
3HPYA	261	305	40.55	2	40.55	10	33	261	270	1
3HRAA	4	197	196.42	6	196.42	31	31	83	113	1
3HZ2A	8	59	52.14	2	52.14	12	38	8	19	1
3HZBA	14	84	93.84	2	93.84	28	40	14	43	1
3I0ZA	94	335	265.75	3	265.75	85	93	148	239	1
3I4ZB	329	432	127.99	2	127.99	36	67	329	364	5
3IDVA	18	229	378.41	2	378.41	97	113	18	114	1
3II7A	19	275	301.65	6	301.65	45	45	19	63	1
3IXLA	72	110	40.50	2	40.50	12	25	72	86	1
3JR2A	120	171	59.46	2	59.46	18	31	120	137	1
3JR2A	38	212	65.12	2	65.12	19	155	38	56	2
3K1UA	19	165	97.08	2	97.08	28	118	19	50	1
3K1UA	57	255	226.72	2	226.72	70	119	57	133	2
3K2VA	30	148	170.46	2	170.46	52	64	30	84	1
3K62A	86	256	183.18	4	183.18	37	37	155	191	1
3K62A	16	341	177.57	2	177.57	58	253	16	85	2
3K7XA	15	93	58.63	2	58.63	19	102	68	93	1
3K7XA	96	261	146.46	3	146.46	39	40	102	140	2
3KCIA	20	387	547.96	7	547.96	51	51	278	328	1
3KMIA	118	172	73.22	2	73.22	23	29	118	140	1
3KMVA	14	144	210.00	3	210.00	41	45	57	97	1
3KPBA	3	122	203.28	2	203.28	59	59	3	61	1
3KRSA	30	151	187.61	2	187.61	56	65	30	85	1
3KSMA	89	263	202.86	3	202.86	63	66	106	169	1
3KSTA	28	255	269.86	4	269.86	58	58	87	144	1
3KWEA	55	110	72.55	2	72.55	25	29	55	80	2
3KWEA	129	178	51.86	3	51.86	10	37	129	138	4
3L39A	80	177	93.56	2	93.56	27	70	80	106	1
3L6UA	52	233	188.72	3	188.72	48	129	52	99	1
3LFRA	25	135	140.20	2	140.20	43	66	25	72	1
3LFTA	114	163	71.26	2	71.26	22	63	141	163	1
3LFTA	55	94	54.61	2	54.61	18	20	53	72	2
3LFTA	166	207	69.42	2	69.42	20	20	166	185	3
3LRTA	113	140	35.72	2	35.72	11	15	113	126	1
3LUFB	3	211	225.75	2	225.75	78	119	3	89	1
3M66A	55	177	137.23	3	137.23	33	34	109	141	1
3M66A	192	270	96.51	2	96.51	32	42	192	225	2
3M73A	7	247	257.92	4	257.92	63	68	110	177	1
3MALA	13	174	206.24	3	206.24	53	60	51	108	1
3MBRX	32	133	60.89	2	60.89	18	82	32	52	1
3MQHA	12	79	100.88	3	100.88	21	22	35	55	1
3MSWA	25	138	190.12	2	190.12	54	58	25	78	1
3MVSA	6	188	266.77	2	266.77	79	98	6	88	1
3MYXA	69	225	82.11	2	82.11	27	111	64	111	1
3N90A	18	109	105.57	4	105.57	16	18	18	33	1
3NBCA	72	126	73.91	2	73.91	22	32	72	93	3
3NDOA	78	121	53.92	2	53.92	20	22	78	97	1
3NDOA	143	216	75.57	3	75.57	21	22	172	192	2
3NDOA	7	36	41.52	2	41.52	12	16	7	18	3
3NDOA	41	73	35.54	2	35.54	10	21	41	50	4
3NIYA	104	181	66.38	2	66.38	18	57	104	121	1
3NIYA	5	307	257.56	2	257.56	76	218	5	83	2
3NIYA	196	340	66.93	2	66.93	20	122	196	217	3
3NN1A	12	230	318.28	2	318.28	96	117	12	108	1
3NO0A	22	251	277.98	5	277.98	47	47	110	156	1
3NO2A	61	196	152.64	2	152.64	46	86	61	109	1
3NO2A	13	54	68.91	2	68.91	19	20	13	31	2
3NW4A	38	332	372.96	2	372.96	113	173	38	157	1
3O14A	25	211	239.10	2	239.10	76	101	25	108	1
3O1NA	5	205	151.97	2	151.97	48	150	5	54	1
3O4PA	19	271	201.00	3	201.00	43	98	19	62	1
3O53A	36	265	292.07	4	292.07	62	108	36	99	1
3O6CA	69	203	113.94	2	113.94	38	90	69	107	1
3O6CA	11	57	51.70	2	51.70	17	27	11	27	2
3O74A	22	74	83.59	2	83.59	25	25	22	46	1
3OA3A	191	265	69.71	2	69.71	20	53	191	210	2
3OA4A	4	121	144.38	2	144.38	46	68	4	71	1
3OAJA	33	127	67.85	2	67.85	17	76	33	49	1
3OAJA	56	212	83.85	2	83.85	25	147	55	106	3
3ODTB	13	245	226.44	5	226.44	38	39	167	204	1
3ODTB	111	166	53.33	2	53.33	15	39	111	125	2
3OIOA	26	70	69.21	2	69.21	21	22	26	46	1
3OVPA	75	214	165.76	3	165.76	41	43	75	115	1
3P2TA	1	173	280.73	2	280.73	76	94	1	76	1
3P4GA	44	282	288.04	10	288.04	18	18	90	107	1
3P4GA	189	263	54.50	2	54.50	16	56	189	204	2
3P4GA	8	35	46.13	2	46.13	12	16	8	19	3
3PG0A	24	164	303.92	3	303.92	45	45	34	78	1
3PMMA	59	234	103.20	3	103.20	25	66	210	234	1
3PSSA	16	188	200.15	6	200.15	25	33	16	40	1
3PYWA	5	173	237.25	3	237.25	48	119	5	52	1
3QEEA	103	223	63.85	3	63.85	14	19	103	118	1
3QEEA	261	291	43.75	2	43.75	13	15	261	274	3
3QTAA	18	207	183.06	2	183.06	62	120	18	88	1
3QVLA	6	73	91.22	3	91.22	24	26	25	48	1
3QVLA	131	183	75.49	2	75.49	24	26	131	156	2
3QVLA	84	216	71.56	2	71.56	25	104	84	109	3
3QZ4A	7	238	298.09	2	298.09	93	113	33	129	1
3R3RA	33	133	95.76	4	95.76	16	16	100	115	1
3RENA	83	130	51.90	2	51.90	16	29	83	100	1
3RENA	29	346	226.39	4	226.39	53	219	29	82	2
3RGAA	87	277	195.05	3	195.05	42	147	87	128	1
3RGAA	48	209	103.97	2	103.97	30	130	48	77	2
3ROTA	3	156	143.73	2	143.73	50	95	3	58	1
3RXYA	137	204	95.72	2	95.72	30	35	137	167	1
3S8GA	295	564	209.06	4	209.06	51	99	412	464	1
3S8GA	20	68	45.33	2	45.33	12	35	20	31	2
3S8GA	75	292	262.43	3	262.43	73	127	75	165	3
3S8GA	44	350	50.76	2	50.76	12	293	44	55	4
3SCYA	32	326	304.02	3	304.02	80	103	125	221	1
3SOVA	49	199	117.06	5	117.06	25	41	49	73	1
3SOVA	157	216	60.19	2	60.19	17	40	157	177	2
3SOVA	30	88	45.13	2	45.13	13	43	30	42	3
3T6QA	43	580	470.22	10	470.22	47	47	339	385	1
3TA6A	57	110	51.49	2	51.49	14	39	57	70	1
3TA6A	152	211	53.83	2	53.83	17	40	152	168	2
3TBNA	18	85	132.20	2	132.20	32	34	18	49	1
3TDSA	45	191	162.73	4	162.73	34	34	123	156	1
3TDSA	226	256	45.84	2	45.84	14	14	226	239	2
3TOWA	74	110	51.72	2	51.72	14	21	74	87	1
3TT9A	39	121	122.99	2	122.99	39	40	39	78	1
3U1WA	5	89	114.74	2	114.74	34	47	5	39	1
3U1WA	110	175	69.83	2	69.83	22	41	110	131	2
3UL4B	1	60	88.05	2	88.05	27	30	1	27	1
3ULTA	23	118	178.40	4	178.40	27	27	46	72	1
3UTNX	89	182	56.29	2	56.29	15	76	89	103	1
3V30A	29	150	165.70	4	165.70	32	32	79	110	1
3V68A	105	238	80.77	2	80.77	25	105	91	129	1
3V68A	3	181	149.29	2	149.29	45	128	3	47	3
3V6TA	41	481	957.38	13	957.38	32	32	177	208	1
3VGZA	89	203	149.94	2	149.94	51	61	103	155	1
3VGZA	222	263	38.29	2	38.29	16	24	209	229	2
3VL1A	1	119	157.63	2	157.63	51	64	1	55	1
3VNIA	14	147	53.33	2	53.33	18	110	14	32	2
3VTXA	24	179	158.67	5	158.67	23	32	58	80	1
3W07A	60	135	90.40	3	90.40	23	27	85	107	1
3W07A	164	220	80.24	2	80.24	26	29	164	189	2
3W07A	9	59	53.20	2	53.20	17	31	9	25	3
3W25A	30	201	82.31	2	82.31	25	144	30	56	1
3WDCA	5	138	216.68	2	216.68	59	73	5	63	1
3WIWA	138	191	38.95	2	38.95	13	36	138	154	1
3WIWA	214	273	70.60	2	70.60	21	37	214	235	2
3WKGA	13	376	244.26	4	244.26	45	123	13	57	1
3WKGA	238	331	66.52	2	66.52	18	74	238	257	2
3WMVA	9	139	231.70	3	231.70	39	90	9	47	1
3WSGA	36	207	106.73	2	106.73	36	130	36	74	1
3X30A	35	192	190.82	3	190.82	44	112	35	78	1
3ZOJA	13	102	123.71	2	123.71	34	54	13	46	2
3ZOJA	229	260	45.56	2	45.56	13	15	229	243	3
3ZRIA	28	112	125.19	2	125.19	40	42	28	69	1
4ABMA	18	63	36.08	2	36.08	13	30	18	31	1
4ALZA	71	171	110.48	2	110.48	35	63	71	106	2
4ASCA	48	295	272.47	5	272.47	47	47	101	147	1
4ATGA	7	59	62.15	2	62.15	20	30	7	26	2
4AYOA	296	343	43.76	2	43.76	12	34	296	307	3
4AYOA	160	323	45.65	2	45.65	15	145	160	175	4
4BOJA	19	181	159.10	3	159.10	41	41	96	136	1
4BOJA	217	246	49.06	2	49.06	14	14	217	230	4
4BQKA	62	351	378.75	7	378.75	40	41	273	312	1
4BWRA	4	389	465.50	11	465.50	29	35	255	283	1
4C2LA	325	382	92.86	2	92.86	27	28	325	351	1
4C2LA	142	199	86.61	2	86.61	27	28	142	168	2
4C2LA	85	283	122.83	3	122.83	31	41	218	250	3
4C2LA	26	69	58.79	2	58.79	18	23	26	44	5
4CCSA	17	155	104.31	3	104.31	22	63	17	38	1
4CCSA	47	200	122.75	2	122.75	36	115	47	82	2
4CHBA	17	297	468.42	6	468.42	45	46	109	153	1
4CNLA	5	158	330.93	4	330.93	37	37	42	78	1
4CRUB	206	234	36.65	2	36.65	10	16	206	215	2
4CZXA	164	224	54.11	2	54.11	16	43	164	179	1
4CZXA	21	91	83.66	2	83.66	25	43	21	47	2
4D4ZA	73	252	128.71	3	128.71	29	30	193	221	1
4D4ZA	256	291	60.96	2	60.96	17	18	256	272	2
4D4ZA	9	192	156.63	3	156.63	33	149	9	41	3
4D4ZA	109	152	64.76	2	64.76	19	23	109	131	4
4D5BA	21	240	325.03	3	325.03	80	84	73	155	1
4DEYB	25	75	78.12	2	78.12	24	24	25	48	1
4DH2B	7	72	114.43	2	114.43	30	34	7	36	1
4DUIA	10	167	252.32	5	252.32	31	31	58	88	1
4DX5A	173	316	189.17	2	189.17	66	72	181	252	1
4DX5A	382	482	122.16	3	122.16	30	34	382	411	2
4DX5A	14	636	235.43	2	235.43	82	532	14	101	3
4DX5A	905	1028	82.57	2	82.57	25	97	905	929	4
4DX5A	664	691	43.12	2	43.12	12	15	664	678	5
4DX5A	717	880	182.91	2	182.91	56	103	717	775	6
4E3EA	93	289	69.78	3	69.78	14	146	93	106	1
4E3EA	3	239	173.54	2	173.54	52	182	3	60	2
4E9LA	21	374	264.16	6	264.16	36	41	131	166	1
4E9LA	212	331	66.06	2	66.06	18	100	212	229	2
4E9LA	269	403	97.85	2	97.85	29	103	269	298	3
4EV1A	3	145	64.82	2	64.82	21	118	3	27	1
4EVFA	155	197	55.93	2	55.93	16	26	155	170	1
4EVFA	8	141	186.69	2	186.69	60	69	8	69	2
4EXRA	29	88	76.01	2	76.01	26	31	26	56	1
4EXRA	90	174	84.85	3	84.85	20	39	90	109	2
4F8XA	126	328	120.88	2	120.88	35	165	126	164	1
4F8XA	29	287	175.16	2	175.16	56	198	29	95	2
4FD9A	22	81	87.22	2	87.22	26	31	22	48	1
4FIBA	4	121	204.01	2	204.01	54	62	4	57	1
4FMZA	76	335	354.83	12	354.83	20	21	76	95	1
4FQGA	4	154	157.40	3	157.40	42	43	64	106	1
4G3AA	144	200	58.38	2	58.38	17	37	144	160	1
4G6IA	10	186	252.64	2	252.64	77	96	10	89	1
4G78A	110	140	50.30	2	50.30	14	20	110	123	1
4G9MA	20	139	112.51	2	112.51	30	88	20	49	1
4G9QA	50	196	111.82	3	111.82	20	37	50	69	1
4G9QA	71	267	159.59	2	159.59	51	124	71	140	2
4GAKA	54	90	67.70	2	67.70	18	18	54	71	1
4GGCA	60	311	268.13	5	268.13	77	89	102	190	1
4GNRA	21	299	74.32	2	74.32	23	187	14	48	1
4H5GA	45	111	75.79	2	75.79	28	33	45	76	1
4H5GA	171	224	75.70	2	75.70	26	27	171	196	2
4H5IA	72	102	38.55	2	38.55	12	16	72	84	1
4H5IA	47	173	46.93	2	46.93	15	109	47	63	2
4H5IA	107	288	166.87	3	166.87	48	108	107	155	3
4H7WA	11	143	145.25	2	145.25	45	86	11	55	1
4HDJA	35	317	199.98	6	199.98	37	37	35	71	1
4HH5A	102	154	69.31	2	69.31	20	30	102	121	1
4HI8A	50	145	148.38	3	148.38	30	31	50	79	1
4HXTA	4	242	463.52	6	463.52	40	40	66	105	1
4I0XA	14	53	50.56	2	50.56	14	24	14	27	2
4I0XB	42	102	101.12	2	101.12	29	30	42	70	1
4I0XB	11	41	44.35	2	44.35	13	16	11	23	2
4I4OA	21	146	182.94	3	182.94	44	45	42	86	1
4IHZA	52	94	36.51	2	36.51	10	30	52	61	1
4IM6A	36	106	70.27	3	70.27	14	26	65	78	1
4IM6A	26	187	137.28	3	137.28	37	55	79	130	2
4IRFA	23	95	90.48	3	90.48	26	26	43	68	1
4IY0A	89	150	58.58	2	58.58	19	40	89	112	1
4IZXA	42	137	51.05	2	51.05	13	79	42	55	1
4J42A	19	74	66.71	2	66.71	19	35	19	37	1
4J9TA	2	333	427.82	3	427.82	107	109	117	223	1
4JBDA	49	299	322.20	2	322.20	97	145	49	149	1
4JG3A	135	167	55.51	2	55.51	15	15	135	149	1
4JIVD	13	76	97.01	2	97.01	27	34	13	40	1
4JOQA	11	199	113.97	2	113.97	33	150	11	48	1
4K7GB	35	362	229.10	2	229.10	70	254	35	110	1
4KH8A	36	214	56.69	2	56.69	13	83	36	49	1
4KH8A	50	310	343.68	2	343.68	95	163	50	146	2
4KQ9A	192	236	55.89	2	55.89	17	22	192	211	1
4KQ9A	45	88	63.13	2	63.13	19	22	45	66	2
4KQ9A	103	165	68.86	3	68.86	16	16	131	146	3
4KQ9A	1	35	33.84	2	33.84	10	22	1	10	4
4KQCA	61	253	95.23	2	95.23	29	157	61	95	1
4KQPA	56	196	195.38	3	195.38	51	51	92	142	1
4KU0A	17	46	49.66	2	49.66	14	14	17	30	1
4KU0D	20	80	70.87	2	70.87	22	36	20	42	1
4KVFA	30	326	376.44	2	376.44	128	155	20	174	1
4KZKA	1	208	309.64	2	309.64	98	105	1	101	1
4LA9A	78	253	80.60	2	80.60	24	149	78	101	1
4LB0B	16	260	166.49	2	166.49	51	189	16	68	2
4LD1A	20	179	183.07	5	183.07	24	25	67	90	1
4LEUA	141	251	146.70	3	146.70	37	38	176	213	1
4LOXA	5	300	473.31	2	473.31	136	157	5	141	1
4M9PA	28	236	70.25	3	70.25	20	60	28	47	1
4M9PA	45	284	265.78	4	265.78	47	92	45	91	2
4M9PA	5	214	66.16	2	66.16	18	190	5	22	3
4MF9A	22	174	35.62	2	35.62	11	139	22	35	1
4MF9A	66	216	30.15	2	30.15	9	55	66	75	2
4MF9A	77	339	277.21	2	277.21	80	180	77	158	3
4MFGA	31	105	107.38	4	107.38	17	18	52	68	1
4MKMA	39	229	82.34	3	82.34	22	22	49	70	1
4MKMA	1	335	457.26	3	457.26	104	147	28	174	2
4MVAA	67	261	215.67	5	215.67	42	42	147	188	1
4N1IA	8	201	263.17	2	263.17	82	105	8	93	1
4N2XA	6	230	98.25	2	98.25	29	189	6	34	1
4NIRA	69	159	105.82	2	105.82	31	57	69	107	1
4NOVA	56	284	361.66	2	361.66	106	115	56	167	1
4NOVA	2	317	70.74	2	70.74	18	296	2	19	2
4O2WA	39	403	498.96	7	498.96	50	50	169	218	1
4O4VA	20	99	119.31	2	119.31	37	39	20	57	1
4O4VA	108	209	56.56	2	56.56	17	83	108	124	2
4O9KA	2	123	168.39	2	168.39	56	62	2	62	1
4OGGA	16	248	176.86	3	176.86	40	119	16	58	1
4OGGA	1	381	395.93	2	395.93	125	191	1	188	2
4OPWA	150	222	90.01	4	90.01	16	17	189	204	1
4OPWA	68	100	43.79	2	43.79	13	17	68	80	2
4OYBA	45	74	39.24	2	39.24	12	16	45	57	1
4OYBA	79	418	295.27	2	295.27	93	236	79	182	2
4P0ZA	25	130	55.75	3	55.75	16	17	37	52	1
4PVAA	102	160	71.16	2	71.16	21	34	102	125	1
4PVAA	164	257	106.85	2	106.85	32	59	164	195	2
4PVAA	13	321	147.70	2	147.70	43	263	13	55	3
4QAMA	13	364	444.65	7	444.65	50	51	228	277	1
4QKWA	41	108	96.03	2	96.03	32	33	41	72	1
4QMHA	135	168	47.86	2	47.86	15	16	135	149	1
4QMIA	169	218	75.67	2	75.67	23	24	169	191	1
4QQ0A	30	154	188.84	2	188.84	60	62	30	89	1
4QQSA	16	245	313.32	2	313.32	95	122	16	120	1
4R03A	2	50	65.29	2	65.29	20	28	2	29	1
4RK0A	12	205	226.06	2	226.06	73	115	12	89	1
4RK0A	238	274	49.77	2	49.77	16	18	238	253	2
4RK5A	100	158	85.11	2	85.11	26	30	100	127	1
4RK5A	161	205	49.51	2	49.51	16	44	161	188	2
4RKQA	187	240	80.35	2	80.35	25	26	187	211	1
4RKQA	52	134	80.42	2	80.42	24	57	52	78	3
4RUQA	27	187	241.96	4	241.96	42	42	60	101	1
4RWEA	61	236	160.27	2	160.27	51	122	61	111	1
4RXMA	16	147	176.85	3	176.85	45	49	16	60	1
4RXMA	152	260	153.89	2	153.89	51	53	152	204	2
4RXTA	25	290	337.51	3	337.51	94	95	101	194	1
4RY8A	106	319	152.58	2	152.58	49	158	106	162	3
4RY9A	56	234	163.36	3	163.36	51	55	120	173	1
4RZ4A	78	124	66.81	2	66.81	22	22	78	99	1
4S3IA	190	266	88.45	2	88.45	27	48	190	217	1
4S3IA	281	363	125.50	2	125.50	39	42	281	320	2
4TKCA	26	113	135.17	3	135.17	28	29	54	82	1
4TLPA	53	118	69.00	2	69.00	22	41	53	78	1
4TR6A	288	334	52.83	2	52.83	20	22	288	309	1
4TR6A	2	260	372.71	2	372.71	121	129	2	130	2
4TRTA	21	146	164.95	3	164.95	44	45	61	104	1
4TXEA	22	246	200.43	2	200.43	66	152	22	110	1
4TZHA	22	174	186.96	7	186.96	20	20	91	110	1
4UDGA	292	331	48.17	2	48.17	12	26	292	303	1
4UDGA	138	290	97.02	2	97.02	32	107	138	178	2
4UF7A	30	276	229.27	2	229.27	69	169	30	101	1
4UF7A	137	415	62.75	2	62.75	20	253	137	159	4
4UOSA	21	135	94.05	3	94.05	19	20	5	23	1
4UOSA	1	163	170.79	2	170.79	51	90	1	70	2
4USOA	51	89	39.50	2	39.50	12	23	51	63	1
4UUCA	6	222	268.96	7	268.96	30	30	33	62	1
4UUUA	46	148	116.98	2	116.98	36	62	46	83	1
4UYQB	4	71	123.62	2	123.62	32	34	4	35	1
4V1SA	153	334	227.85	3	227.85	58	59	171	228	1
4V1SA	32	70	52.20	2	52.20	15	21	32	47	2
4W4KA	51	95	67.14	2	67.14	20	23	51	70	1
4WJSA	89	482	405.20	8	405.20	38	40	130	167	1
4WT7A	109	262	101.33	2	101.33	34	111	109	148	1
4WT7A	21	319	109.05	2	109.05	37	254	21	62	2
4WU0A	199	332	175.67	2	175.67	59	68	199	261	1
4WUIA	82	177	93.01	3	93.01	28	67	69	96	1
4WUIA	11	66	79.60	2	79.60	25	28	11	37	2
4WUTA	20	85	84.10	2	84.10	27	36	20	47	1
4WUTA	124	224	116.82	3	116.82	33	65	124	156	2
4WWHA	10	339	383.41	2	383.41	132	146	59	203	1
4WZZA	106	142	39.68	2	39.68	12	24	106	117	1
4WZZA	218	291	40.81	2	40.81	10	61	218	228	3
4X7GA	96	145	84.91	2	84.91	24	25	96	119	1
4X7GA	31	163	54.26	2	54.26	14	118	31	44	2
4X7GA	48	251	89.01	3	89.01	22	123	48	86	3
4X9JA	3	88	151.98	3	151.98	27	27	13	39	1
4XA9A	18	246	251.26	5	251.26	44	45	18	61	1
4XGOA	43	305	273.55	5	273.55	44	44	220	263	1
4XGOA	95	217	57.67	2	57.67	16	113	202	219	2
4XOSA	29	123	136.42	2	136.42	45	46	29	74	1
4XSLA	57	139	97.70	2	97.70	34	42	88	129	1
4XSLA	167	211	70.85	2	70.85	20	22	167	188	2
4Y6WA	5	224	452.69	6	452.69	40	40	31	70	1
4Y9TA	128	345	261.06	3	261.06	64	154	128	191	1
4YARA	34	334	293.14	3	293.14	78	82	17	96	1
4YLAA	46	300	327.49	4	327.49	76	79	121	196	1
4YMXA	74	255	202.55	3	202.55	63	85	74	138	1
4YO7A	233	277	47.76	2	47.76	18	22	233	254	1
4YO7A	178	215	43.09	2	43.09	12	23	178	189	4
4YTOA	19	141	97.83	3	97.83	31	80	6	37	1
4YY2A	5	101	194.22	3	194.22	31	31	5	35	1
4YY8B	108	379	375.76	6	375.76	46	46	218	263	1
4YY8B	59	107	57.04	2	57.04	17	31	59	77	2
4YZ0A	61	98	57.14	2	57.14	17	19	61	77	1
4YZ0A	120	153	39.22	2	39.22	11	21	120	131	2
4YZ0A	155	190	43.12	2	43.12	12	23	155	166	3
4Z4JA	34	369	382.20	5	382.20	79	255	20	112	1
4Z79A	42	152	154.88	2	154.88	51	55	42	94	1
4ZA3B	17	221	196.13	4	196.13	39	40	17	56	1
4ZI8A	66	304	317.28	3	317.28	102	107	66	167	1
4ZI9A	90	297	320.13	2	320.13	94	106	90	194	1
4ZP0A	31	151	144.35	3	144.35	37	83	31	67	1
4ZP0A	160	250	134.30	2	134.30	42	46	163	208	2
4ZP0A	272	384	94.02	2	94.02	38	57	257	311	3
4ZQVA	41	169	115.56	3	115.56	27	99	41	67	1
4ZSIA	38	147	101.26	2	101.26	30	78	38	67	1
4ZW9A	116	156	55.91	2	55.91	16	22	116	133	1
4ZW9A	332	467	197.40	2	197.40	61	67	332	398	2
5A10A	25	302	327.84	5	327.84	46	50	25	70	1
5A12A	67	203	95.19	2	95.19	30	104	67	97	1
5A5WA	44	236	220.27	2	220.27	70	120	44	113	1
5A5WA	114	157	42.28	2	42.28	12	29	114	125	2
5A7VA	34	278	274.38	4	274.38	63	66	135	197	1
5A8CA	100	187	94.43	2	94.43	27	59	97	126	1
5A8CA	45	243	97.97	2	97.97	26	171	45	70	2
5AARA	44	161	90.12	3	90.12	21	31	44	64	1
5AGVB	98	189	55.75	2	55.75	22	41	101	126	1
5AGVB	136	297	74.72	2	74.72	25	134	129	161	2
5AGVB	32	231	114.20	2	114.20	35	158	32	68	5
5AGVB	335	369	35.63	2	35.63	10	23	335	344	6
5B19A	172	216	46.58	2	46.58	14	28	172	185	1
5B19A	96	121	35.25	2	35.25	10	14	96	105	4
5C0PA	132	239	120.15	3	120.15	31	54	160	191	1
5C8QB	8	151	194.43	3	194.43	46	96	8	53	1
5CECB	53	219	180.67	5	180.67	32	32	36	67	1
5CIVA	109	177	94.84	3	94.84	22	26	109	130	1
5COFA	22	74	74.30	2	74.30	22	28	22	45	1
5COFA	139	172	38.96	2	38.96	10	21	139	148	3
5CSRA	172	211	53.99	2	53.99	17	21	172	188	1
5CUOA	19	115	126.47	2	126.47	41	49	40	87	1
5CUOA	126	191	73.17	2	73.17	21	43	126	146	3
5CWBA	3	202	254.13	8	254.13	20	23	49	68	1
5CWFA	3	182	333.82	4	333.82	43	43	37	79	1
5CWGA	14	149	78.32	4	78.32	11	23	64	74	1
5CWGA	26	199	193.64	4	193.64	37	48	41	88	2
5CWHA	17	151	213.71	7	213.71	15	18	37	51	1
5CWIA	2	241	304.93	8	304.93	22	28	51	72	1
5CWJA	27	139	130.95	6	130.95	13	14	47	59	1
5CWKA	26	147	126.52	6	126.52	12	17	50	61	1
5CWKA	19	176	120.05	4	120.05	19	41	38	68	2
5CWLA	25	130	122.26	5	122.26	16	21	38	53	1
5CWLA	4	174	96.11	3	96.11	21	148	4	24	4
5CWNA	45	190	158.85	6	158.85	18	25	58	75	1
5CWNA	2	40	52.04	2	52.04	16	21	2	17	7
5CWPA	4	222	261.81	7	261.81	25	27	60	84	1
5D23A	11	95	125.22	4	125.22	16	21	11	26	1
5D66A	36	197	196.16	5	196.16	31	31	79	109	1
5DKVA	45	125	79.11	2	79.11	24	54	45	69	1
5DKVA	77	220	37.24	2	37.24	10	134	77	86	2
5DKVA	158	276	99.99	2	99.99	32	83	158	190	4
5DNLA	26	160	105.05	4	105.05	18	21	26	43	1
5E0UA	195	235	38.11	2	38.11	11	28	195	205	1
5E0ZA	7	133	191.15	2	191.15	57	66	7	64	1
5E10A	3	133	207.75	2	207.75	63	65	3	65	1
5E1NA	10	147	162.94	4	162.94	31	34	20	50	1
5EIDA	43	136	136.35	3	136.35	30	31	74	103	1
5EL9A	9	158	191.17	2	191.17	59	87	9	68	1
5ET1A	7	327	424.90	10	424.90	29	31	67	95	1
5EVCA	60	258	143.30	3	143.30	37	154	60	100	1
5EWTA	45	223	138.95	2	138.95	45	129	45	98	1
5FGPA	7	141	199.65	2	199.65	57	75	7	63	1
5FLWA	33	148	124.43	2	124.43	37	72	33	73	1
5FSBA	2	227	431.95	6	431.95	37	37	88	124	1
5FZPA	14	336	254.38	5	254.38	45	45	134	178	1
5GP7A	34	128	134.55	3	134.55	29	32	34	62	1
5GTQA	123	182	101.49	2	101.49	29	29	123	151	1
5GTQA	196	267	93.36	2	93.36	29	39	196	225	2
5GUAA	1	70	117.32	2	117.32	33	35	1	33	1
5GVAA	2	35	47.58	2	47.58	11	21	2	12	2
5GVAA	120	297	125.29	2	125.29	39	133	120	160	4
5GVAA	41	178	58.62	2	58.62	15	121	41	55	6
5GVYA	6	137	187.91	3	187.91	47	47	41	87	1
5GW9A	45	155	125.22	2	125.22	40	67	45	87	1
5H2GA	126	168	62.38	2	62.38	18	22	126	147	1
5H2GA	214	249	38.19	2	38.19	11	22	214	224	2
5H3JA	15	199	311.38	2	311.38	89	93	15	105	1
5HHEA	56	93	49.73	2	49.73	15	22	56	70	2
5HKOA	102	241	129.84	2	129.84	46	60	102	161	1
5HKOA	269	348	83.88	2	83.88	26	51	269	294	2
5HOKA	6	75	64.90	2	64.90	20	47	6	25	1
5HQJA	23	289	279.03	4	279.03	63	71	93	162	1
5HRAA	25	155	179.36	3	179.36	42	42	70	111	1
5HSGA	41	279	317.78	2	317.78	107	122	41	162	1
5HT2B	31	115	136.22	2	136.22	41	41	31	71	1
5HWEA	81	389	432.04	2	432.04	141	159	81	227	1
5HWEA	46	76	42.03	2	42.03	12	17	46	57	2
5HX0A	18	377	514.35	2	514.35	162	180	18	196	1
5HXKA	110	143	46.59	2	46.59	14	18	110	123	1
5HXKA	74	109	41.93	2	41.93	13	24	74	87	5
5HXKA	232	272	44.79	2	44.79	13	25	232	246	6
5I32A	84	204	139.55	3	139.55	34	34	84	117	1
5I32A	17	63	41.49	2	41.49	13	31	17	33	3
5IBQA	65	137	100.17	2	100.17	33	37	65	97	1
5IBWC	7	40	62.69	2	62.69	16	16	7	22	1
5IGOA	186	267	128.46	2	128.46	39	40	186	225	1
5IGOA	89	152	76.57	2	76.57	21	40	89	109	2
5IGOA	21	332	112.41	2	112.41	34	271	21	59	4
5IX8A	133	222	124.20	2	124.20	38	50	133	171	1
5IX8A	5	106	143.66	2	143.66	47	52	5	55	2
5IXOA	75	572	440.60	18	440.60	17	22	485	501	1
5IXOA	117	197	103.12	2	103.12	31	46	117	148	2
5IXOA	19	55	35.64	2	35.64	12	22	19	30	3
5IZAA	115	332	262.68	5	262.68	40	41	115	154	1
5J0KA	9	72	74.64	3	74.64	18	18	9	26	1
5J3UA	14	261	401.33	2	401.33	121	121	14	134	1
5JJEB	29	85	67.33	2	67.33	22	32	29	52	1
5JLVC	66	112	85.40	2	85.40	22	22	66	87	1
5K79A	18	107	126.21	2	126.21	33	55	18	50	1
5K79A	3	67	52.59	2	52.59	14	49	3	16	2
5KE6A	12	92	138.30	3	138.30	25	27	10	36	1
5KF9A	122	221	96.53	2	96.53	28	68	122	152	1
5KF9A	9	265	120.73	2	120.73	36	210	9	46	2
5KIJA	345	428	67.78	2	67.78	20	62	345	364	1
5KIJA	169	297	189.78	2	189.78	57	62	169	225	3
5KIJA	19	388	68.57	2	68.57	20	347	19	49	4
5KKQA	6	145	224.17	5	224.17	27	27	35	61	1
5KLAA	36	318	297.51	8	297.51	28	34	108	135	1
5KTNA	17	276	375.70	3	375.70	85	85	51	135	1
5LDQA	92	131	64.35	2	64.35	17	21	92	108	3
5LOSA	8	99	127.72	2	127.72	37	51	8	45	1
5LT5A	131	198	77.74	2	77.74	23	43	131	153	3
5LW3A	150	217	97.22	3	97.22	20	22	174	193	1
5LW3A	242	368	129.67	4	129.67	28	28	312	339	2
5LW3A	79	137	90.40	2	90.40	28	28	79	106	3
5M3QA	57	222	209.56	4	209.56	41	43	95	135	1
5M72A	81	134	69.63	2	69.63	21	30	81	101	1
5M72A	3	61	91.13	2	91.13	25	31	3	27	2
5M89A	67	227	212.54	4	212.54	40	40	107	146	1
5M89A	229	306	103.75	2	103.75	34	41	229	269	2
5MFOA	24	188	258.18	8	258.18	16	17	47	62	1
5MUJA	65	317	272.55	4	272.55	57	58	210	267	1
5MWBA	3	119	208.96	3	208.96	36	36	40	75	1
5MXCA	5	293	306.27	6	306.27	47	50	150	196	1
5N3UB	22	126	135.15	2	135.15	44	58	22	78	1
5NOAA	43	107	107.99	3	107.99	22	24	43	65	1
5NOAA	124	249	181.00	2	181.00	55	66	124	188	2
5NOAA	274	330	91.81	2	91.81	27	27	274	300	4
5NRMB	1	66	115.61	2	115.61	30	34	1	30	1
5NUVA	42	242	192.22	5	192.22	33	38	125	157	1
5NUVA	244	306	75.33	2	75.33	20	42	244	263	2
5NXKA	20	258	226.64	3	226.64	59	179	10	78	1
5O6HA	327	364	54.77	2	54.77	17	19	327	344	1
5O6HA	80	202	119.49	2	119.49	34	86	80	118	2
5O6HA	2	54	52.65	2	52.65	15	35	2	16	3
5OI7A	10	49	59.36	2	59.36	19	19	10	28	1
5OJ5A	47	301	274.37	6	274.37	39	40	69	107	1
5ORQA	4	351	835.00	10	835.00	33	33	4	36	1
5OUOA	13	252	307.21	3	307.21	74	80	26	104	1
5TEDA	98	165	95.19	2	95.19	29	37	98	127	2
5U4HA	174	417	176.66	4	176.66	40	67	174	213	1
5U4HA	30	164	190.99	2	190.99	60	71	30	94	2
5U69A	134	194	61.38	2	61.38	16	48	134	149	1
5U69A	19	99	105.64	2	105.64	30	48	19	49	2
5U69A	220	292	76.51	2	76.51	22	47	220	242	3
5UNQA	9	114	153.56	2	153.56	46	58	9	54	1
5UYTA	121	377	60.49	3	60.49	13	24	121	133	1
5UYTA	5	414	209.83	6	209.83	39	51	5	43	2
5UYTA	423	476	77.50	2	77.50	24	27	423	448	3
5UYTA	109	347	70.55	2	70.55	22	214	109	147	5
5UZ8A	4	321	474.64	3	474.64	104	105	66	169	1
5V7MA	78	265	179.81	3	179.81	43	66	154	196	1
5VAAA	9	211	304.11	2	304.11	95	103	9	107	1
5VG3A	72	376	423.28	2	423.28	123	176	72	200	1
5W7ZA	184	382	243.63	2	243.63	82	107	184	270	1
5WJPA	181	243	43.16	2	43.16	12	52	181	192	1
5WJPA	29	102	72.83	2	72.83	21	52	29	49	2
5WQJB	44	290	242.39	2	242.39	78	150	44	150	1
5WTZA	8	394	548.29	2	548.29	172	202	8	189	1
5WUCA	11	136	160.37	3	160.37	40	52	11	50	1
5XAUB	10	66	76.77	2	76.77	25	30	10	34	1
5XEFA	34	66	46.12	2	46.12	14	17	34	47	1
5XGSA	27	412	483.60	7	483.60	55	55	144	198	1
5XISA	15	78	101.00	2	101.00	31	31	15	45	1
5XSFA	50	196	157.50	2	157.50	52	91	50	107	1
5Y30A	76	145	107.66	3	107.66	22	22	100	121	1
5Y9WA	58	178	137.83	5	137.83	21	22	89	109	1
5YL9A	24	84	89.69	2	89.69	29	29	24	52	1
5YXMA	38	157	149.22	3	149.22	41	44	67	110	1
5Z3EA	145	214	71.62	2	71.62	20	44	145	168	1
5Z3EA	112	363	167.56	3	167.56	45	48	236	282	2
5Z3EA	77	386	77.53	2	77.53	22	285	77	102	4
5Z3EA	5	51	49.24	2	49.24	13	35	5	17	5
5ZHBA	31	350	288.59	3	288.59	101	119	79	197	1
5ZT8A	17	252	329.54	2	329.54	106	121	17	131	1
5ZWXA	33	153	167.86	2	167.86	47	71	33	80	1
6AIGA	77	105	43.54	2	43.54	13	14	77	89	1
6AIGA	37	145	115.86	2	115.86	35	71	37	72	2
6AIGA	148	254	123.29	2	123.29	42	61	148	190	3
6AKQA	8	133	144.57	2	144.57	40	83	8	48	1
6B2VA	30	270	309.95	3	309.95	85	148	30	118	1
6B9RA	299	401	143.65	3	143.65	39	39	299	337	1
6B9RA	196	426	70.36	2	70.36	20	209	196	215	2
6B9RA	40	297	121.47	2	121.47	37	218	40	76	3
6B9RA	99	156	82.80	2	82.80	24	31	99	122	5
6BD0A	10	297	422.02	2	422.02	127	156	10	138	1
6BNZA	37	247	307.88	2	307.88	81	127	37	117	1
6BNZA	118	290	147.62	2	147.62	39	132	118	156	2
6BUMA	138	338	125.28	3	125.28	38	127	138	198	1
6BUMA	187	259	105.68	2	105.68	34	36	187	220	2
6BW9A	11	358	373.27	8	373.27	36	40	72	107	1
6BXDA	56	147	143.03	4	143.03	21	22	79	99	1
6BXDA	20	54	49.57	2	49.57	14	161	25	45	2
6CB2A	22	64	58.63	2	58.63	18	25	25	49	1
6CB2A	215	247	35.69	2	35.69	10	24	215	224	3
6CMKA	37	420	214.09	3	214.09	69	314	37	105	1
6CMKA	319	367	82.03	2	82.03	23	25	319	341	2
6CWMA	5	154	120.87	3	120.87	30	36	5	34	1
6CZHA	24	106	95.73	2	95.73	29	49	24	54	1
6D0GA	37	273	344.68	3	344.68	80	81	112	191	1
6D0TA	15	114	129.64	4	129.64	23	23	41	63	1
6DB1A	13	147	167.34	2	167.34	52	80	13	64	1
6DBFA	87	218	125.25	6	125.25	17	20	99	115	1
6DEHA	36	284	257.58	7	257.58	26	34	62	87	1
6DLMA	10	73	76.08	2	76.08	26	33	10	38	1
6DLMB	25	65	53.73	2	53.73	17	22	25	45	2
6DS9A	4	91	120.42	3	120.42	29	29	31	59	1
6DSPA	54	106	49.13	2	49.13	17	136	82	111	1
6E1ZA	1	289	432.65	7	432.65	41	41	77	117	1
6E94A	3	117	158.79	4	158.79	25	26	42	66	1
6EOUA	59	380	305.42	10	305.42	20	32	160	179	1
6EOUA	79	363	106.05	5	106.05	13	66	249	261	3
6EOUA	113	158	42.84	2	42.84	12	31	113	124	4
6EU6A	102	177	96.24	2	96.24	31	38	102	139	1
6EU6A	23	99	84.73	2	84.73	30	39	21	59	2
6EU6A	205	278	104.76	2	104.76	33	38	205	238	3
6EU6A	289	332	48.99	2	48.99	14	29	289	302	4
6FLWA	7	70	70.63	2	70.63	17	46	7	23	1
6FNWA	71	386	369.95	7	369.95	45	45	263	307	1
6FNWA	34	63	40.73	2	40.73	12	22	34	45	2
6FQ3A	145	409	455.20	6	455.20	44	44	192	235	1
6FQ3A	65	142	120.80	2	120.80	36	41	61	100	3
6FWHA	38	180	147.04	2	147.04	45	95	38	84	1
6G4JB	15	107	150.97	3	150.97	29	29	30	58	1
6GAJA	25	110	107.41	3	107.41	26	26	25	50	1
6GDXA	38	125	109.69	2	109.69	34	50	38	72	1
6GRFB	10	147	89.19	2	89.19	24	112	10	33	1
6GRFB	57	231	215.26	2	215.26	61	100	57	118	2
6GT9A	33	164	183.74	2	183.74	61	65	33	97	1
6GXRA	10	369	753.54	7	753.54	50	50	176	225	1
6GXSA	24	376	676.69	7	676.69	47	48	77	123	1
6GY5A	16	290	490.00	6	490.00	45	45	105	149	1
6HJFA	101	365	213.03	2	213.03	70	189	101	173	2
6HNIA	49	286	85.32	2	85.32	26	209	49	75	1
6HNIA	78	256	153.36	3	153.36	56	60	78	137	2
6HTNA	2	144	255.63	3	255.63	47	48	24	70	1
6HX0A	128	161	51.36	2	51.36	14	18	128	145	1
6HX2A	10	138	179.58	2	179.58	58	65	10	70	1
6I18A	57	484	507.13	3	507.13	148	159	51	209	1
6I35B	120	566	97.47	2	97.47	28	65	120	147	1
6I35B	195	906	833.02	2	833.02	265	432	195	475	2
6I6HA	89	119	38.19	2	38.19	10	19	89	98	3
6IE6A	72	153	129.83	2	129.83	37	41	72	111	1
6IGBA	72	337	311.06	5	311.06	51	51	193	243	1
6IJ1A	7	127	113.36	3	113.36	28	33	56	83	1
6IJ1A	152	345	210.12	4	210.12	48	107	152	199	2
6ILUA	17	128	164.99	2	164.99	45	64	17	67	1
6IQEA	18	50	47.26	2	47.26	15	16	18	32	1
6IX1A	4	221	307.66	4	307.66	50	50	94	143	1
6IYXA	1	251	173.86	2	173.86	58	183	1	65	2
6IYYA	181	248	79.57	2	79.57	23	43	181	204	1
6IYYA	285	310	39.40	2	39.40	10	14	285	294	4
6JBUB	63	239	162.44	8	162.44	15	23	108	122	1
6JBUB	19	57	60.69	2	60.69	18	22	17	38	2
6JBUB	242	284	68.53	2	68.53	19	22	242	260	4
6JDZA	280	315	59.89	2	59.89	16	18	280	296	1
6JIRA	44	287	242.77	3	242.77	72	83	44	118	1
6JLEA	18	98	100.72	4	100.72	12	21	18	29	1
6KFNA	145	291	162.32	3	162.32	39	54	196	234	2
6KM7A	151	287	152.58	3	152.58	36	98	151	186	3
6KOSA	1	67	40.27	2	40.27	15	17	42	58	1
6KOSA	17	45	40.39	2	40.39	11	16	17	27	2
6KPLA	12	185	101.96	2	101.96	30	133	12	42	1
6KPLA	106	269	80.08	2	80.08	23	138	106	131	2
6KVHA	27	324	293.65	5	293.65	65	65	193	257	1
6L5HA	23	93	97.25	3	97.25	24	24	29	52	1
6LF2A	41	115	110.85	2	110.85	33	39	41	78	1
6LGVA	229	305	64.14	2	64.14	16	58	229	244	1
6LH6A	17	66	106.56	2	106.56	24	24	17	40	1
6LPMA	157	214	66.84	3	66.84	13	27	157	169	1
6LPMA	42	279	52.81	2	52.81	17	218	42	58	2
6MCJA	5	67	70.81	2	70.81	21	41	5	25	1
6MCJA	77	148	93.76	2	93.76	28	43	77	104	2
6MFAA	11	360	511.39	4	511.39	88	88	11	98	1
6MLXA	52	206	178.38	6	178.38	18	21	52	69	1
6MM8D	11	156	130.32	3	130.32	26	39	11	36	1
6MRSA	4	76	112.47	2	112.47	34	37	4	37	1
6MX1A	16	150	192.47	2	192.47	54	79	16	69	1
6N0KA	49	210	108.26	2	108.26	31	127	49	81	1
6N1BA	34	329	284.29	5	284.29	43	61	229	271	1
6N1BA	168	366	54.62	2	54.62	17	180	168	187	2
6N63A	8	71	98.34	2	98.34	30	31	8	38	1
6N63A	134	180	71.32	2	71.32	21	23	134	154	2
6N63A	74	133	91.62	2	91.62	27	31	74	100	3
6N6RB	3	52	49.23	2	49.23	15	32	3	17	1
6N9HA	14	74	78.41	2	78.41	27	31	14	41	1
6NAUA	9	222	179.10	4	179.10	43	44	9	52	1
6NAUA	243	326	128.83	2	128.83	38	44	243	280	3
6NC9A	19	331	172.64	4	172.64	40	49	96	135	1
6NC9A	208	434	55.25	2	55.25	17	200	208	224	6
6NE2B	7	189	317.19	6	317.19	29	31	38	66	1
6OFTA	34	424	83.20	3	83.20	20	20	399	418	1
6OFTA	102	345	224.98	2	224.98	75	159	102	181	2
6OFTA	193	259	72.18	2	72.18	23	43	193	215	3
6OG4C	35	77	50.69	2	50.69	15	25	35	49	1
6OMXA	50	122	108.97	4	108.97	18	18	67	84	1
6OMZA	17	131	167.35	2	167.35	53	57	17	72	1
6OMZA	148	279	163.29	3	163.29	40	57	148	187	2
6OS6A	229	344	68.24	2	68.24	17	96	229	245	1
6OS6A	28	205	197.52	3	197.52	50	127	28	77	2
6P28A	22	111	92.08	2	92.08	24	64	22	45	1
6P28A	65	171	53.74	2	53.74	27	68	48	82	3
6P3HA	302	331	36.09	2	36.09	10	17	302	311	1
6P3HA	107	137	41.92	2	41.92	12	17	107	118	2
6P3HA	248	278	32.51	2	32.51	10	19	248	257	3
6Q3PB	2	47	92.66	2	92.66	19	28	2	20	1
6Q43A	1	46	82.52	2	82.52	16	28	1	16	1
6Q43B	2	47	82.52	2	82.52	16	28	2	17	1
6Q43C	2	46	77.48	2	77.48	15	28	2	16	1
6QAZA	24	109	116.26	2	116.26	37	45	24	61	1
6QIXA	22	375	426.96	4	426.96	110	165	22	133	1
6QIXA	138	329	64.96	2	64.96	16	173	138	153	2
6QV7A	85	226	71.94	2	71.94	24	104	85	127	1
6QV7A	7	157	101.84	2	101.84	32	104	7	50	2
6QZIA	27	111	96.89	2	96.89	28	56	27	54	1
6R01A	8	93	135.55	3	135.55	27	27	8	34	1
6R77A	100	342	196.33	4	196.33	49	58	220	268	1
6R77A	20	89	50.68	2	50.68	14	53	20	33	2
6RG2B	37	369	656.39	7	656.39	46	46	234	279	1
6RMVA	50	340	329.93	7	329.93	39	40	168	206	1
6RPPA	58	113	31.35	2	31.35	10	43	58	67	1
6RTEB	128	478	433.01	4	433.01	88	89	301	388	1
6RTEB	4	110	135.34	2	135.34	40	64	4	44	2
6RY0A	65	425	182.45	2	182.45	55	294	65	131	1
6S5MA	33	174	55.90	2	55.90	17	122	33	50	1
6S5MA	176	238	61.62	2	61.62	18	43	176	194	2
6S5MA	273	326	77.09	2	77.09	23	28	273	297	3
6SBCA	253	313	75.41	2	75.41	21	37	253	274	1
6SBCA	97	252	212.30	3	212.30	48	106	97	144	2
6SW4A	107	277	188.15	2	188.15	66	101	107	173	2
6SWZAAA	5	207	297.79	4	297.79	50	50	106	155	1
6TBNB	5	334	380.23	7	380.23	43	43	70	112	1
6TV2A	80	110	43.55	2	43.55	13	16	80	92	1
6TV2A	29	209	207.67	3	207.67	45	103	29	77	2
6TV2A	291	372	118.26	2	118.26	36	41	291	331	3
6UAQA	119	165	60.63	2	60.63	16	30	119	134	1
6UAQA	192	244	51.37	2	51.37	15	48	192	210	2
6UAQA	30	71	63.50	2	63.50	18	21	30	47	3
6UOFA	40	119	75.20	2	75.20	21	57	40	60	1
6UZTA	232	533	92.39	4	92.39	20	21	246	265	1
6UZTA	79	414	137.41	4	137.41	21	23	79	99	2
6UZTA	127	492	155.33	4	155.33	23	52	127	149	3
6UZTA	12	370	214.92	2	214.92	66	287	12	78	4
6UZTA	153	465	69.50	2	69.50	20	287	153	172	5
6V4GA	2	98	119.78	2	119.78	32	63	2	33	1
6VVNA	7	121	175.36	2	175.36	54	58	7	61	1
6VVRA	4	119	181.19	2	181.19	56	57	4	60	1
6W4LA	42	170	79.00	2	79.00	24	100	42	68	1
6W5BA	21	156	149.86	4	149.86	23	25	21	43	1
6W5BA	2	103	59.47	2	59.47	16	85	2	17	2
6W70A	8	122	165.50	2	165.50	49	64	8	56	1
6WFIA	5	127	148.02	2	148.02	45	74	5	50	1
6WI5A	2	90	132.26	2	132.26	42	44	2	43	1
6X6XA	46	85	53.14	2	53.14	18	19	46	64	1
6X6XA	110	148	47.05	2	47.05	14	23	110	123	2
6X6XA	15	246	97.67	2	97.67	28	203	15	42	3
6X6XA	161	401	105.05	2	105.05	35	203	161	197	4
6X6XA	86	311	84.75	2	84.75	24	199	86	109	5
6X7HA	3	101	162.96	2	162.96	48	48	3	50	1
6X7NA	159	214	74.04	2	74.04	21	34	159	181	1
6X7NA	21	129	97.40	2	97.40	35	165	62	104	2
6XG7A	32	307	346.77	6	346.77	38	45	67	104	1
6XI1AAA	47	376	97.90	4	97.90	12	40	73	84	1
6XI1AAA	73	444	148.21	6	148.21	12	40	73	84	2
6XI1AAA	22	432	572.22	4	572.22	81	105	66	170	3
6XI3AAA	30	369	163.71	6	163.71	16	46	63	78	1
6XI3AAA	80	407	240.17	5	240.17	33	34	186	218	2
6XI3AAA	46	159	70.01	2	70.01	17	95	46	62	3
6XI3AAA	176	379	68.48	3	68.48	10	95	176	185	4
6XZLA	8	369	453.37	7	453.37	41	50	136	176	1
6YIIA	20	412	418.51	2	418.51	138	235	20	174	1
6YJHA	33	190	204.65	3	204.65	53	102	33	86	1
6Z30A	10	291	435.21	2	435.21	128	140	10	146	1
6Z6CAAA	7	288	384.03	6	384.03	50	51	83	132	1
6ZPJA	13	106	126.86	2	126.86	41	50	13	54	1
6ZPMA	5	51	64.87	2	64.87	19	25	5	23	1
6ZRXAAA	324	357	51.14	2	51.14	16	16	324	339	1
6ZRXAAA	159	190	37.21	2	37.21	14	16	159	173	2
6ZRXAAA	126	226	84.15	2	84.15	28	66	126	158	3
6ZRXAAA	258	321	82.52	2	82.52	24	38	258	281	4
6ZRXAAA	12	108	70.60	2	70.60	22	72	12	35	5
6ZS0AAA	19	247	236.55	3	236.55	63	67	56	118	1
6ZS0AAA	266	368	115.83	2	115.83	33	67	266	298	2
6ZT4A	27	128	132.02	5	132.02	17	18	27	43	1
6ZT4A	139	174	35.21	2	35.21	11	28	139	149	3
7AF2AAA	63	271	224.54	2	224.54	68	136	63	134	1
7AFWA	38	158	155.21	3	155.21	38	39	81	119	1
7B1WA	24	120	107.86	2	107.86	32	64	24	55	1
7BIFA	2	288	668.29	7	668.29	39	39	30	68	1
7C38A	50	281	220.73	5	220.73	37	51	86	122	1
7C38A	12	325	99.23	2	99.23	32	277	12	49	2
7CBCA	152	265	73.73	3	73.73	15	17	152	166	1
7CBCA	3	233	120.60	5	120.60	17	17	201	217	2
7CBCA	41	149	45.25	2	45.25	13	94	41	55	3
7CBCA	89	200	43.77	2	43.77	13	96	89	101	4
7CBCA	56	86	39.40	2	39.40	13	15	56	68	6
7CFHA	6	158	143.13	2	143.13	50	91	6	64	1
7CIZD	6	73	72.09	2	72.09	23	42	6	30	1
7CJSA	31	209	205.64	2	205.64	63	109	31	99	1
7CJSA	8	141	60.66	2	60.66	18	114	8	25	2
7CMNB	25	281	245.40	2	245.40	83	165	25	115	1
7CNEA	160	219	89.43	2	89.43	28	30	160	188	1
7CNEA	67	278	121.78	2	121.78	36	173	67	108	2
7COHA	120	432	76.32	3	76.32	15	17	120	134	1
7COHA	49	347	301.89	4	301.89	68	170	49	117	2
7CSLC	4	86	111.17	2	111.17	37	43	4	42	1
7CSZA	18	179	231.35	2	231.35	66	93	18	84	1
7CZ9A	3	1028	1153.75	2	1153.75	402	519	3	501	1
7D2SA	73	204	146.97	6	146.97	17	21	73	89	1
7DC4A	3	129	255.54	2	255.54	60	65	3	62	1
7DGUA	19	97	94.25	4	94.25	19	21	56	74	1
7DGWA	41	82	66.84	2	66.84	20	24	41	60	1
7DKLA	25	174	139.37	4	139.37	26	27	48	73	1
7DU7A	7	90	167.97	2	167.97	41	41	7	47	1
7E0MA	206	273	103.93	2	103.93	32	33	206	237	2
7E0MA	55	111	82.00	2	82.00	27	29	55	81	3
7E0MA	118	390	233.81	2	233.81	74	193	118	200	4
7E0VA	163	212	55.15	2	55.15	16	33	163	178	2
7E3WA	71	164	103.94	3	103.94	28	29	117	144	1
7E3WA	198	244	36.52	2	36.52	12	33	198	209	2
7ED6A	74	218	148.25	3	148.25	49	62	99	151	1
7ESKA	106	245	127.83	3	127.83	29	54	160	189	1
7EVFAA	16	370	426.70	9	426.70	37	39	225	261	1
7JRWA	81	459	412.56	3	412.56	114	117	81	197	1
7JRWA	42	509	81.80	2	81.80	22	442	42	64	2
7KLJA	27	323	117.32	4	117.32	20	39	27	46	1
7KLJA	140	295	136.08	3	136.08	29	40	224	252	2
7KLJA	91	210	42.02	2	42.02	11	106	91	101	4
7KMUA	3	126	153.91	3	153.91	39	43	43	85	1
7KQAA	21	338	346.00	3	346.00	108	135	44	178	1
7KQQA	20	304	358.58	4	358.58	81	82	98	178	1
7L4VA	7	67	86.98	2	86.98	28	30	7	34	1
7MCCA	2	184	372.51	4	372.51	44	44	43	86	1
7MHUA	57	244	79.15	2	79.15	23	158	50	79	1
7MHUA	84	278	117.92	3	117.92	33	115	144	183	2
7MS0A	63	125	89.29	2	89.29	26	34	63	96	2
7MW7A	11	51	57.96	2	57.96	18	20	11	29	1
7N38A	11	150	91.16	4	91.16	11	37	11	21	1
7N38A	26	137	105.39	3	105.39	22	89	26	47	2
7N5IA	41	230	227.42	3	227.42	62	64	103	164	1
7NBVA	78	132	76.77	2	76.77	22	29	78	100	1
7NE2A	150	235	37.02	2	37.02	11	73	150	160	1
7NE2A	78	301	145.84	2	145.84	51	161	78	139	2
7NS9A	99	145	52.09	2	52.09	17	17	129	145	1
7NYQA	95	256	201.79	4	201.79	45	45	183	227	1
7NYQA	31	92	53.77	2	53.77	15	46	31	45	2
7O23A	2	303	471.46	7	471.46	40	40	2	41	1
7O4CA	7	111	137.05	2	137.05	44	55	7	54	1
7O4PA	97	137	54.64	2	54.64	17	21	97	115	1
7O4PA	5	73	61.03	2	61.03	18	46	5	24	2
7O7GA	176	661	231.98	6	231.98	35	40	523	557	1
7O7GA	250	313	55.73	2	55.73	15	46	250	265	2
7O7GA	45	413	180.79	2	180.79	57	351	31	116	4
7O7GA	206	515	103.69	3	103.69	20	304	206	225	5
7O7GA	429	489	74.62	2	74.62	22	38	429	452	7
7O91A	1	132	192.97	2	192.97	58	70	1	59	1
7OCMA	5	168	384.93	2	384.93	81	81	5	85	1
7OFEA	4	286	418.61	6	418.61	44	44	121	164	1
7OUUA	12	156	110.38	4	110.38	21	23	33	53	1
7OUUA	79	204	119.84	3	119.84	24	101	79	102	2
7OZTBBB	15	149	143.93	4	143.93	31	31	57	87	1
7P1QA	47	239	259.58	4	259.58	56	56	125	180	1
7PL5AAA	2	181	255.46	9	255.46	20	20	42	61	1
7PLDA	92	273	196.47	3	196.47	65	81	118	194	1
7PLDA	20	84	89.72	2	89.72	24	38	20	45	2
7PN0A	15	266	251.66	2	251.66	82	160	8	100	1
7PN0A	131	159	44.94	2	44.94	12	15	131	142	3
7QEHA	21	135	182.96	2	182.96	54	58	21	75	1
7QFGA	14	137	183.90	2	183.90	57	63	14	73	1
7QRVA	17	277	350.94	6	350.94	39	45	17	55	1
7QSJA	107	235	115.30	2	115.30	36	83	107	152	2
7QSJA	246	353	77.26	2	77.26	20	85	246	265	3
7QXVA	141	233	111.86	3	111.86	28	30	174	202	2
7QZQA	38	293	281.33	5	281.33	51	54	125	178	1
7RIZA	13	278	306.83	5	306.83	60	60	13	72	1
7RM7A	11	111	67.68	2	67.68	20	80	11	30	1
7RMNA	147	217	78.37	2	78.37	27	41	147	173	2
7RPNA	200	242	58.48	2	58.48	19	21	200	220	1
7RPNA	104	152	55.72	2	55.72	20	23	104	126	2
7RUOA	68	315	278.02	6	278.02	40	40	211	250	1
7S3WA	45	145	92.78	4	92.78	15	15	45	59	1
7S3WA	12	44	44.26	2	44.26	13	17	12	27	2
7T1SA	9	51	62.61	2	62.61	20	20	12	31	1
7T1SA	146	189	75.28	2	75.28	20	21	146	165	2
7T1SA	90	253	127.34	2	127.34	40	119	90	133	3
7T26A	14	124	134.69	2	134.69	41	68	14	57	1
7T7AA	34	451	337.20	14	337.20	21	21	320	340	1
7T7AA	240	480	72.16	2	72.16	24	211	240	276	2
7T7AA	9	238	67.79	2	67.79	21	206	9	31	3
7TG5A	82	124	46.32	2	46.32	13	27	82	104	1
7TG5A	16	180	165.34	2	165.34	50	110	16	69	2
7TH4A	39	175	166.38	2	166.38	55	75	39	101	1
7TH4A	218	288	99.36	2	99.36	32	35	218	250	2
7UCCF	8	43	40.35	2	40.35	13	21	8	20	1
7UDHA	17	439	191.53	5	191.53	32	51	229	260	1
7UDHA	126	229	133.66	2	133.66	40	59	126	168	2
7UDHA	54	347	67.75	2	67.75	17	335	53	71	3
7UJ5A	202	256	89.92	2	89.92	26	26	202	227	1
7UJ5A	61	103	58.30	2	58.30	19	21	61	81	2
7UJ5A	144	183	58.82	2	58.82	18	21	144	164	3
7V4ZA	10	144	105.23	2	105.23	36	46	10	54	1
7VO6A	49	210	233.14	5	233.14	30	30	49	78	1
7W07A	46	272	267.20	3	267.20	79	146	41	125	1
7W62A	95	129	29.09	2	29.09	9	25	95	104	1
7WZ5A	6	124	138.09	2	138.09	42	74	6	47	1
7X0HA	30	226	207.12	2	207.12	70	123	30	101	1
7X7HA	188	239	75.35	2	75.35	24	25	188	211	1
7XCDA	18	175	256.42	2	256.42	74	81	18	92	1
7XFPA	16	85	118.33	2	118.33	33	33	20	52	1
7XFRA	71	192	149.28	3	149.28	41	43	113	155	1
7XFRA	195	278	105.18	2	105.18	34	46	195	229	2
7XFRA	14	308	86.28	2	86.28	27	264	14	44	3
7Y7NA	14	130	155.25	2	155.25	47	67	14	62	1
7YA7A	70	167	142.06	5	142.06	18	18	70	87	1
7YA7A	8	68	73.12	2	73.12	20	39	8	27	3
7YEYA	4	155	217.34	2	217.34	68	78	4	75	1
7YWGA	76	139	59.08	2	59.08	15	21	101	119	1
7YXVA	6	84	80.07	2	80.07	27	49	6	32	1
7ZEIA	85	305	306.71	3	306.71	71	75	131	202	1
7ZEIA	40	73	58.35	2	58.35	16	16	40	55	2
7ZHDA	11	122	133.85	2	133.85	40	70	11	54	1
7ZNXA	31	139	130.68	3	130.68	37	44	37	78	1
7ZOIA	16	137	215.33	3	215.33	38	40	58	95	1
7ZVUB	57	247	167.96	2	167.96	52	132	57	113	1
7ZVUB	4	346	70.92	2	70.92	18	322	4	33	2
7ZVUB	167	274	66.32	2	66.32	19	86	167	186	3
8ABPA	202	248	65.29	2	65.29	20	25	202	221	1
8ABPA	79	168	113.97	2	113.97	37	50	79	117	2
8AD9A	12	118	112.71	2	112.71	34	71	12	45	1
8AH9A	18	90	92.23	3	92.23	23	27	18	42	1
8AJYB	31	94	90.78	2	90.78	25	37	31	55	1
8B97A	22	147	196.60	3	196.60	43	47	22	64	1
8BN0A	3	360	511.45	3	511.45	132	137	86	220	1
8BNYA	94	150	85.05	2	85.05	25	29	94	118	1
8BNYA	14	62	64.17	2	64.17	21	25	14	38	2
8C3WA	2	211	343.15	6	343.15	31	33	15	45	1
8D19A	92	402	217.66	3	217.66	46	48	296	341	1
8D1UA	2	203	79.31	2	79.31	23	176	2	24	1
8E62A	19	167	216.68	3	216.68	50	98	19	68	1
8EBLA	17	325	373.44	6	373.44	49	50	184	232	1
8EOVA	1	139	236.07	4	236.07	32	32	34	65	1
8EWXA	10	298	347.87	7	347.87	41	41	68	108	1
8FCFC	44	83	65.44	2	65.44	19	19	44	62	1
8FJFA	4	129	229.40	3	229.40	40	84	4	43	1
8FNRA	30	105	98.72	3	98.72	23	23	30	52	1
8FNSA	4	91	139.20	4	139.20	19	22	24	42	1
8FREA	2	206	412.80	5	412.80	41	41	41	81	1
8G4KA	19	86	72.64	2	72.64	24	40	19	43	1
8GADA	7	87	65.96	3	65.96	19	20	7	25	1
8GALA	4	131	196.57	2	196.57	59	66	4	64	1
8GPMA	85	119	60.54	2	60.54	17	17	85	101	1
8GPMA	12	46	58.45	2	58.45	17	17	12	28	2
8GQEA	218	330	121.91	4	121.91	24	25	259	282	1
8GQEA	25	214	100.24	2	100.24	30	153	25	54	2
8GQEA	90	161	76.61	2	76.61	24	231	101	134	3
8GYRB	4	182	299.29	2	299.29	88	88	4	91	1
8H0RA	8	57	37.47	2	37.47	10	38	8	17	1
8H1KA	87	243	143.92	3	143.92	30	65	146	176	1
8H1KA	30	350	167.32	3	167.32	41	278	30	70	2
8JEAA	27	141	160.20	2	160.20	44	69	27	71	1
8K4IA	85	135	65.23	2	65.23	23	25	85	109	1
8K4IA	10	57	56.76	2	56.76	19	26	10	33	2
8OV5M	1	312	536.93	2	536.93	148	161	1	150	1
8OYSA	27	164	163.24	6	163.24	22	22	71	92	1
8PAKA	6	303	297.15	6	297.15	45	46	208	252	1
8PEFA	9	107	162.39	3	162.39	32	32	43	74	1
8PKRA	8	127	217.36	3	217.36	40	40	8	47	1
8PTDA	120	221	150.98	2	150.98	48	51	118	167	1
8PTDA	224	307	97.31	2	97.31	30	51	224	255	2
8QJ4A	462	538	108.51	2	108.51	34	38	462	497	1
8QJ4A	168	373	269.37	3	269.37	69	82	159	238	2
8QJ4A	56	159	87.04	2	87.04	23	79	56	78	3
8QKDA	6	257	444.03	4	444.03	61	61	13	73	1
8QPSA	16	68	66.45	2	66.45	20	30	16	35	1
8QPSA	118	229	90.24	3	90.24	23	51	153	175	2
8QX5A	35	163	179.95	2	179.95	57	68	35	92	1
8R5NA	7	152	237.66	2	237.66	65	78	7	75	1
8R8AA	15	93	131.34	2	131.34	36	38	15	52	1
8RJAF	12	84	99.62	2	99.62	28	42	12	43	1
8SBHA	57	103	62.87	2	62.87	17	27	57	73	1
8SBHA	10	51	45.72	2	45.72	15	24	10	25	2
8SJJC	13	55	64.65	2	64.65	20	20	13	32	1
8SJJC	57	88	40.36	2	40.36	11	19	57	67	3
8SUCA	4	238	192.40	3	192.40	51	181	4	54	1
8TLPA	25	220	154.73	5	154.73	20	24	83	102	1
8TLPA	45	250	145.34	3	145.34	30	56	162	191	2
8TNDA	15	146	189.17	2	189.17	59	71	15	73	1
8UB5A	22	325	354.47	2	354.47	108	183	22	145	1
8UB5A	174	378	113.75	2	113.75	33	169	174	206	2
8UMZA	10	100	94.98	2	94.98	32	56	10	62	1
8W1DA	14	171	230.22	2	230.22	73	81	14	89	1
8WHNA	69	110	46.22	2	46.22	14	29	69	82	1
8WLBA	178	282	134.10	3	134.10	31	37	213	244	1
8WPRA	27	331	222.45	2	222.45	71	230	27	100	1
8X39A	7	133	143.11	4	143.11	30	31	7	36	1
8XYVA	51	83	41.00	2	41.00	14	17	51	64	1
8XYVA	16	44	33.85	2	33.85	10	17	16	25	2
8YE0A	28	70	31.92	2	31.92	10	30	28	37	2
8YE0A	88	174	90.56	3	90.56	27	30	100	127	3
9BORA	1	305	329.69	4	329.69	69	96	88	156	1
9BT4G	28	74	77.69	2	77.69	17	29	28	44	1
9F96A	242	293	71.70	2	71.70	23	26	242	267	1
9F96A	30	196	172.16	3	172.16	51	83	52	112	2
9HAGA	62	108	73.31	2	73.31	22	23	62	84	1
9JYWA	94	125	52.99	2	52.99	14	15	94	107	1
9JYWA	50	88	63.96	2	63.96	17	20	50	66	3
