seqID	type	repeat_length	start	end	score_unit	score_sum
4P67A	1	14	3	16	23.453087	60.786687
4P67A	1	14	17	30	37.3336	60.786687
4PASB	1	14	1	14	23.738218	84.242557
4PASB	1	14	15	28	32.62664	84.242557
4PASB	1	14	29	40	27.877699	84.242557
7A48B	1	14	2	15	44.7528	91.313816
7A48B	1	14	16	29	46.561016	91.313816
2OQQA	1	14	6	19	48.220062	95.411636
2OQQA	1	14	20	33	47.191574	95.411636
8I33A	1	6	6	11	19.537346	39.263439
8I33A	1	6	12	17	19.726093	39.263439
5IBWC	1	17	3	19	55.173534	114.01794
5IBWC	1	17	20	37	58.844406	114.01794
7YFUA	1	14	8	21	35.97477	71.905808
7YFUA	1	14	22	35	35.931038	71.905808
1USEA	1	15	8	22	48.708378	97.80064
1USEA	1	15	23	37	49.092262	97.80064
1MZ9A	1	7	19	25	24.129795	43.158539
1MZ9A	1	7	27	32	19.028744	43.158539
3SWYA	1	14	2	15	32.45027	88.629999
3SWYA	1	14	16	29	22.907356	88.629999
3SWYA	1	14	30	43	33.272373	88.629999
8F3AA	1	7	1	7	19.535303	56.841187
8F3AA	1	7	8	14	18.202559	56.841187
8F3AA	1	7	15	21	19.103325	56.841187
4U1EB	1	17	10	26	25.565327	58.42664
4U1EB	1	17	27	36	32.861313	58.42664
5EP6A	1	13	7	19	38.219967	118.691587
5EP6A	1	13	20	33	36.504814	118.691587
5EP6A	1	13	34	42	23.940075	118.691587
3BJ4A	1	12	18	29	37.689503	75.254223
3BJ4A	1	12	32	43	37.56472	75.254223
3HE5A	1	21	3	23	51.41872	96.9997
3HE5A	1	21	24	44	45.58098	96.9997
2XUSA	1	12	4	16	15.078512	71.346831
2XUSA	1	12	18	29	29.488686	71.346831
2XUSA	1	12	30	41	26.779633	71.346831
5AL6A	1	14	11	24	29.416296	68.645643
5AL6A	1	14	25	38	39.229347	68.645643
5D5YA	1	14	2	15	34.992977	77.242115
5D5YA	1	14	16	29	42.249138	77.242115
6CKOC	1	14	7	19	33.87276	77.329833
6CKOC	1	14	20	33	43.457073	77.329833
2A26A	2	7	7	13	20.463861	39.274093
2A26A	2	7	14	20	18.810232	39.274093
3M91A	1	19	6	23	52.79163	90.382473
3M91A	1	19	24	42	37.590843	90.382473
7EK6A	1	14	24	37	50.5	103
7EK6A	1	14	38	51	52.5	103
3HE5B	1	14	6	19	27.34352	79.835378
3HE5B	1	14	20	33	22.893866	79.835378
3HE5B	1	14	34	47	29.597992	79.835378
1Y66A	1	15	1	15	35.176388	99.213871
1Y66A	1	15	16	30	33.529716	99.213871
1Y66A	1	15	31	48	30.507767	99.213871
1JCDA	1	14	1	14	45.70327	92.95799
1JCDA	1	14	15	28	47.25472	92.95799
1YBKA	1	13	3	17	18.26061	67.636922
1YBKA	1	13	18	28	19.945442	67.636922
1YBKA	1	13	40	48	29.43087	67.636922
2RKLA	1	16	2	17	58	115.5
2RKLA	1	16	38	53	57.5	115.5
6O40A	1	10	2	11	14.810452	45.622683
6O40A	1	10	12	21	21.105476	45.622683
6O40A	1	10	22	32	9.706755	45.622683
2FDNA	1	21	1	21	90.87013	152.880475
2FDNA	1	21	22	50	62.010345	152.880475
7D2GA	1	21	5	25	48.74878	101.934212
7D2GA	1	21	26	45	53.185432	101.934212
4WY4B	1	14	31	44	29.942265	50.447491
4WY4B	1	14	45	56	20.505226	50.447491
3B5NA	1	9	19	27	26.7576	45.3916026
3B5NA	1	9	28	37	11.906578	45.3916026
3B5NA	1	9	38	46	6.7274246	45.3916026
2QFAB	1	17	9	25	46.629482	89.894392
2QFAB	1	17	31	47	43.26491	89.894392
1URQA	1	10	11	20	12.134604	39.220529
1URQA	1	10	21	30	13.319013	39.220529
1URQA	1	10	31	40	13.766912	39.220529
2W6AB	1	7	41	47	15.804588	33.278668
2W6AB	1	7	48	54	17.47408	33.278668
2VN6B	1	21	6	24	75	151.5
2VN6B	1	21	37	57	76.5	151.5
4WY4A	1	18	1	18	27.103598	63.530218
4WY4A	1	18	19	38	36.42662	63.530218
5T01A	1	13	5	17	20.185713	76.84791
5T01A	1	13	18	30	28.46005	76.84791
5T01A	1	13	31	44	12.419619	76.84791
5T01A	1	13	45	58	15.782528	76.84791
1SVFA	1	14	1	13	11.745592	51.090963
1SVFA	1	14	28	41	24.337679	51.090963
1SVFA	1	14	42	56	15.007692	51.090963
8UPBA	1	15	15	30	28.243607	99.16882
8UPBA	1	15	31	44	36.677208	99.16882
8UPBA	1	15	45	59	34.248005	99.16882
1GL2B	1	14	2	15	23.143557	58.376797
1GL2B	1	14	30	43	17.6281	58.376797
1GL2B	1	14	44	57	17.60514	58.376797
1GL2D	1	18	1	18	50.0992	105.373
1GL2D	1	18	29	46	55.2738	105.373
4WY4D	1	14	7	20	27.487295	77.260137
4WY4D	1	14	35	48	24.75287	77.260137
4WY4D	1	14	49	62	25.019972	77.260137
1NKDA	1	14	27	40	34.46797	64.972431
1NKDA	1	14	41	54	30.504461	64.972431
3UL4B	1	27	1	32	71.47504	146.57344
3UL4B	1	27	33	60	75.0984	146.57344
5ABSA	1	14	10	23	22.286009	41.696737
5ABSA	1	14	24	38	19.410728	41.696737
5NRMB	1	30	1	30	120.5	238.5
5NRMB	1	30	37	66	118	238.5
1SJ1A	1	13	21	33	42.035686	73.526521
1SJ1A	1	13	34	43	31.490835	73.526521
1N7SD	1	27	3	29	73.91186	133.748972
1N7SD	1	27	30	56	59.837112	133.748972
7UCCF	1	14	33	46	35.876865	72.375148
7UCCF	1	14	47	60	36.498283	72.375148
1N7SB	1	14	21	34	16.585354	35.853394
1N7SB	1	14	35	48	19.26804	35.853394
4A4JA	1	19	7	25	24.642792	86.334181
4A4JA	1	19	26	44	14.047779	86.334181
4A4JA	1	19	45	63	47.64361	86.334181
3B5NB	1	17	18	34	30.59013	47.705086
3B5NB	1	17	35	52	17.114956	47.705086
7XFRB	1	7	23	29	17.352905	34.210411
7XFRB	1	7	30	36	16.857506	34.210411
5MVWA	1	30	7	39	55.6344	140.95994
5MVWA	1	30	40	69	85.32554	140.95994
6N6RB	1	28	4	31	39.93123	98.659334
6N6RB	1	28	32	59	58.728104	98.659334
3D2QA	1	20	5	24	70.68402	122.77745
3D2QA	1	20	41	58	52.09343	122.77745
5GUAA	1	33	1	33	111.83927	225.27593
5GUAA	1	33	38	70	113.43666	225.27593
6A71A	1	12	7	20	14.049557	40.195103
6A71A	1	12	21	30	26.145546	40.195103
6LH6A	1	26	9	34	101.94069	210.67432
6LH6A	1	26	35	60	108.73363	210.67432
3PP5A	1	14	17	30	24.418352	64.678644
3PP5A	1	14	31	44	26.67786	64.678644
3PP5A	1	14	45	57	13.582432	64.678644
2Q6QA	1	17	12	28	25.065565	100.278658
2Q6QA	1	17	29	45	41.22459	100.278658
2Q6QA	1	17	46	63	33.988503	100.278658
4UYQB	1	30	2	31	111.01257	217.20988
4UYQB	1	30	32	67	106.19731	217.20988
6YIPA	1	15	20	34	21.903376	47.57942
6YIPA	1	15	57	71	25.676044	47.57942
8SJJA	1	22	5	26	43.198494	74.959049
8SJJA	1	22	27	48	31.760555	74.959049
6DLMA	2	14	47	60	30.97268	73.975736
6DLMA	2	14	61	74	43.003056	73.975736
6DLMB	1	14	7	20	23.831009	94.807766
6DLMB	1	14	21	34	23.943819	94.807766
6DLMB	1	14	35	48	25.093273	94.807766
6DLMB	1	14	49	62	21.939665	94.807766
6MRSA	1	34	4	37	114	230
6MRSA	1	34	43	76	116	230
6OG4C	1	15	20	32	36.38807	70.073693
6OG4C	1	15	33	47	33.685623	70.073693
6VZ0A	1	8	20	27	31.376736	61.196703
6VZ0A	1	8	46	53	29.819967	61.196703
3EFGA	1	7	10	16	16.724056	32.592154
3EFGA	1	7	17	23	15.868098	32.592154
6F5XA	1	31	15	44	67.46499	143.246324
6F5XA	1	31	45	76	75.781334	143.246324
1H98A	1	23	6	28	86.55858	140.39886
1H98A	1	23	29	57	53.84028	140.39886
7L4VA	1	14	29	42	24.26725	75.640831
7L4VA	1	14	43	56	29.864994	75.640831
7L4VA	1	14	57	70	21.508587	75.640831
6HK9A	1	18	21	38	23.278172	109.295496
6HK9A	1	18	39	56	43.30116	109.295496
6HK9A	1	18	57	74	42.716164	109.295496
1N7SC	1	14	3	16	23.598661	82.422876
1N7SC	1	14	17	30	32.94183	82.422876
1N7SC	1	14	31	44	25.882385	82.422876
6N9HA	1	14	9	22	30.30371	85.804743
6N9HA	1	14	23	36	41.373325	85.804743
6N9HA	1	14	37	48	14.127708	85.804743
6N9HA	2	7	49	55	15.727784	45.257655
6N9HA	2	7	56	62	15.519144	45.257655
6N9HA	2	7	63	69	14.010727	45.257655
1BDOA	1	24	20	43	82.5	154.5
1BDOA	1	24	56	80	72	154.5
5J0KA	1	14	9	22	28.796877	134.890275
5J0KA	1	14	23	36	34.63071	134.890275
5J0KA	1	14	50	63	38.626842	134.890275
5J0KA	1	14	64	77	32.835846	134.890275
2HNUA	1	20	5	25	67.27347	109.7227
2HNUA	1	20	52	71	42.44923	109.7227
3CSXA	1	11	25	35	12.697697	60.819773
3CSXA	1	11	36	46	19.131208	60.819773
3CSXA	1	11	47	57	16.356054	60.819773
3CSXA	1	11	71	81	12.634814	60.819773
6FU9A	1	10	36	45	24.152435	44.561535
6FU9A	1	10	46	55	20.4091	44.561535
4DH2B	1	32	7	42	103	227
4DH2B	1	32	43	72	124	227
6DVUA	1	9	49	57	22.079144	68.27196
6DVUA	1	9	58	66	24.797514	68.27196
6DVUA	1	9	69	77	21.395302	68.27196
5HT7A	1	12	17	28	39.10243	92.474829
5HT7A	1	12	51	63	14.865919	92.474829
5HT7A	1	12	64	75	38.50648	92.474829
1UIIA	1	10	60	69	22.380344	40.383691
1UIIA	1	10	70	79	18.003347	40.383691
5XISA	1	16	26	41	35.376072	68.246277
5XISA	1	16	43	58	32.870205	68.246277
1EZGA	1	12	15	26	33.419357	196.779132
1EZGA	1	12	27	38	41.463863	196.779132
1EZGA	1	12	39	50	40.055157	196.779132
1EZGA	1	12	51	62	43.088943	196.779132
1EZGA	1	12	63	74	38.751812	196.779132
3HZ2A	1	12	8	19	57	118
3HZ2A	1	12	48	59	61	118
8RJAF	1	40	1	40	137.5	256.5
8RJAF	1	40	45	82	119	256.5
9BT4G	1	30	6	36	75.28916	233.3329
9BT4G	1	30	37	66	120.40329	233.3329
9BT4G	1	30	67	78	37.64045	233.3329
4ZQAA	1	15	50	64	31.575504	53.106971
4ZQAA	1	15	65	80	21.531467	53.106971
4ZQAA	2	11	7	17	41	81.5
4ZQAA	2	11	18	28	40.5	81.5
3TBNA	1	32	15	46	128	248
3TBNA	1	32	47	82	120	248
1NPSA	1	33	11	43	93	169
1NPSA	1	33	57	83	76	169
8SJJC	1	14	49	62	24.127024	77.14798
8SJJC	1	14	63	76	28.778273	77.14798
8SJJC	1	14	77	88	24.242683	77.14798
2QSBA	1	19	15	33	67	137
2QSBA	1	19	57	75	70	137
5YL9A	1	14	18	31	19.915499	62.159382
5YL9A	1	14	32	45	20.388851	62.159382
5YL9A	1	14	46	59	21.855032	62.159382
4X9JA	1	28	1	30	107.76057	325.59787
4X9JA	1	28	31	58	108.4364	325.59787
4X9JA	1	28	59	86	109.4009	325.59787
6WI5A	1	42	1	42	137.76408	244.99057
6WI5A	1	42	43	89	107.22649	244.99057
3HZBA	1	34	10	43	100	188.5
3HZBA	1	34	53	84	88.5	188.5
7DU7A	1	43	6	48	207.40257	414.80514
7DU7A	1	43	49	91	207.40257	414.80514
5HL8A	1	52	1	52	104.75304	161.354885
5HL8A	1	52	53	70	56.601845	161.354885
7O97A	1	14	32	45	25.431974	71.754518
7O97A	1	14	46	59	25.34713	71.754518
7O97A	1	14	60	73	20.975414	71.754518
5KE6A	1	30	6	31	56.125893	264.866069
5KE6A	1	30	32	61	97.76977	264.866069
5KE6A	1	30	62	89	110.970406	264.866069
5HHEA	1	44	1	44	132.10327	264.44292
5HHEA	1	44	49	93	132.33965	264.44292
4JIVD	1	36	3	38	138.74254	214.24652
4JIVD	1	36	39	74	75.50398	214.24652
6DS9A	1	14	4	17	26.394007	108.188721
6DS9A	1	14	18	34	15.555309	108.188721
6DS9A	1	14	35	48	28.076578	108.188721
6DS9A	1	14	74	87	38.162827	108.188721
4I0XA	1	22	1	22	72.5	128
4I0XA	1	22	25	47	55.5	128
2QSKA	1	40	2	41	210.89027	399.65791
2QSKA	1	40	42	89	188.76764	399.65791
8FCFC	1	21	13	34	22.575405	109.652445
8FCFC	1	21	35	55	45.51325	109.652445
8FCFC	1	21	56	76	41.56379	109.652445
4KU0A	1	16	4	19	39.348854	146.18027
4KU0A	1	16	20	35	41.218266	146.18027
4KU0A	1	16	36	51	41.512333	146.18027
4KU0A	1	16	52	67	24.100817	146.18027
4KU0D	1	24	17	40	74	145.5
4KU0D	1	24	57	78	53	145.5
4KU0D	1	24	79	94	18.5	145.5
3H6PC	1	14	11	24	24.781042	49.786074
3H6PC	1	14	25	38	25.005032	49.786074
2VS0A	1	14	46	59	27.47269	46.996553
2VS0A	1	14	60	73	19.523863	46.996553
6L5HA	1	21	7	31	23.892174	150.799797
6L5HA	1	21	32	52	45.6413	150.799797
6L5HA	1	21	53	73	40.582706	150.799797
6L5HA	1	21	74	94	40.683617	150.799797
3NI0A	1	28	15	42	29.968773	108.843027
3NI0A	1	28	43	70	49.71433	108.843027
3NI0A	1	28	71	99	29.159924	108.843027
3AEIA	1	41	24	64	58.747253	107.436267
3AEIA	1	41	65	92	48.689014	107.436267
7XFPA	1	35	9	43	130.14175	361.03947
7XFPA	1	35	44	78	137.91702	361.03947
7XFPA	1	35	79	100	92.9807	361.03947
8DQAA	1	15	48	62	32.04885	69.904597
8DQAA	1	15	63	77	37.855747	69.904597
7DGWA	1	7	71	77	16.50951	32.615469
7DGWA	1	7	78	84	16.105959	32.615469
4YTDA	1	17	13	31	13.367464	62.36743
4YTDA	1	17	32	48	8.330864	62.36743
4YTDA	1	17	49	65	28.630133	62.36743
4YTDA	1	17	83	91	12.038969	62.36743
5D23A	1	23	7	29	77.19869	314.644441
5D23A	1	23	30	52	79.37807	314.644441
5D23A	1	23	53	75	80.578705	314.644441
5D23A	1	23	76	98	77.488976	314.644441
6KOSA	1	14	26	39	25.150131	48.494271
6KOSA	1	14	54	66	23.34414	48.494271
4YY2A	1	33	3	35	144.24791	436.41782
4YY2A	1	33	36	68	145.58838	436.41782
4YY2A	1	33	69	101	146.58153	436.41782
6L2UA	1	21	5	22	30.98103	125.64607
6L2UA	1	21	23	42	22.37633	125.64607
6L2UA	1	21	59	79	72.28871	125.64607
4I0XB	1	32	23	54	50.9196	142.59719
4I0XB	1	32	55	86	91.67759	142.59719
7X5DA	1	14	51	64	22.950895	75.322982
7X5DA	1	14	65	78	25.497356	75.322982
7X5DA	1	14	79	92	26.874731	75.322982
7X5DA	2	8	18	24	20.797876	40.663623
7X5DA	2	8	25	32	19.865747	40.663623
8G4KA	1	42	19	61	123.59047	208.11299
8G4KA	1	42	62	103	84.52252	208.11299
6ZPMA	1	14	19	32	17.023226	35.78929
6ZPMA	1	14	33	46	18.766064	35.78929
8GADA	1	20	12	31	58.063408	146.970852
8GADA	1	20	32	54	21.670319	146.970852
8GADA	1	20	55	74	49.828632	146.970852
8GADA	1	20	75	97	17.408493	146.970852
8FNSA	1	24	5	28	80.6898	288.059089
8FNSA	1	24	29	53	66.149254	288.059089
8FNSA	1	24	54	77	81.86407	288.059089
8FNSA	1	24	78	100	59.355965	288.059089
7DGUA	1	44	7	50	114.607635	135.163337
7DGUA	1	44	51	94	20.555702	135.163337
4DEYB	1	13	49	66	5.383091	33.918151
4DEYB	1	13	67	79	28.53506	33.918151
6EB9A	1	14	64	77	37.379845	70.008438
6EB9A	1	14	78	91	32.628593	70.008438
6VAGA	1	14	32	45	24.760977	69.497196
6VAGA	1	14	46	59	17.84699	69.497196
6VAGA	1	14	60	73	26.889229	69.497196
5K79A	1	47	4	50	188	356
5K79A	1	47	55	107	168	356
3MN2A	1	38	17	54	113.5	194
3MN2A	1	38	55	106	80.5	194
1H7CA	1	39	11	49	52.132248	195.358988
1H7CA	1	39	50	87	93.93202	195.358988
1H7CA	1	39	88	108	49.29472	195.358988
2FTRA	1	10	26	35	41.128345	80.499683
2FTRA	1	10	65	74	39.371338	80.499683
4R03A	1	33	2	33	90.60515	174.385945
4R03A	1	33	34	66	50.43901	174.385945
4R03A	1	33	67	82	33.341785	174.385945
6X7HA	1	48	3	50	159.58617	306.65931
6X7HA	1	48	53	101	147.07314	306.65931
8XYVA	1	14	50	63	28.231243	58.075247
8XYVA	1	14	64	82	16.363663	58.075247
8XYVA	1	14	83	94	13.480341	58.075247
6N7MA	1	10	23	32	13.95024	48.664954
6N7MA	1	10	33	42	15.441433	48.664954
6N7MA	1	10	43	52	19.273281	48.664954
2OD6A	1	11	5	14	32.679188	61.886791
2OD6A	1	11	88	99	29.207603	61.886791
8FNRA	1	24	2	25	55.478394	166.927149
8FNRA	1	24	26	50	51.329796	166.927149
8FNRA	1	24	51	74	45.59921	166.927149
8FNRA	1	24	75	92	14.519749	166.927149
5OMBC	1	11	18	28	11.768254	25.070075
5OMBC	1	11	29	39	13.301821	25.070075
8WHIE	1	21	8	27	16.2501	96.492234
8WHIE	1	21	28	46	28.565975	96.492234
8WHIE	1	21	47	67	32.829117	96.492234
8WHIE	1	21	68	89	18.847042	96.492234
8AJYB	1	25	31	54	86	178
8AJYB	1	25	70	94	92	178
1XD5A	1	31	19	49	113.66011	312.158915
1XD5A	1	31	50	80	98.219055	312.158915
1XD5A	1	31	81	112	100.27975	312.158915
1ZHSA	1	49	3	61	183.5	392
1ZHSA	1	49	62	110	208.5	392
3ENUA	1	35	30	64	111.033554	203.452644
3ENUA	1	35	77	109	92.41909	203.452644
2ZQMA	1	14	59	70	20.724394	65.659739
2ZQMA	1	14	72	85	23.050951	65.659739
2ZQMA	1	14	86	99	21.884394	65.659739
5JLVC	1	10	54	63	19.413841	60.869919
5JLVC	1	10	64	73	20.569008	60.869919
5JLVC	1	10	104	112	20.88707	60.869919
7O4CA	1	48	2	49	140	257
7O4CA	1	48	50	106	117	257
4AE4A	1	34	18	51	69.54341	214.37571
4AE4A	1	34	52	85	87.57846	214.37571
4AE4A	1	34	86	115	57.25384	214.37571
3A07A	1	38	8	45	177.57399	501.28419
3A07A	1	38	46	83	167.56387	501.28419
3A07A	1	38	84	115	156.14633	501.28419
6UOFA	1	21	40	60	81	154.5
6UOFA	1	21	62	94	-5	154.5
6UOFA	1	21	99	119	78.5	154.5
6E94A	1	28	3	30	87.86294	329.292445
6E94A	1	28	31	58	81.87474	329.292445
6E94A	1	28	59	86	89.53235	329.292445
6E94A	1	28	87	114	70.022415	329.292445
4TKCA	1	29	24	52	70.70192	192.03328
4TKCA	1	29	53	81	57.89543	192.03328
4TKCA	1	29	82	113	63.43593	192.03328
6D0TA	1	26	9	34	75.0687	262.868383
6D0TA	1	26	35	62	61.499634	262.868383
6D0TA	1	26	63	86	62.822426	262.868383
6D0TA	1	26	87	109	63.477623	262.868383
8AH9A	1	26	18	43	81.32828	200.339824
8AH9A	1	26	46	71	42.271862	200.339824
8AH9A	1	26	72	95	51.085236	200.339824
8AH9A	1	26	96	117	25.654446	200.339824
9HAGA	1	24	11	34	59.59894	147.354001
9HAGA	1	24	35	62	18.28646	147.354001
9HAGA	1	24	65	88	39.199825	147.354001
9HAGA	1	24	89	112	30.268776	147.354001
3KPBA	1	59	3	61	203	405.5
3KPBA	1	59	64	122	202.5	405.5
6VVRA	1	59	3	61	182.96448	351.88954
6VVRA	1	59	63	120	168.92506	351.88954
6VVNA	1	60	1	61	162.67464	341.59604
6VVNA	1	60	62	121	178.9214	341.59604
5UNQA	1	46	7	52	132.5	239.5
5UNQA	1	46	53	112	107	239.5
1PBJA	1	55	1	55	166.5	333
1PBJA	1	55	65	119	166.5	333
2FJ8A	1	59	5	63	276.69443	552.58637
2FJ8A	1	59	64	122	275.89194	552.58637
6W70A	1	49	20	68	159.91609	281.516874
6W70A	1	49	86	125	121.600784	281.516874
3GBYA	1	27	31	57	99	186
3GBYA	1	27	94	121	87	186
8PKRA	1	42	5	46	157.67046	455.03516
8PKRA	1	42	47	88	152.7104	455.03516
8PKRA	1	42	89	127	144.6543	455.03516
4FIBA	1	57	1	57	232.5	462
4FIBA	1	57	65	121	229.5	462
2ZQOA	1	24	12	35	80	152.5
2ZQOA	1	24	96	119	72.5	152.5
1KNMA	1	40	5	44	145.47014	385.262665
1KNMA	1	40	48	84	111.943375	385.262665
1KNMA	1	40	89	127	127.84915	385.262665
8R8AA	1	41	15	55	83.890396	265.728606
8R8AA	1	41	56	96	134.3936	265.728606
8R8AA	1	41	97	126	47.44461	265.728606
8GALA	1	59	6	64	171.39221	281.32606
8GALA	1	59	73	131	109.93385	281.32606
6LF2A	1	31	14	46	79.67951	183.547003
6LF2A	1	31	47	85	62.622437	183.547003
6LF2A	1	31	86	112	41.245056	183.547003
5E10A	1	63	3	65	200	388.5
5E10A	1	63	70	133	188.5	388.5
4R6RA	1	51	9	59	147.15237	221.60502
4R6RA	1	51	60	125	74.45265	221.60502
4R6RA	2	7	64	70	26	53.5
4R6RA	2	7	71	77	27.5	53.5
3ULTA	1	14	6	20	36.53981	271.774237
3ULTA	1	14	21	35	32.573006	271.774237
3ULTA	1	14	36	50	37.69578	271.774237
3ULTA	1	14	51	64	42.919746	271.774237
3ULTA	1	14	65	78	37.257393	271.774237
3ULTA	1	14	79	92	35.824627	271.774237
3ULTA	1	14	93	106	48.963875	271.774237
7DC4A	1	60	3	62	289	578.5
7DC4A	1	60	70	129	289.5	578.5
6GAJA	1	14	36	49	20.129068	70.719
6GAJA	1	14	50	63	16.782429	70.719
6GAJA	1	14	78	91	18.395489	70.719
6GAJA	1	14	106	119	15.412014	70.719
1Y5HA	1	58	2	59	192.91312	328.49024
1Y5HA	1	58	60	124	135.57712	328.49024
6GDXA	1	45	29	73	151	277.5
6GDXA	1	45	80	127	126.5	277.5
3RMUA	1	53	3	55	167.5	283.5
3RMUA	1	53	56	130	116	283.5
8FJFA	1	43	4	46	186.34949	543.22972
8FJFA	1	43	47	89	179.12593	543.22972
8FJFA	1	43	90	129	177.7543	543.22972
3LFRA	1	55	19	73	143.5	248.5
3LFRA	1	55	74	136	105	248.5
5E0ZA	1	58	7	64	198	370
5E0ZA	1	58	73	133	172	370
8PEFA	1	34	3	37	50.126686	205.581412
8PEFA	1	34	38	72	56.23684	205.581412
8PEFA	1	34	73	105	79.3309	205.581412
8PEFA	1	34	106	121	19.886986	205.581412
7Y7NA	1	56	7	62	172.5	328
7Y7NA	1	56	78	130	155.5	328
3C5RA	1	33	5	37	91.19653	272.37659
3C5RA	1	33	38	70	88.09545	272.37659
3C5RA	1	33	71	103	93.08461	272.37659
1KLXA	1	36	1	32	82.25871	265.34374
1KLXA	1	36	33	67	75.03408	265.34374
1KLXA	1	36	68	103	44.14376	265.34374
1KLXA	1	36	104	133	63.90719	265.34374
7ZNXA	1	83	19	101	269.19763	312.51376
7ZNXA	1	83	102	137	43.31613	312.51376
6ILUA	1	54	16	69	185	300.5
6ILUA	1	54	70	129	115.5	300.5
8JEAA	1	64	4	67	209	396
8JEAA	1	64	80	138	187	396
4G9MA	1	29	20	48	110.5	219.5
4G9MA	1	29	110	138	109	219.5
7QEHA	1	54	18	71	171	322.5
7QEHA	1	54	72	131	151.5	322.5
6FLWA	1	47	7	53	121.017975	275.099611
6FLWA	1	47	54	103	95.549286	275.099611
6FLWA	1	47	104	133	58.53235	275.099611
6HTNA	1	50	2	51	203.82568	563.35257
6HTNA	1	50	53	101	194.01836	563.35257
6HTNA	1	50	103	143	165.50853	563.35257
5GVYA	1	50	6	53	57.21344	540.858574
5GVYA	1	50	54	106	66.116844	540.858574
5GVYA	1	50	107	144	127.3573	540.858574
1H9MA	1	68	2	69	225.4259	449.64848
1H9MA	1	68	74	141	224.22258	449.64848
3MSWA	1	54	14	67	147.86722	292.767926
3MSWA	1	54	68	127	112.91466	292.767926
3MSWA	1	54	128	138	31.986046	292.767926
4I4OA	1	47	13	59	115.30678	338.46499
4I4OA	1	47	60	106	94.65375	338.46499
4I4OA	1	47	107	146	128.50446	338.46499
7O91A	1	60	1	60	177	373
7O91A	1	60	61	133	167	373
7O91A	1	60	134	146	29	373
7V4ZA	1	52	5	56	156.87152	293.78729
7V4ZA	1	52	57	109	136.91577	293.78729
2E4MC	1	43	10	53	82.87234	244.660258
2E4MC	1	43	54	94	120.67107	244.660258
2E4MC	1	43	95	126	41.116848	244.660258
7QFGA	1	61	13	73	210	383
7QFGA	1	61	77	137	173	383
6JLEA	1	23	6	28	62.85669	328.500802
6JLEA	1	23	29	51	67.10202	328.500802
6JLEA	1	23	52	74	73.43191	328.500802
6JLEA	1	23	75	97	61.71147	328.500802
6JLEA	1	23	98	120	30.936996	328.500802
8EOVA	1	35	3	37	121.78598	507.60859
8EOVA	1	35	38	72	141.58011	507.60859
8EOVA	1	35	73	107	140.06232	507.60859
8EOVA	1	35	108	141	104.18018	507.60859
8TNDA	1	69	4	72	195.5	381
8TNDA	1	69	73	145	185.5	381
6YJ9A	1	44	43	91	82.1246	198.732625
6YJ9A	1	44	92	135	116.608025	198.732625
1C3MA	1	31	56	86	80.35953	98.377848
1C3MA	1	31	87	110	18.018318	98.377848
7O4PA	1	15	56	69	28.834026	89.803073
7O4PA	1	15	98	114	27.874847	89.803073
7O4PA	1	15	115	136	33.0942	89.803073
1KHYD	1	52	11	65	139.5	241.5
1KHYD	1	52	66	141	102	241.5
4YTOA	1	14	33	47	8.653206	26.383164
4YTOA	1	14	48	61	17.729958	26.383164
6G4JB	1	31	12	42	89.653564	304.02733
6G4JB	1	31	43	73	107.084656	304.02733
6G4JB	1	31	74	104	107.28911	304.02733
5E1NA	1	36	2	40	78.74416	341.34678
5E1NA	1	36	41	77	76.42054	341.34678
5E1NA	1	36	78	113	99.97598	341.34678
5E1NA	1	36	114	147	86.2061	341.34678
4P0ZA	1	48	31	78	163.5	303.5
4P0ZA	1	48	79	131	140	303.5
6OMXA	1	10	66	75	22.080948	107.264846
6OMXA	1	10	76	85	18.62275	107.264846
6OMXA	1	10	86	95	22.678347	107.264846
6OMXA	1	10	96	105	25.394354	107.264846
6OMXA	1	10	116	125	18.488447	107.264846
3VWCA	1	21	64	84	66	126
3VWCA	1	21	85	108	60	126
5KKQA	1	28	6	34	71.48132	394.793771
5KKQA	1	28	35	62	88.26487	394.793771
5KKQA	1	28	63	90	82.52766	394.793771
5KKQA	1	28	91	120	47.030293	394.793771
5KKQA	1	28	121	146	52.319344	394.793771
7KMUA	1	45	3	47	104.88256	220.29371
7KMUA	1	45	48	92	65.51375	220.29371
7KMUA	1	45	93	140	49.8974	220.29371
8X39A	1	33	2	34	64.30787	286.00429
8X39A	1	33	35	72	75.63807	286.00429
8X39A	1	33	73	106	68.9651	286.00429
8X39A	1	33	107	134	77.09325	286.00429
7ZOIA	1	42	16	58	136.06361	426.7099
7ZOIA	1	42	59	100	152.37827	426.7099
7ZOIA	1	42	101	142	138.26802	426.7099
8B97A	1	48	13	60	146.2562	383.10038
8B97A	1	48	61	108	152.88385	383.10038
8B97A	1	48	109	147	83.96033	383.10038
3N90A	1	10	15	24	18.0963	95.282035
3N90A	1	10	45	54	15.071091	95.282035
3N90A	1	10	55	64	21.034594	95.282035
3N90A	1	10	65	74	21.567402	95.282035
3N90A	1	10	101	110	19.512648	95.282035
5FGPA	1	64	9	72	220	434.5
5FGPA	1	64	86	150	214.5	434.5
3WDCA	1	63	5	67	244	486.5
3WDCA	1	63	80	142	242.5	486.5
3WMVA	1	44	9	52	174.22763	475.8976
3WMVA	1	44	57	100	160.85307	475.8976
3WMVA	1	44	102	139	140.8169	475.8976
1F1EA	1	69	7	84	179	376.5
1F1EA	1	69	85	152	197.5	376.5
5C8QB	1	44	8	51	166	313
5C8QB	1	44	105	149	147	313
2Z51A	1	70	4	73	244.5	461.5
2Z51A	1	70	85	151	217	461.5
5MWBA	1	38	2	42	137.89323	440.54078
5MWBA	1	38	43	80	147.63722	440.54078
5MWBA	1	38	81	118	155.01033	440.54078
3KMVA	1	47	13	59	144.70993	420.71208
3KMVA	1	47	60	107	137.8976	420.71208
3KMVA	1	47	108	144	138.10455	420.71208
2QIHA	1	42	15	43	44.050602	230.991092
2QIHA	1	42	44	84	91.77715	230.991092
2QIHA	1	42	85	133	95.16334	230.991092
6DB1A	1	22	47	68	63.465504	138.153668
6DB1A	1	22	76	95	45.317257	138.153668
6DB1A	1	22	96	117	29.370907	138.153668
6DB1A	2	14	4	17	32.69187	86.594305
6DB1A	2	14	21	34	31.156994	86.594305
6DB1A	2	14	35	43	22.745441	86.594305
5M72A	1	34	2	35	51.584175	178.02678
5M72A	1	34	36	69	51.49802	178.02678
5M72A	1	34	70	98	54.45189	178.02678
5M72A	1	34	99	123	20.492695	178.02678
6IE6A	1	25	45	68	69.471054	156.116897
6IE6A	1	25	69	87	16.898788	156.116897
6IE6A	1	25	110	134	69.747055	156.116897
8BNYA	1	31	7	37	15.277407	164.4878815
8BNYA	1	31	38	65	15.8791065	164.4878815
8BNYA	1	31	66	96	41.175545	164.4878815
8BNYA	1	31	97	128	48.72786	164.4878815
8BNYA	1	31	129	148	43.427963	164.4878815
3DFGA	1	50	36	85	109.855034	277.663774
3DFGA	1	50	86	130	140.9148	277.663774
3DFGA	1	50	131	155	26.89394	277.663774
1IHBA	1	32	6	37	45.31111	441.700662
1IHBA	1	32	38	69	37.49326	441.700662
1IHBA	1	32	70	102	58.27339	441.700662
1IHBA	1	32	103	136	54.877316	441.700662
1IHBA	1	32	137	161	50.381092	441.700662
6MX1A	1	65	18	82	215.73384	423.96977
6MX1A	1	65	99	163	208.23593	423.96977
4UQWA	1	64	15	89	145.87898	260.24075
4UQWA	1	64	90	153	114.36177	260.24075
7YEYA	1	71	4	74	229.5	433.5
7YEYA	1	71	85	154	204	433.5
8R5NA	1	65	7	71	215	414.5
8R5NA	1	65	88	148	199.5	414.5
7S3WA	1	12	121	132	16.631088	50.056532
7S3WA	1	12	133	144	19.274284	50.056532
7S3WA	1	12	145	155	14.15116	50.056532
7S3WA	2	12	35	46	13.467861	30.754846
7S3WA	2	12	95	104	17.286985	30.754846
3PG0A	1	47	24	70	246.74875	741.75043
3PG0A	1	47	71	117	247.50084	741.75043
3PG0A	1	47	118	164	247.50084	741.75043
4ZTTA	1	37	43	82	51.792763	212.485793
4ZTTA	1	37	83	119	94.16401	212.485793
4ZTTA	1	37	120	150	66.52902	212.485793
2CE2X	1	29	29	55	87.60828	157.457371
2CE2X	1	29	56	86	56.963608	157.457371
2CE2X	1	29	87	102	12.885483	157.457371
7AFWA	1	41	15	55	60.09069	246.332446
7AFWA	1	41	57	98	63.90473	246.332446
7AFWA	1	41	99	140	89.672806	246.332446
7AFWA	1	41	141	160	32.66422	246.332446
1FXLA	1	76	4	89	241	493.5
1FXLA	1	76	90	167	252.5	493.5
4MFGA	1	18	54	71	20.725601	121.184361
4MFGA	1	18	74	90	33.27591	121.184361
4MFGA	1	18	91	108	35.128162	121.184361
4MFGA	1	18	109	126	32.054688	121.184361
5EIDA	1	33	37	69	59.248516	257.245916
5EIDA	1	33	70	102	84.34133	257.245916
5EIDA	1	33	103	135	83.64041	257.245916
5EIDA	1	33	136	162	30.01566	257.245916
7OECA	1	57	9	66	86.81538	276.653552
7OECA	1	57	67	122	139.29544	276.653552
7OECA	1	57	123	164	50.542732	276.653552
5GP7A	1	33	33	67	80.15444	299.81301
5GP7A	1	33	68	100	93.00585	299.81301
5GP7A	1	33	101	133	92.78358	299.81301
5GP7A	1	33	134	159	33.86914	299.81301
3H6QA	1	54	5	61	143.08817	306.341035
3H6QA	1	54	62	117	128.21497	306.341035
3H6QA	1	54	118	164	35.037895	306.341035
4DUIA	1	33	10	35	35.34712	571.06898
4DUIA	1	33	36	68	115.10867	571.06898
4DUIA	1	33	69	101	120.545235	571.06898
4DUIA	1	33	102	134	123.71223	571.06898
4DUIA	1	33	135	167	85.105415	571.06898
7YWGA	1	49	29	77	114.65641	297.19781
7YWGA	1	49	78	126	96.93664	297.19781
7YWGA	1	49	127	163	85.60476	297.19781
5CWJA	1	20	2	21	35.918552	352.194331
5CWJA	1	20	22	41	42.533543	352.194331
5CWJA	1	20	42	61	59.209682	352.194331
5CWJA	1	20	62	81	53.051712	352.194331
5CWJA	1	20	82	101	59.209682	352.194331
5CWJA	1	20	102	121	53.051712	352.194331
5CWJA	1	20	122	141	49.219448	352.194331
5CWHA	1	20	2	21	58.61979	511.345202
5CWHA	1	20	22	41	62.72909	511.345202
5CWHA	1	20	42	61	71.277534	511.345202
5CWHA	1	20	62	81	63.1852	511.345202
5CWHA	1	20	82	101	71.277534	511.345202
5CWHA	1	20	102	121	63.1852	511.345202
5CWHA	1	20	122	141	68.74374	511.345202
5CWHA	1	20	142	161	52.327114	511.345202
3V30A	1	33	10	43	28.06147	233.38364
3V30A	1	33	44	76	60.760986	233.38364
3V30A	1	33	77	109	61.025887	233.38364
3V30A	1	33	110	142	72.28741	233.38364
3V30A	1	33	143	155	11.247887	233.38364
5COFA	1	30	21	50	80.36834	138.17071228
5COFA	1	30	51	79	0.30810928	138.17071228
5COFA	1	30	106	142	11.31012	138.17071228
5COFA	1	30	144	172	46.184143	138.17071228
1V3WA	1	17	52	73	5.1063538	125.5409538
1V3WA	1	17	74	90	51.895657	125.5409538
1V3WA	1	17	91	108	36.286343	125.5409538
1V3WA	1	17	109	126	32.2526	125.5409538
6W5BA	1	80	2	81	288.97986	557.66434
6W5BA	1	80	88	169	268.68448	557.66434
4EXRA	1	81	6	92	202.24774	454.70399
4EXRA	1	81	93	171	252.45625	454.70399
4ZQVA	1	43	20	62	122.43766	229.182716
4ZQVA	1	43	126	164	106.745056	229.182716
9JYWA	1	12	97	108	22.969032	47.249994
9JYWA	1	12	109	120	24.280962	47.249994
9JYWA	2	22	9	28	15.458479	136.194748
9JYWA	2	22	29	46	11.251341	136.194748
9JYWA	2	22	47	68	57.336864	136.194748
9JYWA	2	22	69	87	52.148064	136.194748
7OZTBBB	1	45	39	79	98.50997	239.5274795
7OZTBBB	1	45	80	104	14.0429535	239.5274795
7OZTBBB	1	45	105	149	126.974556	239.5274795
7OCMA	1	83	5	87	472	944
7OCMA	1	83	88	170	472	944
5LDQA	1	23	10	32	63.81602	131.430224
5LDQA	1	23	76	97	37.697514	131.430224
5LDQA	1	23	99	112	29.91669	131.430224
8QX5A	1	58	45	102	166.89737	285.890534
8QX5A	1	58	114	163	118.993164	285.890534
7XCDA	1	74	18	101	211.5	434
7XCDA	1	74	102	174	222.5	434
7N38A	1	80	7	86	299.61	557.04008
7N38A	1	80	95	176	257.43008	557.04008
2DTJA	1	41	9	46	112.87683	238.4034
2DTJA	1	41	89	128	125.52657	238.4034
4HI8A	1	33	13	46	35.94283	288.42714
4HI8A	1	33	47	79	92.05781	288.42714
4HI8A	1	33	80	112	78.25369	288.42714
4HI8A	1	33	113	145	82.17281	288.42714
7KB2A	1	34	66	100	45.96263	394.658822
7KB2A	1	34	101	134	62.46393	394.658822
7KB2A	1	34	135	167	61.62066	394.658822
7KB2A	1	34	168	180	77.24901	394.658822
6CWMA	1	50	46	95	155.25076	274.37878
6CWMA	1	50	110	152	119.12802	274.37878
4CNLA	1	40	5	42	139.26456	692.16145
4CNLA	1	40	43	82	186.71005	692.16145
4CNLA	1	40	83	122	190.41957	692.16145
4CNLA	1	40	123	162	175.76727	692.16145
5CWKA	1	43	2	44	137.68947	632.84227
5CWKA	1	43	45	87	174.32132	632.84227
5CWKA	1	43	88	130	174.32132	632.84227
5CWKA	1	43	131	173	146.51016	632.84227
5CWLA	1	43	2	44	131.82109	599.74756
5CWLA	1	43	45	87	172.2701	599.74756
5CWLA	1	43	88	130	172.2701	599.74756
5CWLA	1	43	131	173	123.38627	599.74756
8GYRB	1	89	2	90	320.5	629.5
8GYRB	1	89	91	181	309	629.5
4LD1A	1	18	6	23	27.603477	225.426567
4LD1A	1	18	24	42	15.682148	225.426567
4LD1A	1	18	43	60	21.664635	225.426567
4LD1A	1	18	61	79	21.822601	225.426567
4LD1A	1	18	80	97	36.456234	225.426567
4LD1A	1	18	98	115	31.318115	225.426567
4LD1A	1	18	116	133	30.77179	225.426567
4LD1A	1	18	151	168	40.107567	225.426567
3VTXA	1	34	8	41	53.035576	365.509353
3VTXA	1	34	42	75	61.277763	365.509353
3VTXA	1	34	76	109	55.469944	365.509353
3VTXA	1	34	110	143	78.27202	365.509353
3VTXA	1	34	144	168	56.39131	365.509353
7PL5AAA	1	61	5	65	223.8819	599.789705
7PL5AAA	1	61	66	86	39.364185	599.789705
7PL5AAA	1	61	87	147	201.29245	599.789705
7PL5AAA	1	61	148	185	135.25117	599.789705
5AARA	1	33	16	48	61.478443	286.396419
5AARA	1	33	49	81	64.33692	286.396419
5AARA	1	33	82	112	41.45225	286.396419
5AARA	1	33	113	145	49.95542	286.396419
5AARA	1	33	146	178	69.173386	286.396419
1IO0A	1	28	52	79	54.208523	183.685401
1IO0A	1	28	80	107	49.85279	183.685401
1IO0A	1	28	108	137	41.500267	183.685401
1IO0A	1	28	138	164	23.073988	183.685401
1IO0A	1	28	165	183	15.049833	183.685401
3AS5A	1	34	15	48	45.56707	258.892533
3AS5A	1	34	49	82	72.27778	258.892533
3AS5A	1	34	83	116	53.34368	258.892533
3AS5A	1	34	117	150	48.135258	258.892533
3AS5A	1	34	151	170	39.568745	258.892533
6W4LA	1	36	21	55	68.5	198.5
6W4LA	1	36	56	93	36.5	198.5
6W4LA	1	36	129	157	47.5	198.5
6W4LA	1	36	158	181	46	198.5
3R3RA	1	18	85	101	17.080442	89.754495
3R3RA	1	18	102	119	34.607155	89.754495
3R3RA	1	18	120	137	26.91492	89.754495
3R3RA	1	18	138	154	11.151978	89.754495
1T9FA	1	62	5	66	144.13864	338.04649
1T9FA	1	62	67	123	102.95413	338.04649
1T9FA	1	62	124	174	90.95372	338.04649
1OLLA	1	88	7	101	249	479.5
1OLLA	1	88	102	187	230.5	479.5
4Z79A	1	58	34	90	59.54563	209.334255
4Z79A	1	58	91	148	107.55713	209.334255
4Z79A	1	58	149	172	15.81139	209.334255
2Z8UB	1	83	10	92	318.5	618
2Z8UB	1	83	93	183	299.5	618
8E62A	1	12	16	27	17.915915	34.8382493
8E62A	1	12	65	80	1.5950603	34.8382493
8E62A	1	12	81	92	15.327274	34.8382493
6AKQA	1	40	1	38	116.84785	289.635743
6AKQA	1	40	39	85	19.46006	289.635743
6AKQA	1	40	86	123	106.69729	289.635743
6AKQA	1	40	124	135	46.630543	289.635743
7MCCA	1	46	2	47	221	880
7MCCA	1	46	48	93	221	880
7MCCA	1	46	94	139	221	880
7MCCA	1	46	140	184	217	880
3A35A	1	81	3	83	254.29173	468.76753
3A35A	1	81	84	180	214.4758	468.76753
4TZHA	1	23	9	31	31.871416	381.401458
4TZHA	1	23	32	54	54.71206	381.401458
4TZHA	1	23	55	77	59.79367	381.401458
4TZHA	1	23	78	100	59.311916	381.401458
4TZHA	1	23	101	123	65.9676	381.401458
4TZHA	1	23	124	146	61.878593	381.401458
4TZHA	1	23	147	169	47.866203	381.401458
4FQGA	1	58	10	67	141.48755	358.402256
4FQGA	1	58	68	125	122.695206	358.402256
4FQGA	1	58	126	187	94.2195	358.402256
1M70A	1	72	3	74	227.9294	423.80022
1M70A	1	72	75	111	9.06255	423.80022
1M70A	1	72	112	175	186.80827	423.80022
8OYSA	1	21	3	27	23.256954	211.442153
8OYSA	1	21	28	48	41.82788	211.442153
8OYSA	1	21	49	73	28.454819	211.442153
8OYSA	1	21	74	94	33.00699	211.442153
8OYSA	1	21	95	119	23.970745	211.442153
8OYSA	1	21	120	140	34.18017	211.442153
8OYSA	1	21	141	165	26.744595	211.442153
6YJHA	1	52	33	82	120.61371	274.37271
6YJHA	1	52	134	185	153.759	274.37271
5CWFA	1	45	2	46	170.31818	716.60908
5CWFA	1	45	47	91	192.98872	716.60908
5CWFA	1	45	92	136	192.98872	716.60908
5CWFA	1	45	137	181	160.31346	716.60908
4UOSA	1	93	3	95	403.5087	807.0174
4UOSA	1	93	96	188	403.5087	807.0174
3MQHA	1	12	37	48	19.500555	39.112059
3MQHA	1	12	49	60	19.611504	39.112059
3MQHA	2	12	101	112	30.043858	86.802319
3MQHA	2	12	113	124	31.826288	86.802319
3MQHA	2	12	125	136	24.932173	86.802319
6ZT4A	2	20	56	70	20.397514	93.728132
6ZT4A	2	20	71	90	47.224648	93.728132
6ZT4A	2	20	91	110	26.10597	93.728132
6ZT4A	3	15	118	132	21.98321	124.711795
6ZT4A	3	15	133	147	36.123825	124.711795
6ZT4A	3	15	148	162	39.0221	124.711795
6ZT4A	3	15	163	174	27.58266	124.711795
2RFMA	1	33	29	61	53.713516	351.926162
2RFMA	1	33	62	94	62.167984	351.926162
2RFMA	1	33	95	127	74.386536	351.926162
2RFMA	1	33	128	160	77.05846	351.926162
2RFMA	1	33	161	188	41.445576	351.926162
2WFHA	1	24	31	53	28.985287	192.673972
2WFHA	1	24	54	77	43.215282	192.673972
2WFHA	1	24	78	101	51.342747	192.673972
2WFHA	1	24	102	125	48.824856	192.673972
2WFHA	1	24	126	140	20.3058	192.673972
1ITVA	1	45	18	62	116.73806	252.341203
1ITVA	1	45	66	109	38.139835	252.341203
1ITVA	1	45	111	157	58.980568	252.341203
1ITVA	1	45	158	171	38.48274	252.341203
3P2TA	1	95	1	95	344.07657	633.69487
3P2TA	1	95	96	195	289.6183	633.69487
3C7XA	1	46	16	61	108.97383	738.085726
3C7XA	1	46	62	109	113.55421	738.085726
3C7XA	1	46	110	157	108.86238	738.085726
3C7XA	1	46	158	195	107.40471	738.085726
4EZGA	1	24	49	70	20.805395	121.579721
4EZGA	1	24	71	94	52.488422	121.579721
4EZGA	1	24	143	165	25.100647	121.579721
4EZGA	1	24	166	186	23.185257	121.579721
4ALZA	1	63	7	69	122.59523	342.51222
4ALZA	1	63	70	135	156.424	342.51222
4ALZA	1	63	136	171	63.49299	342.51222
1MP9A	1	82	10	91	296.5	598
1MP9A	1	82	101	182	301.5	598
5D66A	1	33	6	38	40.75052	287.896139
5D66A	1	33	39	71	52.09415	287.896139
5D66A	1	33	72	104	57.93986	287.896139
5D66A	1	33	105	137	63.451054	287.896139
5D66A	1	33	138	175	38.673965	287.896139
5D66A	1	33	176	197	34.98659	287.896139
3MALA	1	58	13	74	99.250656	357.099242
3MALA	1	58	75	132	103.291046	357.099242
3MALA	1	58	133	189	154.55754	357.099242
6NE2B	1	33	7	39	79.96442	598.616926
6NE2B	1	33	40	72	119.8686	598.616926
6NE2B	1	33	73	105	112.74442	598.616926
6NE2B	1	33	106	138	118.42586	598.616926
6NE2B	1	33	139	171	112.108116	598.616926
6NE2B	1	33	172	189	55.50551	598.616926
2XT2A	1	10	35	44	14.289703	40.797712
2XT2A	1	10	45	54	14.626033	40.797712
2XT2A	1	10	126	135	11.881976	40.797712
1QNAA	1	64	25	88	222	439.5
1QNAA	1	64	115	179	217.5	439.5
1NKRA	1	93	3	95	327	631.5
1NKRA	1	93	96	193	304.5	631.5
8GPMA	1	6	97	102	11.623704	36.683475
8GPMA	1	6	109	114	12.834235	36.683475
8GPMA	1	6	115	120	12.225536	36.683475
2J8KA	1	10	60	69	20.192934	186.069612
2J8KA	1	10	70	79	21.30734	186.069612
2J8KA	1	10	80	89	19.36785	186.069612
2J8KA	1	10	90	99	19.869814	186.069612
2J8KA	1	10	120	129	20.94903	186.069612
2J8KA	1	10	140	149	22.06018	186.069612
2J8KA	1	10	160	169	19.737627	186.069612
2J8KA	1	10	170	179	19.026371	186.069612
2J8KA	1	10	180	189	23.558466	186.069612
7CSZA	1	59	25	82	199.70718	384.18589
7CSZA	1	59	120	178	184.47871	384.18589
3HRAA	1	34	8	41	37.895206	515.333904
3HRAA	1	34	42	74	47.846554	515.333904
3HRAA	1	34	75	108	40.58904	515.333904
3HRAA	1	34	109	142	49.06707	515.333904
3HRAA	1	34	143	180	43.52729	515.333904
3HRAA	1	34	181	199	50.441963	515.333904
5CUOA	1	52	34	87	100.683815	278.472138
5CUOA	1	52	88	137	124.426125	278.472138
5CUOA	1	52	138	182	53.362198	278.472138
5MFOA	1	42	6	47	139.4291	808.23626
5MFOA	1	42	48	89	177.27553	808.23626
5MFOA	1	42	90	131	177.27553	808.23626
5MFOA	1	42	132	173	167.89673	808.23626
5MFOA	1	42	174	201	72.02857	808.23626
5YXMA	1	22	48	73	21.60115	126.911868
5YXMA	1	22	74	95	29.605946	126.911868
5YXMA	1	22	96	118	37.10224	126.911868
5YXMA	1	22	119	140	17.232132	126.911868
5YXMA	1	22	141	155	21.3704	126.911868
3PYWA	1	59	12	71	138.6197	751.126154
3PYWA	1	59	72	132	137.76506	751.126154
3PYWA	1	59	134	189	122.498474	751.126154
7OUUA	1	100	3	99	342.78076	640.94961
7OUUA	1	100	100	201	298.16885	640.94961
1XKRA	1	58	2	59	172.5	340.5
1XKRA	1	58	101	157	168	340.5
4IM6A	1	57	3	59	124.16914	505.96772
4IM6A	1	57	60	116	169.1065	505.96772
4IM6A	1	57	117	173	173.47136	505.96772
4IM6A	1	57	174	197	39.22072	505.96772
3AJXA	1	27	58	86	33.189995	148.178682
3AJXA	1	27	87	113	57.318417	148.178682
3AJXA	1	27	114	137	28.16211	148.178682
3AJXA	1	27	193	207	29.50816	148.178682
2YW3A	1	41	7	43	49.169918	192.568538
2YW3A	1	41	44	83	85.795944	192.568538
2YW3A	1	41	84	124	57.602676	192.568538
6M9MA	1	22	20	41	75.70235	129.051257
6M9MA	1	22	142	163	53.348907	129.051257
6BXDA	1	24	33	53	18.665783	282.395138
6BXDA	1	24	54	77	62.11366	282.395138
6BXDA	1	24	78	101	69.78382	282.395138
6BXDA	1	24	102	125	69.873505	282.395138
6BXDA	1	24	126	149	61.95837	282.395138
8SBHA	1	84	27	120	187.7212	436.95796
8SBHA	1	84	121	202	249.23676	436.95796
6MM8D	1	85	5	89	259	492
6MM8D	1	85	125	203	233	492
2YD4A	1	63	19	81	173.48795	313.875992
2YD4A	1	63	82	127	-9.721378	313.875992
2YD4A	1	63	128	181	150.10942	313.875992
5CWGA	1	25	2	26	42.723515	449.060844
5CWGA	1	25	27	51	53.204056	449.060844
5CWGA	1	25	52	76	57.57001	449.060844
5CWGA	1	25	77	101	67.9586	449.060844
5CWGA	1	25	102	126	57.57001	449.060844
5CWGA	1	25	127	151	67.9586	449.060844
5CWGA	1	25	152	176	49.3474	449.060844
5CWGA	1	25	177	199	52.728653	449.060844
4G6IA	1	78	11	88	234.31497	390.34305
4G6IA	1	78	89	185	156.02808	390.34305
5Y30A	1	24	47	70	37.67579	231.903291
5Y30A	1	24	71	94	47.907978	231.903291
5Y30A	1	24	95	118	51.192314	231.903291
5Y30A	1	24	119	142	47.167267	231.903291
5Y30A	1	24	143	156	21.591967	231.903291
3MVSA	1	99	3	103	305.08148	1150
3MVSA	1	99	104	207	305.08878	1150
5CWNA	1	23	25	51	49.194183	414.428708
5CWNA	1	23	52	74	65.399284	414.428708
5CWNA	1	23	75	101	67.11411	414.428708
5CWNA	1	23	102	124	65.399284	414.428708
5CWNA	1	23	125	151	67.11411	414.428708
5CWNA	1	23	152	174	54.598263	414.428708
5CWNA	1	23	175	191	45.609474	414.428708
5H3JA	1	90	14	103	324	617
5H3JA	1	90	104	197	293	617
5CWBA	1	25	2	26	57.630295	591.928295
5CWBA	1	25	27	51	70.9423	591.928295
5CWBA	1	25	52	76	85.5094	591.928295
5CWBA	1	25	77	101	76.76097	591.928295
5CWBA	1	25	102	126	85.5094	591.928295
5CWBA	1	25	127	151	76.76097	591.928295
5CWBA	1	25	152	176	76.91521	591.928295
5CWBA	1	25	177	201	61.89975	591.928295
3F4WA	1	50	14	68	99.62867	282.20857
3F4WA	1	50	69	118	135.45969	282.20857
3F4WA	1	50	119	138	47.12021	282.20857
1I8DA	1	85	1	85	267.5	519.5
1I8DA	1	85	98	183	252	519.5
1HH8A	1	39	4	42	103.60203	215.122777
1HH8A	1	39	43	76	42.525917	215.122777
1HH8A	1	39	118	162	68.99483	215.122777
3KWEA	1	17	97	113	21.20438	88.8841103
3KWEA	1	17	114	131	3.3732243	88.8841103
3KWEA	1	17	132	148	13.628033	88.8841103
3KWEA	1	17	149	165	30.854279	88.8841103
2W7ZB	1	20	21	41	18.263977	71.633847
2W7ZB	1	20	42	61	21.849915	71.633847
2W7ZB	1	20	62	81	31.519955	71.633847
2W7ZB	3	10	172	181	11.731279	111.706984
2W7ZB	3	10	182	191	26.99443	111.706984
2W7ZB	3	10	192	200	26.162552	111.706984
2WLGA	1	12	141	152	29.086561	64.7714205
2WLGA	1	12	35	45	20.53494	64.7714205
2WLGA	1	12	47	59	15.1499195	64.7714205
8FREA	1	43	2	44	172.87062	964.83718
8FREA	1	43	45	87	189.6925	964.83718
8FREA	1	43	88	130	189.6925	964.83718
8FREA	1	43	131	173	189.6925	964.83718
8FREA	1	43	174	206	111.28783	964.83718
7DKLA	1	92	8	99	320.5	620.5
7DKLA	1	92	107	199	300	620.5
3PSSA	1	10	17	26	13.874738	27.576215
3PSSA	1	10	27	36	13.701477	27.576215
3PSSA	2	10	148	157	12.1806135	26.7867455
3PSSA	2	10	178	187	14.606132	26.7867455
3PSSA	3	20	37	57	19.729332	129.724106
3PSSA	3	20	88	107	42.382706	129.724106
3PSSA	3	20	108	132	33.978725	129.724106
3PSSA	3	20	133	152	33.633343	129.724106
6MLXA	1	23	43	63	35.15198	320.995817
6MLXA	1	23	64	86	56.870144	320.995817
6MLXA	1	23	87	109	50.599907	320.995817
6MLXA	1	23	110	132	47.614014	320.995817
6MLXA	1	23	133	155	55.40097	320.995817
6MLXA	1	23	156	179	40.355072	320.995817
6MLXA	1	23	180	200	35.00373	320.995817
7ED6A	1	15	161	176	22.076141	42.753416
7ED6A	1	15	177	190	20.677275	42.753416
1HXNA	1	56	19	74	181.5	313
1HXNA	1	56	75	116	-29	313
1HXNA	1	56	117	169	160.5	313
1HXNA	2	8	171	178	25.192589	81.146843
1HXNA	2	8	179	186	30.977127	81.146843
1HXNA	2	8	187	191	24.977127	81.146843
2J43A	1	66	10	74	219.7936	406.6799894
2J43A	1	66	75	118	6.7731094	406.6799894
2J43A	1	66	119	178	180.11328	406.6799894
7D2SA	1	23	44	66	40.654068	307.476262
7D2SA	1	23	67	89	40.933537	307.476262
7D2SA	1	23	90	112	45.984745	307.476262
7D2SA	1	23	113	137	28.162739	307.476262
7D2SA	1	23	138	160	50.748734	307.476262
7D2SA	1	23	161	183	49.773582	307.476262
7D2SA	1	23	184	206	51.218857	307.476262
1UB3A	1	29	67	96	31.960983	102.3965668
1UB3A	1	29	97	129	10.78912	102.3965668
1UB3A	1	29	130	158	57.00289	102.3965668
1UB3A	1	29	159	185	2.6435738	102.3965668
2V9TB	1	24	33	56	39.46131	229.332988
2V9TB	1	24	57	80	47.997963	229.332988
2V9TB	1	24	81	104	47.064945	229.332988
2V9TB	1	24	105	128	44.74898	229.332988
2V9TB	1	24	129	152	50.05979	229.332988
3O14A	1	82	27	108	247	429.5
3O14A	1	82	133	211	182.5	429.5
2F8YA	1	33	19	51	61.773838	308.631016
2F8YA	1	33	52	85	54.421722	308.631016
2F8YA	1	33	86	118	43.24501	308.631016
2F8YA	1	33	119	151	61.222134	308.631016
2F8YA	1	33	152	184	60.76607	308.631016
2F8YA	1	33	185	210	27.202242	308.631016
1MZHA	1	52	72	132	80.11592	287.072073
1MZHA	1	52	133	185	145.84912	287.072073
1MZHA	1	52	186	208	61.107033	287.072073
2VQ2A	1	32	101	132	59.219032	87.6549187
2VQ2A	1	32	133	166	24.036095	87.6549187
2VQ2A	1	32	167	198	4.3997917	87.6549187
6IX1A	1	57	4	60	175.32686	973.25081
6IX1A	1	57	62	117	110.72984	973.25081
6IX1A	1	57	118	170	138.75366	973.25081
6IX1A	1	57	171	220	172.15562	973.25081
7VO6A	1	33	45	77	67.402954	331.214251
7VO6A	1	33	78	110	75.21988	331.214251
7VO6A	1	33	111	143	65.55556	331.214251
7VO6A	1	33	144	176	60.969387	331.214251
7VO6A	1	33	177	209	62.06647	331.214251
4UUCA	1	32	6	38	47.18467	330.858325
4UUCA	1	32	39	71	57.258385	330.858325
4UUCA	1	32	72	103	62.101547	330.858325
4UUCA	1	32	104	136	54.88162	330.858325
4UUCA	1	32	137	168	57.524815	330.858325
4UUCA	1	32	169	201	38.020058	330.858325
4UUCA	1	32	202	222	13.88723	330.858325
5VAAA	1	87	17	103	277.5	515
5VAAA	1	87	125	207	237.5	515
1WDNA	1	74	75	148	216.59431	328.04112
1WDNA	1	74	149	223	111.44681	328.04112
2OLTA	1	73	28	100	113.79451	242.30962
2OLTA	1	73	101	137	-46.91391	242.30962
2OLTA	1	73	138	210	175.42902	242.30962
5FSBA	1	38	2	39	136.27873	782.90273
5FSBA	1	38	40	76	127.43515	782.90273
5FSBA	1	38	77	114	138.15277	782.90273
5FSBA	1	38	115	154	136.6956	782.90273
5FSBA	1	38	155	192	129.95949	782.90273
5FSBA	1	38	193	227	114.38099	782.90273
1JFLA	1	52	60	111	175	318
1JFLA	1	52	172	224	143	318
1G61A	1	43	10	52	69.2399	301.52187
1G61A	1	43	54	96	94.0726	301.52187
1G61A	1	43	102	144	44.486317	301.52187
1G61A	1	43	145	190	55.470993	301.52187
1G61A	1	43	191	225	38.25206	301.52187
2Y7IA	1	88	91	178	232.99596	257.144802
2Y7IA	1	88	55	90	24.148842	257.144802
4MUZA	1	103	66	168	230.9542	303.775727
4MUZA	1	103	169	184	26.595861	303.775727
4MUZA	1	103	16	52	46.225666	303.775727
4Y6WA	1	42	5	46	180.03758	919.38288
4Y6WA	1	42	47	88	188.55522	919.38288
4Y6WA	1	42	89	130	188.55522	919.38288
4Y6WA	1	42	131	172	188.55522	919.38288
4Y6WA	1	42	173	214	173.67964	919.38288
1T61A	1	101	11	111	397.5	751.5
1T61A	1	101	121	225	354	751.5
6DBFA	1	22	64	85	25.53518	296.657421
6DBFA	1	22	86	107	44.751366	296.657421
6DBFA	1	22	108	129	45.16043	296.657421
6DBFA	1	22	130	151	46.764767	296.657421
6DBFA	1	22	152	173	45.803806	296.657421
6DBFA	1	22	174	195	46.743225	296.657421
6DBFA	1	22	196	217	41.898647	296.657421
8C3WA	1	35	2	36	125.36666	744.895032
8C3WA	1	35	37	71	124.572105	744.895032
8C3WA	1	35	72	106	125.72164	744.895032
8C3WA	1	35	107	141	122.478386	744.895032
8C3WA	1	35	142	176	120.794365	744.895032
8C3WA	1	35	177	211	125.961876	744.895032
8UMZA	1	83	1	83	191.55125	399.33204
8UMZA	1	83	84	183	147.0744	399.33204
8UMZA	1	83	184	215	60.70639	399.33204
5CECB	1	33	35	67	48.858955	245.787788
5CECB	1	33	68	100	38.50223	245.787788
5CECB	1	33	101	135	18.412289	245.787788
5CECB	1	33	136	168	74.28617	245.787788
5CECB	1	33	170	201	44.216404	245.787788
5CECB	1	33	202	220	21.51174	245.787788
8QPSA	1	52	43	96	64.17589	238.253625
8QPSA	1	52	97	148	92.52172	238.253625
8QPSA	1	52	149	197	23.219551	238.253625
8QPSA	1	52	201	228	58.336464	238.253625
4CCSA	1	105	5	109	334	618
4CCSA	1	105	122	226	284	618
3NDOA	1	33	84	116	43.687035	152.855195
3NDOA	1	33	117	149	59.241356	152.855195
3NDOA	1	33	150	179	35.955578	152.855195
3NDOA	1	33	180	212	13.971226	152.855195
3TT9A	1	43	39	80	96.49733	450.53461
3TT9A	1	43	81	123	126.21707	450.53461
1N7KA	1	59	57	114	115.705055	644.23236
1N7KA	1	59	115	177	104.365585	644.23236
1N7KA	1	59	178	224	117.62546	644.23236
1O1ZA	1	15	70	83	31.686077	60.594845
1O1ZA	1	15	84	95	28.908768	60.594845
5CWPA	1	56	2	57	183.42456	803.3481
5CWPA	1	56	58	113	224.02727	803.3481
5CWPA	1	56	114	169	224.02727	803.3481
5CWPA	1	56	170	225	171.869	803.3481
1SUMB	1	76	31	106	187.99576	254.31853
1SUMB	1	76	107	202	66.32277	254.31853
2X8XX	1	53	21	73	163.9688	312.97655
2X8XX	1	53	178	230	149.00775	312.97655
5WUCA	1	68	14	81	185.44547	292.832265
5WUCA	1	68	82	166	107.386795	292.832265
4G3AA	1	78	64	142	162.83646	423.47997
4G3AA	1	78	143	219	211.82512	423.47997
4G3AA	1	78	220	236	48.81839	423.47997
3MYXA	1	32	67	98	94.027504	174.04052
3MYXA	1	32	188	220	80.013016	174.04052
4RUQA	1	34	6	39	52.30162	229.081666
4RUQA	1	34	40	73	50.642937	229.081666
4RUQA	1	34	74	118	42.468506	229.081666
4RUQA	1	34	119	161	15.825283	229.081666
4RUQA	1	34	162	191	67.84332	229.081666
2XWTC	1	25	28	52	32.71025	156.903237
2XWTC	1	25	53	77	35.436733	156.903237
2XWTC	1	25	78	102	28.26769	156.903237
2XWTC	1	25	127	152	11.725302	156.903237
2XWTC	1	25	153	177	27.925692	156.903237
2XWTC	1	25	178	201	20.83757	156.903237
3EU9A	1	33	16	48	54.09171	314.023076
3EU9A	1	33	49	82	46.438343	314.023076
3EU9A	1	33	83	115	59.42652	314.023076
3EU9A	1	33	116	148	74.53056	314.023076
3EU9A	1	33	149	183	38.67426	314.023076
3EU9A	1	33	184	216	40.861683	314.023076
1QO2A	1	111	6	124	285.05167	539.818
1QO2A	1	111	125	235	254.76633	539.818
3NN1A	1	86	12	97	260.5	504.5
3NN1A	1	86	130	216	244	504.5
1K1AA	1	33	6	42	25.371292	310.085956
1K1AA	1	33	43	75	55.73448	310.085956
1K1AA	1	33	76	112	46.298813	310.085956
1K1AA	1	33	113	145	62.678593	310.085956
1K1AA	1	33	146	179	49.34394	310.085956
1K1AA	1	33	180	212	44.505573	310.085956
1K1AA	1	33	213	233	26.153265	310.085956
3IDVA	1	104	18	121	430.5	868.5
3IDVA	1	104	133	236	438	868.5
4OPWA	1	40	90	131	27.274403	243.430899
4OPWA	1	40	132	171	90.67918	243.430899
4OPWA	1	40	172	211	80.73424	243.430899
4OPWA	1	40	212	238	44.743076	243.430899
5Y9WA	1	24	50	74	23.123835	269.365764
5Y9WA	1	24	75	97	42.01279	269.365764
5Y9WA	1	24	98	122	41.127293	269.365764
5Y9WA	1	24	123	146	50.445396	269.365764
5Y9WA	1	24	147	170	58.907524	269.365764
5Y9WA	1	24	171	193	37.650993	269.365764
5Y9WA	1	24	194	206	16.097933	269.365764
6GRFB	1	80	57	136	269	521
6GRFB	1	80	159	240	252	521
2HLSA	1	102	6	107	313.5	575.5
2HLSA	1	102	115	216	262	575.5
3MBRX	1	73	54	126	210.3224	331.72737
3MBRX	1	73	127	198	121.40497	331.72737
3H7JA	1	79	30	108	261	431.5
3H7JA	1	79	109	230	170.5	431.5
7YA7A	1	20	58	77	37.809433	267.158122
7YA7A	1	20	78	97	38.402874	267.158122
7YA7A	1	20	98	117	40.283707	267.158122
7YA7A	1	20	118	137	41.24912	267.158122
7YA7A	1	20	138	157	40.40976	267.158122
7YA7A	1	20	158	177	37.920418	267.158122
7YA7A	1	20	178	196	31.08281	267.158122
2Y88A	1	84	5	88	238.65503	375.33875
2Y88A	1	84	89	207	136.68372	375.33875
2F2BA	1	95	9	108	260.8303	412.21188
2F2BA	1	95	109	226	151.38158	412.21188
5CWIA	1	30	2	31	71.76044	728.35705
5CWIA	1	30	32	61	92.83738	728.35705
5CWIA	1	30	62	91	97.61075	728.35705
5CWIA	1	30	92	121	100.13624	728.35705
5CWIA	1	30	122	151	97.61075	728.35705
5CWIA	1	30	152	181	100.13624	728.35705
5CWIA	1	30	182	211	90.4859	728.35705
5CWIA	1	30	212	241	77.77935	728.35705
8TLPA	1	59	23	81	164.11247	717.94041
8TLPA	1	59	82	140	210.95784	717.94041
8TLPA	1	59	141	199	206.6322	717.94041
8TLPA	1	59	200	250	136.2379	717.94041
2HO1A	1	34	35	68	68.76412	191.202062
2HO1A	1	34	69	102	43.326797	191.202062
2HO1A	1	34	103	138	15.37228	191.202062
2HO1A	1	34	139	172	63.738865	191.202062
3V68A	1	16	19	34	21.925514	79.893017
3V68A	1	16	35	49	33.451443	79.893017
3V68A	1	16	50	67	24.51606	79.893017
4HXTA	1	42	4	45	164.72678	1009.28298
4HXTA	1	42	46	87	184.60992	1009.28298
4HXTA	1	42	88	129	184.60992	1009.28298
4HXTA	1	42	130	171	184.60992	1009.28298
4HXTA	1	42	172	213	180.61075	1009.28298
4HXTA	1	42	214	242	110.11569	1009.28298
5A5WA	1	70	44	113	188.04608	352.32025
5A5WA	1	70	164	236	164.27417	352.32025
3U1WA	1	116	7	122	350.5	620.5
3U1WA	1	116	123	251	270	620.5
7CJSA	1	87	12	98	269.9834	480.57498
7CJSA	1	87	128	208	210.59158	480.57498
5M3QA	1	44	51	95	49.344837	223.86759
5M3QA	1	44	96	140	68.87209	223.86759
5M3QA	1	44	141	184	62.821373	223.86759
5M3QA	1	44	185	221	42.82929	223.86759
1ZVTB	1	51	27	77	76.15645	270.33766
1ZVTB	1	51	78	126	105.80737	270.33766
1ZVTB	1	51	127	178	88.37384	270.33766
4LEUA	1	35	113	148	48.436863	197.363981
4LEUA	1	35	149	183	62.817215	197.363981
4LEUA	1	35	184	218	72.09041	197.363981
4LEUA	1	35	219	253	14.019493	197.363981
3DU1X	1	10	46	55	14.563932	110.370232
3DU1X	1	10	56	65	15.510028	110.370232
3DU1X	1	10	126	135	14.435438	110.370232
3DU1X	1	10	166	175	16.453854	110.370232
3DU1X	1	10	176	185	15.261621	110.370232
3DU1X	1	10	204	213	16.268162	110.370232
3DU1X	1	10	214	223	17.877197	110.370232
3DU1X	2	10	77	86	19.211565	73.448422
3DU1X	2	10	87	96	20.656979	73.448422
3DU1X	2	10	97	106	17.925499	73.448422
3DU1X	2	10	117	126	15.654379	73.448422
2YFAA	1	61	24	80	35.793007	275.8175165
2YFAA	1	61	81	140	136.43932	275.8175165
2YFAA	1	61	141	200	14.1377945	275.8175165
2YFAA	1	61	201	258	89.447395	275.8175165
3C9ZA	1	41	12	52	63.431526	320.662476
3C9ZA	1	41	53	95	84.67516	320.662476
3C9ZA	1	41	96	140	17.630314	320.662476
3C9ZA	1	41	141	181	48.98912	320.662476
3C9ZA	1	41	182	222	88.98909	320.662476
3C9ZA	1	41	223	251	16.947266	320.662476
6SWZAAA	1	54	6	57	82.70697	999.798002
6SWZAAA	1	54	58	111	93.87581	999.798002
6SWZAAA	1	54	112	162	108.961365	999.798002
6SWZAAA	1	54	163	215	129.05475	999.798002
6SWZAAA	1	54	216	241	93.4098	999.798002
3LUFB	1	119	3	121	351	635
3LUFB	1	119	122	245	284	635
4ZA3B	1	40	17	57	67.075294	298.08624
4ZA3B	1	40	58	97	88.536896	298.08624
4ZA3B	1	40	100	144	12.668224	298.08624
4ZA3B	1	40	145	185	61.576836	298.08624
4ZA3B	1	40	186	224	68.22899	298.08624
5J3UA	1	122	4	123	369.79535	716.93105
5J3UA	1	122	124	250	347.1357	716.93105
1WCWA	1	101	2	102	225	497
1WCWA	1	101	103	226	210.5	497
1WCWA	1	101	227	249	61.5	497
1H32A	1	97	59	155	301	551.5
1H32A	1	97	160	258	250.5	551.5
1M2TB	1	43	46	86	29.111282	374.026722
1M2TB	1	43	87	129	30.97028	374.026722
1M2TB	1	43	130	169	27.361996	374.026722
1M2TB	1	43	170	212	49.335297	374.026722
1M2TB	1	43	213	254	71.75403	374.026722
2Q0TA	1	128	1	126	428.48654	882.26639
2Q0TA	1	128	127	254	453.77985	882.26639
6AIGA	1	63	3	66	24.174477	284.017369
6AIGA	1	63	67	135	52.859062	284.017369
6AIGA	1	63	136	197	94.67649	284.017369
6AIGA	1	63	198	254	112.30734	284.017369
7N5IA	1	122	12	138	289.421	503.7855
7N5IA	1	122	139	265	214.3645	503.7855
2QV6A	1	113	2	114	326.5	605
2QV6A	1	113	132	243	278.5	605
4G9QA	1	107	26	132	363.0787	659.42608
4G9QA	1	107	133	258	296.34738	659.42608
3M66A	1	36	51	86	36.755234	210.878137
3M66A	1	36	87	121	53.30057	210.878137
3M66A	1	36	122	157	47.885456	210.878137
3M66A	1	36	158	193	54.655727	210.878137
3M66A	1	36	194	218	18.28115	210.878137
2O62A	1	55	71	125	159.746	264.00467
2O62A	1	55	213	267	104.25867	264.00467
2DRIA	1	28	56	90	9.504803	85.0845938
2DRIA	1	28	91	118	58.193253	85.0845938
2DRIA	1	28	119	139	3.4371758	85.0845938
2DRIA	1	28	140	162	13.949362	85.0845938
3O74A	1	33	20	52	100.71359	170.121854
3O74A	1	33	53	80	43.719864	170.121854
3O74A	1	33	81	111	25.6884	170.121854
1OUVA	1	36	19	54	106.51419	694.66165
1OUVA	1	36	55	90	112.159386	694.66165
1OUVA	1	36	91	126	99.57751	694.66165
1OUVA	1	36	127	162	107.761505	694.66165
1OUVA	1	36	163	198	109.319984	694.66165
1OUVA	1	36	199	234	108.96653	694.66165
1OUVA	1	36	235	263	50.362545	694.66165
5ZT8A	1	112	20	131	318.10355	607.1879
5ZT8A	1	112	144	252	289.08435	607.1879
3FS8A	2	18	90	107	30.864298	80.019072
3FS8A	2	18	108	125	26.174242	80.019072
3FS8A	2	18	126	143	22.980532	80.019072
3FS8A	3	18	209	228	10.422993	34.75462
3FS8A	3	18	229	246	24.331627	34.75462
2GKEA	1	95	9	106	216.5	522
2GKEA	1	95	155	249	305.5	522
5I32A	1	108	28	135	283.24365	470.20975
5I32A	1	108	150	248	186.9661	470.20975
3NO2A	1	40	76	118	88.4674	190.003842
3NO2A	1	40	119	164	26.720722	190.003842
3NO2A	1	40	165	194	74.81572	190.003842
3NO0A	1	50	38	82	19.921791	654.486487
3NO0A	1	50	83	129	73.38149	654.486487
3NO0A	1	50	130	179	87.14923	654.486487
3NO0A	1	50	180	227	84.038895	654.486487
3NO0A	1	50	228	276	88.716324	654.486487
2Z62A	1	24	29	52	29.45589	232.90689
2Z62A	1	24	53	76	39.37458	232.90689
2Z62A	1	24	77	100	44.2584	232.90689
2Z62A	1	24	125	149	24.290092	232.90689
2Z62A	1	24	150	173	29.905926	232.90689
2Z62A	1	24	174	200	22.19291	232.90689
2Z62A	1	24	201	224	43.429092	232.90689
5OUOA	1	83	26	108	261.89935	540.34807
5OUOA	1	83	109	199	159.72324	540.34807
5OUOA	1	83	200	251	118.72548	540.34807
4MVAA	1	33	105	137	101.95208	396.31554
4MVAA	1	33	138	171	101.95208	396.31554
4QQ0A	1	65	27	90	102.115845	319.997543
4QQ0A	1	65	91	156	49.2474	319.997543
4QQ0A	1	65	157	220	125.45128	319.997543
4QQ0A	1	65	221	246	43.183018	319.997543
7QRVA	1	47	12	58	95.83881	564.426927
7QRVA	1	47	59	103	97.03913	564.426927
7QRVA	1	47	104	147	105.979935	564.426927
7QRVA	1	47	148	194	93.850876	564.426927
7QRVA	1	47	195	241	113.36183	564.426927
7QRVA	1	47	242	277	58.356346	564.426927
3RGAA	1	126	3	128	436.54587	805.24524
3RGAA	1	126	135	277	368.69937	805.24524
8SUCA	1	45	5	43	49.1593	251.764001
8SUCA	1	45	44	90	7.826103	251.764001
8SUCA	1	45	91	140	45.263763	251.764001
8SUCA	1	45	181	225	113.62059	251.764001
8SUCA	1	45	226	268	35.894245	251.764001
2RIKA	1	93	1	93	217.7616	709.65591
2RIKA	1	93	94	187	199.46349	709.65591
2RIKA	1	93	188	280	292.43082	709.65591
8QKDA	1	63	6	68	203.51735	916.0012
8QKDA	1	63	69	131	210.10516	916.0012
8QKDA	1	63	132	194	216.35184	916.0012
8QKDA	1	63	195	257	209.31262	916.0012
8QKDA	1	63	258	284	76.71423	916.0012
1WDYA	1	33	9	42	48.336548	396.575706
1WDYA	1	33	43	75	50.055347	396.575706
1WDYA	1	33	76	108	66.435394	396.575706
1WDYA	1	33	109	151	32.59576	396.575706
1WDYA	1	33	152	185	72.87313	396.575706
1WDYA	1	33	186	222	50.17476	396.575706
1WDYA	1	33	223	256	48.262417	396.575706
1WDYA	1	33	257	280	27.84235	396.575706
1OZNA	1	24	35	58	44.729744	329.40007
1OZNA	1	24	59	82	40.27168	329.40007
1OZNA	1	24	83	107	35.033936	329.40007
1OZNA	1	24	108	131	31.018332	329.40007
1OZNA	1	24	132	155	47.60724	329.40007
1OZNA	1	24	156	179	51.42393	329.40007
1OZNA	1	24	180	203	45.55067	329.40007
1OZNA	1	24	204	227	33.764538	329.40007
1Q7FA	1	43	28	74	79.04971	419.56972
1Q7FA	1	43	75	118	83.29711	419.56972
1Q7FA	1	43	119	161	92.13378	419.56972
1Q7FA	1	43	162	204	93.92782	419.56972
1Q7FA	1	43	205	248	71.1613	419.56972
3AJ6A	1	45	11	54	64.523705	347.535179
3AJ6A	1	45	55	99	83.99797	347.535179
3AJ6A	1	45	100	147	52.10936	347.535179
3AJ6A	1	45	148	192	65.68589	347.535179
3AJ6A	1	45	193	238	34.550972	347.535179
3AJ6A	1	45	239	283	46.667282	347.535179
7BIFA	1	41	2	42	208.73145	1670.12015
7BIFA	1	41	43	83	208.73145	1670.12015
7BIFA	1	41	84	124	208.73145	1670.12015
7BIFA	1	41	125	165	208.73145	1670.12015
7BIFA	1	41	166	206	208.73145	1670.12015
7BIFA	1	41	207	247	208.73145	1670.12015
7BIFA	1	41	248	288	208.73145	1670.12015
2YN5A	1	103	25	116	205.413	726.72819
2YN5A	1	103	117	216	328.08136	726.72819
2YN5A	1	103	217	288	193.23383	726.72819
1YBIA	1	95	1	90	22.058525	269.106544
1YBIA	1	95	91	185	242.20935	269.106544
1YBIA	1	95	186	283	4.838669	269.106544
1KZQA	1	125	6	135	333.18433	1467.01789
1KZQA	1	125	136	260	328.91696	1467.01789
1P9AG	1	24	21	41	16.674685	186.4848977
1P9AG	1	24	42	65	7.8368797	186.4848977
1P9AG	1	24	66	87	33.37577	186.4848977
1P9AG	1	24	88	110	46.51858	186.4848977
1P9AG	1	24	111	134	29.161884	186.4848977
1P9AG	1	24	135	158	30.427612	186.4848977
1P9AG	1	24	159	182	22.489487	186.4848977
7PLDA	1	71	116	186	215.94417	270.53458
7PLDA	1	71	187	269	54.59041	270.53458
7PLDA	2	30	24	53	108.5	201.5
7PLDA	2	30	64	92	93	201.5
7PLDA	3	13	193	205	45	86.5
7PLDA	3	13	100	110	41.5	86.5
4M9PA	1	93	1	93	280.08817	673.89426
4M9PA	1	93	94	186	183.84944	673.89426
4M9PA	1	93	187	286	209.95665	673.89426
7OFEA	1	47	2	47	78.53706	666.319515
7OFEA	1	47	48	98	100.3541	666.319515
7OFEA	1	47	99	145	117.3183	666.319515
7OFEA	1	47	146	192	129.7568	666.319515
7OFEA	1	47	193	239	117.478455	666.319515
7OFEA	1	47	240	286	122.8748	666.319515
4RWEA	1	59	26	88	84.38754	255.4401
4RWEA	1	59	89	152	83.62663	255.4401
4RWEA	1	59	153	213	46.933357	255.4401
4RWEA	1	59	214	236	40.492573	255.4401
7X0HA	1	69	52	114	74.22324	202.99759
7X0HA	1	69	115	145	-35.94937	202.99759
7X0HA	1	69	146	214	164.72372	202.99759
6OMZA	1	58	12	70	72.80663	244.625153
6OMZA	1	58	71	129	128.43658	244.625153
6OMZA	1	58	130	193	43.381943	244.625153
4RKQA	1	45	33	77	145.86449	242.6314
4RKQA	1	45	155	198	96.76691	242.6314
4D4ZA	1	127	6	132	398.88535	748.69507
4D4ZA	1	127	133	283	349.80972	748.69507
4EVFA	1	49	1	49	126.47606	200.655985
4EVFA	1	49	50	99	-15.895205	200.655985
4EVFA	1	49	151	200	90.07513	200.655985
6BNZA	1	126	31	156	503	981.5
6BNZA	1	126	161	290	478.5	981.5
3BRQB	1	54	88	141	133.31575	225.797193
3BRQB	1	54	142	200	80.754776	225.797193
3BRQB	1	54	201	234	11.726667	225.797193
5WQJB	1	40	86	125	145.5	250
5WQJB	1	40	248	289	104.5	250
4XA9A	1	24	41	64	37.30333	305.196312
4XA9A	1	24	65	88	40.20896	305.196312
4XA9A	1	24	89	112	46.778835	305.196312
4XA9A	1	24	113	135	27.498938	305.196312
4XA9A	1	24	136	159	35.344624	305.196312
4XA9A	1	24	160	183	25.525776	305.196312
4XA9A	1	24	184	207	30.102867	305.196312
4XA9A	1	24	208	231	37.353886	305.196312
4XA9A	1	24	232	246	25.079096	305.196312
3ROTA	1	11	209	217	28.27041	64.149694
3ROTA	1	11	218	228	35.879284	64.149694
4NIRA	1	59	69	127	171.32347	310.89345
4NIRA	1	59	128	190	139.56998	310.89345
2OJHA	1	44	49	91	39.332954	297.42871
2OJHA	1	44	92	135	66.82942	297.42871
2OJHA	1	44	136	178	77.65241	297.42871
2OJHA	1	44	180	222	57.92923	297.42871
2OJHA	1	44	223	276	22.429642	297.42871
2OJHA	1	44	279	289	33.255054	297.42871
5C0PA	1	35	144	175	71.41627	176.647841
5C0PA	1	35	176	213	90.15744	176.647841
5C0PA	1	35	214	257	15.074131	176.647841
2Z2NA	1	42	4	45	80.411835	779.101294
2Z2NA	1	42	46	87	113.21179	779.101294
2Z2NA	1	42	88	129	123.67186	779.101294
2Z2NA	1	42	130	171	111.767815	779.101294
2Z2NA	1	42	172	213	114.57724	779.101294
2Z2NA	1	42	214	255	109.547386	779.101294
2Z2NA	1	42	256	292	64.93251	779.101294
6BD0A	1	129	12	140	417.90494	796.15482
6BD0A	1	129	168	297	378.24988	796.15482
7NYQA	1	42	58	99	104.791336	216.264598
7NYQA	1	42	106	149	12.937279	216.264598
7NYQA	1	42	192	229	53.327553	216.264598
7NYQA	1	42	235	263	45.20843	216.264598
2VPJA	1	47	13	60	73.724655	660.580509
2VPJA	1	47	61	110	103.39463	660.580509
2VPJA	1	47	111	157	116.56769	660.580509
2VPJA	1	47	158	204	120.33638	660.580509
2VPJA	1	47	205	251	126.843254	660.580509
2VPJA	1	47	252	298	119.7139	660.580509
8EWXA	1	42	9	50	49.472603	355.137881
8EWXA	1	42	51	92	40.955963	355.137881
8EWXA	1	42	93	135	89.79426	355.137881
8EWXA	1	42	136	179	52.677105	355.137881
8EWXA	1	42	180	223	54.3563	355.137881
8EWXA	1	42	224	265	67.88165	355.137881
4CHBA	1	47	14	59	88.81215	713.029235
4CHBA	1	47	60	106	117.34011	713.029235
4CHBA	1	47	107	153	139.19275	713.029235
4CHBA	1	47	154	202	123.92059	713.029235
4CHBA	1	47	203	249	124.752495	713.029235
4CHBA	1	47	250	297	119.01114	713.029235
4LOXA	1	137	1	138	454.5	871.5
4LOXA	1	137	139	297	417	871.5
6Z30A	1	136	11	146	464.5	831.5
6Z30A	1	136	153	291	367	831.5
5KTNA	1	87	3	92	135.83337	500.581458
5KTNA	1	87	93	179	130.31082	500.581458
5KTNA	1	87	180	265	204.37517	500.581458
5KTNA	1	87	266	278	30.062098	500.581458
6GY5A	1	47	16	62	134.45232	820.148676
6GY5A	1	47	63	110	137.92152	820.148676
6GY5A	1	47	111	157	151.1856	820.148676
6GY5A	1	47	158	204	143.99695	820.148676
6GY5A	1	47	205	251	137.76999	820.148676
6GY5A	1	47	252	298	114.822296	820.148676
2Z66A	1	24	28	51	25.204704	248.993551
2Z66A	1	24	52	77	3.385746	248.993551
2Z66A	1	24	78	100	27.780415	248.993551
2Z66A	1	24	101	125	23.874153	248.993551
2Z66A	1	24	126	149	38.28173	248.993551
2Z66A	1	24	150	174	22.652588	248.993551
2Z66A	1	24	175	198	34.24751	248.993551
2Z66A	1	24	199	222	27.78041	248.993551
2Z66A	1	24	223	246	23.315842	248.993551
2Z66A	1	24	248	260	22.470453	248.993551
3KSTA	1	60	12	76	68.63188	306.198938
3KSTA	1	60	77	131	113.427376	306.198938
3KSTA	1	60	132	184	20.860992	306.198938
3KSTA	1	60	185	249	103.27869	306.198938
2P4OA	1	78	3	82	218.5	336
2P4OA	1	78	83	177	-30	336
2P4OA	1	78	178	266	147.5	336
3II7A	1	47	15	57	56.884766	367.26839
3II7A	1	47	58	103	85.78778	367.26839
3II7A	1	47	104	151	56.991966	367.26839
3II7A	1	47	152	202	62.050873	367.26839
3II7A	1	47	203	249	63.094948	367.26839
3II7A	1	47	250	275	42.458057	367.26839
6XG7A	1	47	23	69	89.23004	714.92851
6XG7A	1	47	70	116	124.01367	714.92851
6XG7A	1	47	117	163	128.02939	714.92851
6XG7A	1	47	164	210	118.94585	714.92851
6XG7A	1	47	211	257	126.32894	714.92851
6XG7A	1	47	258	304	128.38062	714.92851
1QYAB	1	58	62	119	106.89131	294.344944
1QYAB	1	58	120	186	138.19354	294.344944
1QYAB	1	58	187	234	49.260094	294.344944
6KFNA	1	65	56	120	155.24236	204.08055
6KFNA	1	65	21	55	48.83819	204.08055
6KFNA	2	57	122	186	33.608223	258.066093
6KFNA	2	57	187	243	141.6458	258.066093
6KFNA	2	57	244	302	82.81207	258.066093
7RIZA	1	98	72	172	247.95172	474.69022
7RIZA	1	98	173	270	172.76607	474.69022
7RIZA	1	98	271	301	53.97243	474.69022
7RIZA	2	14	11	24	45.391098	90.431998
7RIZA	2	14	54	64	45.0409	90.431998
8WLBA	1	38	167	204	82.9021	399.846214
8WLBA	1	38	205	245	95.47756	399.846214
8WLBA	1	38	246	276	67.78273	399.846214
5NUVA	1	39	25	65	42.12338	308.896815
5NUVA	1	39	66	110	33.245888	308.896815
5NUVA	1	39	111	149	70.29718	308.896815
5NUVA	1	39	150	190	29.218216	308.896815
5NUVA	1	39	191	229	73.82085	308.896815
5NUVA	1	39	236	279	32.1082	308.896815
5NUVA	1	39	280	306	28.083101	308.896815
5HSGA	1	97	81	154	52.500793	255.969773
5HSGA	1	97	155	251	203.46898	255.969773
2II2A	1	81	77	155	130.51233	389.136165
2II2A	1	81	156	235	164.98923	389.136165
2II2A	1	81	236	302	93.634605	389.136165
5NXKA	1	37	74	110	74.24611	120.475389
5NXKA	1	37	111	138	20.122139	120.475389
5NXKA	1	37	28	60	26.10714	120.475389
2H1VA	1	28	88	115	53.921738	115.770962
2H1VA	1	28	116	151	32.696774	115.770962
2H1VA	1	28	152	182	29.15245	115.770962
3QZ4A	1	114	6	129	314	682
3QZ4A	1	114	130	243	368	682
8OV5M	1	149	2	150	582.29034	1128.95898
8OV5M	1	149	165	312	546.66864	1128.95898
6LGVA	1	52	142	193	73.79515	240.44284
6LGVA	1	52	194	245	115.764496	240.44284
6LGVA	1	52	246	304	50.883194	240.44284
2H3HA	1	127	20	142	332.43478	932.68073
2H3HA	1	127	143	273	335.9679	932.68073
3ODTB	1	41	17	57	41.64227	361.253845
3ODTB	1	41	103	140	60.802803	361.253845
3ODTB	1	41	141	182	76.28008	361.253845
3ODTB	1	41	183	223	64.93505	361.253845
3ODTB	1	41	224	264	63.778862	361.253845
3ODTB	1	41	265	296	53.81478	361.253845
6E1ZA	1	42	19	60	102.21763	643.334781
6E1ZA	1	42	61	102	110.69095	643.334781
6E1ZA	1	42	103	144	118.91335	643.334781
6E1ZA	1	42	145	186	111.01438	643.334781
6E1ZA	1	42	187	229	90.83907	643.334781
6E1ZA	1	42	230	274	64.873825	643.334781
6E1ZA	1	42	275	309	44.785576	643.334781
1OGQA	1	24	68	92	28.327099	287.229068
1OGQA	1	24	93	116	36.355442	287.229068
1OGQA	1	24	117	140	41.580975	287.229068
1OGQA	1	24	141	164	42.87769	287.229068
1OGQA	1	24	165	189	30.455627	287.229068
1OGQA	1	24	190	212	43.473072	287.229068
1OGQA	1	24	237	259	21.49726	287.229068
1OGQA	1	24	260	283	42.661903	287.229068
3M73A	1	127	20	146	350.1551	576.97373
3M73A	1	127	147	261	158.87372	576.97373
3M73A	1	127	264	306	67.94491	576.97373
4ASCA	1	48	40	92	51.24794	628.705626
4ASCA	1	48	93	140	68.085785	628.705626
4ASCA	1	48	141	190	111.11371	628.705626
4ASCA	1	48	191	237	79.10459	628.705626
4ASCA	1	48	238	254	70.93497	628.705626
4QQSA	1	123	51	168	392.8811	1105.69238
4QQSA	1	123	169	303	392.95532	1105.69238
1DM5A	1	72	18	89	187.3877	634.632494
1DM5A	1	72	90	169	159.38342	634.632494
1DM5A	1	72	170	248	123.690994	634.632494
1DM5A	1	72	249	312	164.17038	634.632494
7KQQA	1	42	19	64	37.73589	227.83662
7KQQA	1	42	65	107	42.789314	227.83662
7KQQA	1	42	108	148	32.67821	227.83662
7KQQA	1	42	149	190	57.89568	227.83662
7KQQA	1	42	191	233	16.78754	227.83662
7KQQA	1	42	234	274	39.949986	227.83662
9BORA	1	130	38	167	370.86533	425.994023
9BORA	1	130	168	254	55.128693	425.994023
6Z6CAAA	1	51	21	68	73.945206	453.082511
6Z6CAAA	1	51	69	123	69.87725	453.082511
6Z6CAAA	1	51	124	172	127.517944	453.082511
6Z6CAAA	1	51	173	225	67.54503	453.082511
6Z6CAAA	1	51	226	277	82.64786	453.082511
6Z6CAAA	1	51	278	289	31.549221	453.082511
8VD9A	1	17	44	67	9	111.5
8VD9A	1	17	68	84	50	111.5
8VD9A	1	17	226	240	52.5	111.5
6KM7A	1	42	22	61	44.83512	180.303347
6KM7A	1	42	62	102	47.600616	180.303347
6KM7A	1	42	149	195	31.236454	180.303347
6KM7A	1	42	196	234	6.173647	180.303347
6KM7A	1	42	235	290	50.45751	180.303347
3O53A	1	46	35	80	61.25228	229.195599
3O53A	1	46	81	123	36.112732	229.195599
3O53A	1	46	124	168	42.43854	229.195599
3O53A	1	46	170	214	62.074417	229.195599
3O53A	1	46	215	247	27.31763	229.195599
4KH8A	1	122	9	130	375.32147	754.219783
4KH8A	1	122	131	294	318.1723	754.219783
4KH8A	1	122	295	310	60.726013	754.219783
6QV7A	1	40	44	83	131.5	255.5
6QV7A	1	40	200	238	124	255.5
4ZI9A	1	109	7	113	102.6476	630.97838
4ZI9A	1	109	114	222	275.55194	630.97838
4ZI9A	1	109	223	310	252.77884	630.97838
4GGCA	1	41	31	72	37.219284	424.355864
4GGCA	1	41	73	114	78.9743	424.355864
4GGCA	1	41	115	155	39.992836	424.355864
4GGCA	1	41	156	201	73.68932	424.355864
4GGCA	1	41	202	245	64.13357	424.355864
4GGCA	1	41	246	289	44.592453	424.355864
4GGCA	1	41	290	311	38.947384	424.355864
3SOVA	1	43	22	64	47.956856	352.708316
3SOVA	1	43	65	108	59.31066	352.708316
3SOVA	1	43	109	152	80.64559	352.708316
3SOVA	1	43	153	195	82.99386	352.708316
3SOVA	1	43	196	225	81.80135	352.708316
7CBCA	1	78	3	80	169.13078	513.102693
7CBCA	1	78	81	176	188.17282	513.102693
7CBCA	1	78	177	257	116.70035	513.102693
7CBCA	1	78	258	284	39.098743	513.102693
6HNIA	1	59	134	190	61.03279	259.520415
6HNIA	1	59	191	248	141.4086	259.520415
6HNIA	1	59	249	296	57.079025	259.520415
7XFRA	1	46	179	224	129.18745	237.43638
7XFRA	1	46	225	273	108.24893	237.43638
2ZHJA	1	72	21	92	146.75366	610.9004
2ZHJA	1	72	93	164	182.656	610.9004
2ZHJA	1	72	165	248	131.9588	610.9004
2ZHJA	1	72	249	317	149.53194	610.9004
3P4GA	1	19	66	81	21.621155	419.594093
3P4GA	1	19	82	100	52.306347	419.594093
3P4GA	1	19	101	119	54.482742	419.594093
3P4GA	1	19	120	138	54.040928	419.594093
3P4GA	1	19	139	157	48.39097	419.594093
3P4GA	1	19	158	176	50.09631	419.594093
3P4GA	1	19	177	197	20.388475	419.594093
3P4GA	1	19	198	216	45.207306	419.594093
3P4GA	1	19	217	235	47.936794	419.594093
3P4GA	1	19	236	256	25.123066	419.594093
5MXCA	1	46	9	61	57.610992	449.277232
5MXCA	1	46	62	107	40.307327	449.277232
5MXCA	1	46	114	163	109.74823	449.277232
5MXCA	1	46	164	212	82.43999	449.277232
5MXCA	1	46	213	256	61.11207	449.277232
5MXCA	1	46	257	308	71.70962	449.277232
6XYZA	1	68	3	73	192	399
6XYZA	1	68	210	277	207	399
5A8CA	1	64	39	102	101.288025	362.814793
5A8CA	1	64	103	166	208.59457	362.814793
5A8CA	1	64	167	187	52.932198	362.814793
6DEHA	1	36	34	68	48.34588	577.647705
6DEHA	1	36	69	104	98.28193	577.647705
6DEHA	1	36	105	140	95.04753	577.647705
6DEHA	1	36	141	176	98.403435	577.647705
6DEHA	1	36	177	212	90.35773	577.647705
6DEHA	1	36	213	248	77.01402	577.647705
6DEHA	1	36	249	284	70.19718	577.647705
3EUAA	1	61	28	88	179.724	349.24872
3EUAA	1	61	196	257	169.52472	349.24872
5M89A	1	41	66	105	30.449074	275.359694
5M89A	1	41	106	145	85.086914	275.359694
5M89A	1	41	146	186	37.456078	275.359694
5M89A	1	41	187	227	39.734623	275.359694
5M89A	1	41	228	271	51.52247	275.359694
5M89A	1	41	272	306	31.110535	275.359694
3K1UA	1	57	19	75	43.837463	271.127031
3K1UA	1	57	76	132	153.7391	271.127031
3K1UA	1	57	133	190	30.379478	271.127031
3K1UA	1	57	191	254	43.17099	271.127031
3DSSB	1	48	51	98	94.77471	426.40228
3DSSB	1	48	99	146	75.44643	426.40228
3DSSB	1	48	147	194	102.03503	426.40228
3DSSB	1	48	195	242	71.88606	426.40228
3DSSB	1	48	243	291	82.26005	426.40228
5UZ8A	1	106	2	110	224.38635	1172.27406
5UZ8A	1	106	111	217	224.0415	1172.27406
5UZ8A	1	106	218	321	206.21024	1172.27406
6NAUA	1	53	17	68	98.73729	231.854207
6NAUA	1	53	69	114	14.617901	231.854207
6NAUA	1	53	115	160	45.550926	231.854207
6NAUA	1	53	161	208	16.254318	231.854207
6NAUA	1	53	209	261	33.026585	231.854207
6NAUA	1	53	262	307	23.667187	231.854207
4ZI8A	1	109	113	221	279.362	1213.6963
4ZI8A	1	109	222	329	279.372	1213.6963
4N1IA	1	108	8	111	247.17712	526.344926
4N1IA	1	108	112	227	230.37515	526.344926
4N1IA	1	108	228	254	48.792656	526.344926
7KLJA	1	64	24	105	38.37477	173.603752
7KLJA	1	64	106	168	-5.026333	173.603752
7KLJA	1	64	169	260	54.261795	173.603752
7KLJA	1	64	261	295	85.99352	173.603752
1K5CA	1	30	182	208	46.42401	151.848218
1K5CA	1	30	209	238	59.9135	151.848218
1K5CA	1	30	239	259	45.510708	151.848218
5IGOA	1	42	93	133	72.77702	291.389676
5IGOA	1	42	136	175	47.27604	291.389676
5IGOA	1	42	178	219	69.831406	291.389676
5IGOA	1	42	220	260	77.27373	291.389676
5IGOA	1	42	261	286	24.23148	291.389676
3CHJA	1	55	89	143	161.40024	269.63735
3CHJA	1	55	171	225	108.23711	269.63735
5KLAA	1	36	20	55	52.814705	462.296364
5KLAA	1	36	56	91	57.98466	462.296364
5KLAA	1	36	92	127	60.26622	462.296364
5KLAA	1	36	128	163	58.713135	462.296364
5KLAA	1	36	164	199	59.66341	462.296364
5KLAA	1	36	200	235	65.818405	462.296364
5KLAA	1	36	236	271	48.295303	462.296364
5KLAA	1	36	272	311	34.55472	462.296364
5KLAA	1	36	312	331	24.185806	462.296364
1PBYB	1	40	202	241	59.836502	457.265719
1PBYB	1	40	242	281	60.506622	457.265719
1PBYB	1	40	282	320	104.80757	457.265719
2BI0A	1	130	40	169	389.08527	558.87195
2BI0A	1	130	203	335	169.78668	558.87195
1ZSWA	1	142	24	173	365.87183	571.23459
1ZSWA	1	142	174	318	205.36276	571.23459
6TBNB	1	45	12	55	105.36529	544.029261
6TBNB	1	45	56	100	100.69026	544.029261
6TBNB	1	45	101	145	104.42914	544.029261
6TBNB	1	45	146	191	93.15159	544.029261
6TBNB	1	45	192	248	57.449547	544.029261
6TBNB	1	45	249	299	31.373314	544.029261
6TBNB	1	45	300	334	51.57012	544.029261
1W7BA	1	72	35	106	131.96681	537.692776
1W7BA	1	72	107	190	137.27791	537.692776
1W7BA	1	72	191	263	141.63934	537.692776
1W7BA	1	72	264	334	126.808716	537.692776
4D5BA	1	87	38	117	78.25911	473.00511
4D5BA	1	87	118	202	175.6002	473.00511
4D5BA	1	87	203	293	149.4839	473.00511
4D5BA	1	87	294	339	69.6619	473.00511
6RMVA	1	42	48	89	37.320812	542.885478
6RMVA	1	42	90	133	43.586124	542.885478
6RMVA	1	42	134	176	66.27333	542.885478
6RMVA	1	42	177	218	100.82478	542.885478
6RMVA	1	42	219	260	101.78193	542.885478
6RMVA	1	42	261	304	51.389282	542.885478
6RMVA	1	42	305	340	64.26279	542.885478
4KVFA	1	24	256	279	22.448784	44.457154
4KVFA	1	24	280	305	22.00837	44.457154
4PVAA	1	44	11	53	119.57044	241.950026
4PVAA	1	44	243	276	-6.131214	241.950026
4PVAA	1	44	277	319	128.5108	241.950026
2WT1A	1	137	32	168	478.3775	920.99548
2WT1A	1	137	184	328	442.61798	920.99548
8PTDA	1	71	21	91	213.74945	370.01958
8PTDA	1	71	92	185	156.27013	370.01958
4BOJA	1	119	105	223	276.97617	387.038922
4BOJA	1	119	224	253	82.7836	387.038922
4BOJA	1	119	54	94	27.279152	387.038922
6KVHA	1	141	28	137	106.19209	537.58289
6KVHA	1	141	138	275	360.33893	537.58289
6KVHA	1	141	280	328	71.05187	537.58289
5GVAA	1	42	25	66	56.314224	239.606464
5GVAA	1	42	106	147	45.225994	239.606464
5GVAA	1	42	148	193	65.36463	239.606464
5GVAA	1	42	194	239	16.503176	239.606464
5GVAA	1	42	240	283	56.19844	239.606464
2BJQA	1	165	4	168	603.8978	1109.41342
2BJQA	1	165	177	345	505.51562	1109.41342
4NOVA	1	116	51	167	285.02502	1376.62149
4NOVA	1	116	168	284	285.34903	1376.62149
4NOVA	1	116	285	339	337.62054	1376.62149
6IJ1A	1	42	17	66	44.111565	178.166696
6IJ1A	1	42	67	114	13.85796	178.166696
6IJ1A	1	42	115	150	6.8603	178.166696
6IJ1A	1	42	151	175	10.573914	178.166696
6IJ1A	1	42	176	217	92.00708	178.166696
6IJ1A	1	42	218	265	-5.500143	178.166696
6IJ1A	1	42	266	285	16.25602	178.166696
5OJ5A	1	43	59	102	57.77237	313.895251
5OJ5A	1	43	103	145	97.27877	313.895251
5OJ5A	1	43	146	186	23.031235	313.895251
5OJ5A	1	43	187	228	24.81284	313.895251
5OJ5A	1	43	229	272	27.228497	313.895251
5OJ5A	1	43	273	316	52.510185	313.895251
5OJ5A	1	43	317	337	31.261354	313.895251
3HFQA	1	99	148	246	50.84559	342.20442
3HFQA	1	99	247	338	218.44472	342.20442
3HFQA	1	99	98	135	72.91411	342.20442
6JBUB	1	71	42	111	130.4177	525.933685
6JBUB	1	71	112	182	147.81474	525.933685
6JBUB	1	71	183	254	170.6647	525.933685
6JBUB	1	71	255	284	77.036545	525.933685
4FMZA	1	22	56	77	34.28059	574.190257
4FMZA	1	22	78	99	52.972237	574.190257
4FMZA	1	22	100	121	45.04647	574.190257
4FMZA	1	22	122	144	46.289516	574.190257
4FMZA	1	22	145	166	44.43259	574.190257
4FMZA	1	22	167	188	50.13253	574.190257
4FMZA	1	22	189	210	41.67549	574.190257
4FMZA	1	22	211	232	54.484734	574.190257
4FMZA	1	22	233	254	54.04104	574.190257
4FMZA	1	22	255	276	45.705254	574.190257
4FMZA	1	22	277	298	49.50164	574.190257
4FMZA	1	22	299	322	24.870628	574.190257
4FMZA	1	22	323	343	30.757538	574.190257
5FZPA	1	46	65	105	-1.3688164	190.5327731
5FZPA	1	46	106	144	13.4543915	190.5327731
5FZPA	1	46	145	192	38.99431	190.5327731
5FZPA	1	46	193	246	88.52811	190.5327731
5FZPA	1	46	247	299	18.731678	190.5327731
5FZPA	1	46	300	339	32.1931	190.5327731
5FZPA	2	7	13	19	23.659555	48.919385
5FZPA	2	7	22	28	25.25983	48.919385
8EBLA	1	50	138	182	15.487335	499.098737
8EBLA	1	50	183	232	21.888493	499.098737
8EBLA	1	50	233	284	88.66627	499.098737
8EBLA	1	50	285	325	101.1938	499.098737
8EBLA	1	50	16	55	64.64495	499.098737
8EBLA	1	50	56	96	70.269226	499.098737
1JYEA	1	58	79	142	1	334
1JYEA	1	58	143	200	174.5	334
1JYEA	1	58	238	297	158.5	334
3K7XA	1	117	30	144	189.96324	593.146776
3K7XA	1	117	145	270	311.28165	593.146776
3K7XA	1	117	271	342	91.901886	593.146776
4MKMA	1	149	1	149	691.3849	1560.55345
4MKMA	1	149	150	298	693.7063	1560.55345
4MKMA	1	149	299	335	175.46225	1560.55345
7O23A	1	14	2	15	44.74061	659.331369
7O23A	1	14	16	29	44.40975	659.331369
7O23A	1	14	30	43	42.175453	659.331369
7O23A	1	14	44	57	45.95761	659.331369
7O23A	1	14	58	71	43.928947	659.331369
7O23A	1	14	72	85	40.70205	659.331369
7O23A	1	14	86	99	45.3284	659.331369
7O23A	1	14	100	113	44.40975	659.331369
7O23A	1	14	114	127	40.21663	659.331369
7O23A	1	14	128	141	44.74061	659.331369
7O23A	1	14	142	155	37.232613	659.331369
7O23A	1	14	156	169	36.319298	659.331369
7O23A	1	14	170	183	36.31951	659.331369
7O23A	1	14	184	197	41.248688	659.331369
7O23A	1	14	212	225	36.08132	659.331369
7O23A	1	14	268	281	35.52013	659.331369
7O23A	2	14	226	239	44.77744	129.732524
7O23A	2	14	240	253	41.347214	129.732524
7O23A	2	14	254	267	43.60787	129.732524
4E3EA	1	122	9	132	365	615.5
4E3EA	1	122	133	194	-30	615.5
4E3EA	1	122	195	315	280.5	615.5
3VGZA	1	44	91	142	1.2964668	271.2492728
3VGZA	1	44	143	186	18.562103	271.2492728
3VGZA	1	44	187	230	45.400665	271.2492728
3VGZA	1	44	231	274	83.277504	271.2492728
3VGZA	1	44	275	315	60.767	271.2492728
5ET1A	1	34	10	43	41.981842	484.727769
5ET1A	1	34	44	77	56.43731	484.727769
5ET1A	1	34	78	111	62.935585	484.727769
5ET1A	1	34	112	145	55.405895	484.727769
5ET1A	1	34	146	179	51.117695	484.727769
5ET1A	1	34	180	213	61.708984	484.727769
5ET1A	1	34	214	247	57.52423	484.727769
5ET1A	1	34	248	279	41.943768	484.727769
5ET1A	1	34	280	312	33.588432	484.727769
5ET1A	1	34	313	325	22.084028	484.727769
5ET1A	2	10	326	335	29	49.5
5ET1A	2	10	336	348	20.5	49.5
5IZAA	1	44	91	135	52.07689	296.065775
5IZAA	1	44	136	179	53.508354	296.065775
5IZAA	1	44	180	222	49.712574	296.065775
5IZAA	1	44	223	271	10.826027	296.065775
5IZAA	1	44	272	313	84.01452	296.065775
5IZAA	1	44	314	338	45.92741	296.065775
7C38A	1	50	51	98	12.880196	535.083004
7C38A	1	50	99	151	29.518818	535.083004
7C38A	1	50	152	204	17.99813	535.083004
7C38A	1	50	205	254	15.567509	535.083004
7C38A	1	50	255	304	97.94139	535.083004
7C38A	1	50	305	326	66.32886	535.083004
3AMRA	1	155	95	249	262.13705	413.99382
3AMRA	1	155	250	312	151.85677	413.99382
3A72A	1	52	34	85	179.48671	327.28175
3A72A	1	52	98	154	147.79504	327.28175
2A3NA	1	100	14	113	288	531.5
2A3NA	1	100	177	278	243.5	531.5
4XGOA	1	48	20	67	12.041187	207.1244025
4XGOA	1	48	68	115	37.189743	207.1244025
4XGOA	1	48	116	161	28.530804	207.1244025
4XGOA	1	48	162	222	6.5581665	207.1244025
4XGOA	1	48	223	268	70.38167	207.1244025
4XGOA	1	48	269	303	52.422832	207.1244025
5A10A	1	63	39	91	57.48011	358.447876
5A10A	1	63	92	153	159.26122	358.447876
5A10A	1	63	154	213	37.88633	358.447876
5A10A	1	63	214	274	89.12683	358.447876
5A10A	1	63	275	337	14.693386	358.447876
2UVKB	1	65	27	79	52.467285	278.1362193
2UVKB	1	65	80	145	-7.3725777	278.1362193
2UVKB	1	65	146	212	59.602592	278.1362193
2UVKB	1	65	213	279	130.5973	278.1362193
2UVKB	1	65	280	324	42.84162	278.1362193
4MF9A	1	117	59	175	363	628
4MF9A	1	117	176	239	-69.5	628
4MF9A	1	117	240	359	334.5	628
3SCYA	1	45	25	70	66.73919	264.022832
3SCYA	1	45	71	117	52.983032	264.022832
3SCYA	1	45	118	174	13.629227	264.022832
3SCYA	1	45	175	231	3.267933	264.022832
3SCYA	1	45	232	279	27.46896	264.022832
3SCYA	1	45	280	325	74.68024	264.022832
3SCYA	1	45	326	354	25.25425	264.022832
8PAKA	1	163	76	238	297.77737	490.75605
8PAKA	1	163	239	302	192.97868	490.75605
4WWHA	1	73	35	109	76.23552	299.92717
4WWHA	1	73	110	182	61.228264	299.92717
4WWHA	1	73	183	248	126.436646	299.92717
4WWHA	1	73	249	325	20.32125	299.92717
4WWHA	1	73	326	361	15.70549	299.92717
7QZQA	1	54	58	113	29.772884	592.357256
7QZQA	1	54	114	163	19.86346	592.357256
7QZQA	1	54	164	219	100.49685	592.357256
7QZQA	1	54	220	277	101.95922	592.357256
7QZQA	1	54	278	322	83.54671	592.357256
4J9TA	1	61	131	194	76.42466	212.921979
4J9TA	1	61	195	247	74.07403	212.921979
4J9TA	1	61	58	103	46.3291	212.921979
4J9TA	1	61	104	115	16.094189	212.921979
6IGBA	1	52	15	60	63.0822	349.468695
6IGBA	1	52	61	115	43.310204	349.468695
6IGBA	1	52	116	174	11.153404	349.468695
6IGBA	1	52	175	226	43.394875	349.468695
6IGBA	1	52	227	278	37.430866	349.468695
6IGBA	1	52	279	326	103.749886	349.468695
6IGBA	1	52	327	343	47.34726	349.468695
5ORQA	1	35	1	35	159.16753	1738.95686
5ORQA	1	35	36	70	168.12373	1738.95686
5ORQA	1	35	71	105	169.19008	1738.95686
5ORQA	1	35	106	140	166.23387	1738.95686
5ORQA	1	35	141	175	169.19008	1738.95686
5ORQA	1	35	176	210	169.19008	1738.95686
5ORQA	1	35	211	245	168.12373	1738.95686
5ORQA	1	35	246	280	168.12373	1738.95686
5ORQA	1	35	281	315	169.19008	1738.95686
5ORQA	1	35	316	350	166.23387	1738.95686
5ORQA	1	35	351	364	66.19008	1738.95686
4H5IA	1	43	126	170	47.700645	220.766529
4H5IA	1	43	171	213	86.82017	220.766529
4H5IA	1	43	214	263	36.651764	220.766529
4H5IA	1	43	307	341	49.59395	220.766529
6SBCA	1	98	40	136	252.88046	376.793
6SBCA	1	98	206	290	123.91254	376.793
4HDJA	1	40	44	83	78.6105	332.41315
4HDJA	1	40	84	123	60.49279	332.41315
4HDJA	1	40	124	163	74.30672	332.41315
4HDJA	1	40	164	219	33.99597	332.41315
4HDJA	1	40	220	259	45.46694	332.41315
4HDJA	1	40	260	298	11.104828	332.41315
4HDJA	1	40	299	339	28.435402	332.41315
3NW4A	1	120	35	152	384	615.5
3NW4A	1	120	153	327	203	615.5
3NW4A	1	120	328	335	28.5	615.5
2BJRA	1	169	2	170	586.5	1070.5
2BJRA	1	169	184	364	484	1070.5
8GQEA	1	94	81	174	231.74594	379.56691
8GQEA	1	94	176	260	97.73781	379.56691
8GQEA	1	94	264	344	50.08316	379.56691
8GQEA	2	7	351	357	39	77
8GQEA	2	7	358	364	38	77
6MFAA	1	87	7	96	159.15202	657.27843
6MFAA	1	87	97	184	211.6375	657.27843
6MFAA	1	87	185	273	136.79953	657.27843
6MFAA	1	87	274	366	149.68938	657.27843
6GXRA	1	52	9	60	186.0222	1683.72888
6GXRA	1	52	61	112	212.77269	1683.72888
6GXRA	1	52	113	164	218.19337	1683.72888
6GXRA	1	52	165	216	212.01204	1683.72888
6GXRA	1	52	217	268	225.34074	1683.72888
6GXRA	1	52	269	320	219.41167	1683.72888
6GXRA	1	52	321	370	205.02158	1683.72888
6RG2B	1	48	36	84	156.55977	1252.0083
6RG2B	1	48	85	131	195.26028	1252.0083
6RG2B	1	48	132	179	193.29701	1252.0083
6RG2B	1	48	180	227	192.50256	1252.0083
6RG2B	1	48	228	275	187.76848	1252.0083
6RG2B	1	48	276	323	193.26308	1252.0083
6RG2B	1	48	324	368	133.35712	1252.0083
1HZ4A	1	79	178	256	189.4819	849.072073
1HZ4A	1	79	257	337	191.58499	849.072073
1HZ4A	1	79	338	370	192.1178	849.072073
6XZLA	1	52	8	59	113.075165	1027.081035
6XZLA	1	52	60	112	122.98567	1027.081035
6XZLA	1	52	113	164	136.73236	1027.081035
6XZLA	1	52	165	216	139.15126	1027.081035
6XZLA	1	52	217	268	135.36263	1027.081035
6XZLA	1	52	269	320	123.02554	1027.081035
6XZLA	1	52	321	370	124.26803	1027.081035
7QSJA	1	46	50	98	31.67236	170.848098
7QSJA	1	46	99	141	75.380486	170.848098
7QSJA	1	46	142	187	30.471622	170.848098
7QSJA	1	46	188	227	33.32363	170.848098
7EVFAA	1	40	30	70	35.881954	561.444712
7EVFAA	1	40	71	111	54.510193	561.444712
7EVFAA	1	40	112	152	72.29425	561.444712
7EVFAA	1	40	153	196	73.732895	561.444712
7EVFAA	1	40	197	237	65.97102	561.444712
7EVFAA	1	40	238	277	87.96774	561.444712
7EVFAA	1	40	278	317	88.8224	561.444712
7EVFAA	1	40	318	357	82.26426	561.444712
6GXSA	1	52	15	67	162.796	1503.70483
6GXSA	1	52	69	120	201.68459	1503.70483
6GXSA	1	52	121	170	177.14581	1503.70483
6GXSA	1	52	171	222	189.57466	1503.70483
6GXSA	1	52	223	274	212.44582	1503.70483
6GXSA	1	52	275	326	202.52148	1503.70483
6GXSA	1	52	327	376	176.69997	1503.70483
6TV2A	1	42	24	65	64.65809	102.709989
6TV2A	1	42	67	108	9.402519	102.709989
6TV2A	1	42	109	157	3.969986	102.709989
6TV2A	1	42	158	194	24.679394	102.709989
1VPKA	1	46	281	326	92.79338	118.594924
1VPKA	1	46	47	81	25.801544	118.594924
4TR6A	1	127	2	128	270.1732	564.48302
4TR6A	1	127	134	254	197.52309	564.48302
4TR6A	1	127	264	351	96.78673	564.48302
4ZOXA	1	160	30	193	363.3834	795.247136
4ZOXA	1	160	194	336	343.16837	795.247136
4ZOXA	1	160	337	381	88.695366	795.247136
3DMGA	1	151	24	174	483	741.5
3DMGA	1	151	175	371	258.5	741.5
5MUJA	1	150	143	292	452.58002	552.421756
5MUJA	1	150	68	139	99.841736	552.421756
5VG3A	1	138	49	187	448	819.5
5VG3A	1	138	188	364	343	819.5
5VG3A	1	138	365	375	28.5	819.5
8UB5A	1	61	24	84	42.76097	220.797923
8UB5A	1	61	85	140	16.790592	220.797923
8UB5A	1	61	141	208	9.661491	220.797923
8UB5A	1	61	209	266	151.58487	220.797923
8UB5A	2	17	325	341	54	88
8UB5A	2	17	342	366	34	88
4S3IA	1	124	4	125	311.87137	641.30394
4S3IA	1	124	126	252	253.2756	641.30394
4S3IA	1	124	253	345	76.15697	641.30394
5LW3A	1	47	147	193	76.3004	164.831799
5LW3A	1	47	194	247	57.419296	164.831799
5LW3A	1	47	248	293	31.112103	164.831799
4OGGA	1	191	1	192	789.5	1593.5
4OGGA	1	191	195	385	804	1593.5
6EOUA	1	34	38	71	24.39972	574.270975
6EOUA	1	34	72	105	72.903305	574.270975
6EOUA	1	34	106	139	45.06637	574.270975
6EOUA	1	34	140	173	61.445843	574.270975
6EOUA	1	34	174	207	56.11005	574.270975
6EOUA	1	34	208	241	56.24028	574.270975
6EOUA	1	34	242	275	62.326622	574.270975
6EOUA	1	34	276	309	55.82785	574.270975
6EOUA	1	34	310	343	67.63874	574.270975
6EOUA	1	34	344	377	72.312195	574.270975
7RUOA	1	42	58	99	26.82988	315.000763
7RUOA	1	42	100	141	67.64793	315.000763
7RUOA	1	42	142	183	85.45738	315.000763
7RUOA	1	42	184	225	45.09372	315.000763
7RUOA	1	42	226	267	29.609753	315.000763
7RUOA	1	42	268	308	60.3621	315.000763
3KCIA	1	52	8	59	64.21377	778.769365
3KCIA	1	52	60	111	84.90603	778.769365
3KCIA	1	52	114	165	133.48369	778.769365
3KCIA	1	52	166	217	134.80281	778.769365
3KCIA	1	52	218	271	108.416245	778.769365
3KCIA	1	52	272	323	128.12917	778.769365
3KCIA	1	52	324	375	124.81765	778.769365
4YY8B	1	47	108	154	88.99007	434.017847
4YY8B	1	47	155	202	52.092796	434.017847
4YY8B	1	47	203	249	103.36125	434.017847
4YY8B	1	47	250	296	72.807365	434.017847
4YY8B	1	47	297	344	69.0328	434.017847
4YY8B	1	47	345	379	47.733566	434.017847
5ZHBA	1	62	26	87	126.82085	297.109286
5ZHBA	1	62	88	149	115.952576	297.109286
5ZHBA	1	62	150	221	54.33586	297.109286
7E0MA	1	129	71	199	399.5	764
7E0MA	1	129	260	389	364.5	764
4OZUA	1	51	90	140	39.33854	228.07511
4OZUA	1	51	141	190	129.17627	228.07511
4OZUA	1	51	191	227	34.40754	228.07511
4OZUA	1	51	59	88	25.15276	228.07511
6QIXA	1	160	22	181	656	1234.5
6QIXA	1	160	188	357	578.5	1234.5
4V1SA	1	62	148	207	56.59848	266.306548
4V1SA	1	62	208	269	51.701668	266.306548
4V1SA	1	62	270	330	158.0064	266.306548
4QAMA	1	52	40	91	103.425385	563.711591
4QAMA	1	52	92	144	81.560616	563.711591
4QAMA	1	52	145	194	113.48048	563.711591
4QAMA	1	52	195	247	89.50901	563.711591
4QAMA	1	52	248	299	84.22037	563.711591
4QAMA	1	52	300	353	91.51573	563.711591
2BWRA	1	55	17	69	138.90025	1248.26651
2BWRA	1	55	70	126	149.58101	1248.26651
2BWRA	1	55	127	181	184.85017	1248.26651
2BWRA	1	55	182	237	157.40645	1248.26651
2BWRA	1	55	238	292	161.2095	1248.26651
2BWRA	1	55	293	347	188.59276	1248.26651
2BWRA	1	55	348	399	137.36609	1248.26651
5HX0A	1	54	98	151	147.83412	171.342397
5HX0A	1	54	152	234	-42.548973	171.342397
5HX0A	1	54	235	284	-5.815651	171.342397
5HX0A	1	54	285	336	26.559608	171.342397
5HX0A	1	54	337	390	45.313293	171.342397
1FP3A	1	66	32	97	191.16362	400.0403756
1FP3A	1	66	232	285	-2.3273544	400.0403756
1FP3A	1	66	286	351	153.15823	400.0403756
1FP3A	1	66	352	368	58.04588	400.0403756
4Z4JA	1	72	77	153	158.45941	418.25641
4Z4JA	1	72	155	226	215.60892	418.25641
4Z4JA	1	72	227	250	44.18808	418.25641
4O2WA	1	52	42	90	51.20427	848.744745
4O2WA	1	52	91	145	96.70735	848.744745
4O2WA	1	52	146	197	135.37895	848.744745
4O2WA	1	52	198	249	138.93889	848.744745
4O2WA	1	52	250	302	120.86072	848.744745
4O2WA	1	52	303	354	97.62109	848.744745
4O2WA	1	52	355	404	95.76798	848.744745
5AGVB	1	135	14	135	146.60132	650.15707
5AGVB	1	135	136	268	338.58853	650.15707
5AGVB	1	135	269	386	164.96722	650.15707
6FQ3A	1	47	137	183	130.75397	718.90716
6FQ3A	1	47	184	230	125.50128	718.90716
6FQ3A	1	47	231	277	133.43013	718.90716
6FQ3A	1	47	278	324	93.65263	718.90716
6FQ3A	1	47	325	371	139.69026	718.90716
6FQ3A	1	47	372	409	95.87889	718.90716
3K62A	1	90	30	112	118.66405	406.04872
3K62A	1	90	113	188	151.42426	406.04872
3K62A	1	90	189	278	89.47876	406.04872
3K62A	1	90	279	346	46.48165	406.04872
3WKGA	1	62	13	75	129.71419	413.411142
3WKGA	1	62	76	137	129.86665	413.411142
3WKGA	1	62	138	209	74.25368	413.411142
3WKGA	1	62	272	335	31.186874	413.411142
3WKGA	1	62	336	379	48.389748	413.411142
1A12A	1	51	18	68	72.754295	367.1701067
1A12A	1	51	69	120	96.07516	367.1701067
1A12A	1	51	121	173	106.83541	367.1701067
1A12A	1	51	174	241	14.710915	367.1701067
1A12A	1	51	242	295	3.1896667	367.1701067
1A12A	1	51	296	346	46.66117	367.1701067
1A12A	1	51	347	400	26.94349	367.1701067
7MHUA	1	59	45	103	193.58664	346.401
7MHUA	1	59	106	168	152.81436	346.401
6XI3AAA	1	97	22	118	417.76224	1643.96155
6XI3AAA	1	97	119	215	418.14908	1643.96155
6XI3AAA	1	97	216	312	402.384	1643.96155
6XI3AAA	1	97	313	409	405.66623	1643.96155
6FNWA	1	46	32	77	37.081066	470.138696
6FNWA	1	46	78	124	35.23891	470.138696
6FNWA	1	46	125	175	21.712414	470.138696
6FNWA	1	46	176	222	49.4852	470.138696
6FNWA	1	46	223	270	72.81583	470.138696
6FNWA	1	46	271	316	101.810356	470.138696
6FNWA	1	46	317	362	104.19118	470.138696
6FNWA	1	46	363	404	47.80374	470.138696
8D19A	1	46	296	341	156.26653	325.718678
8D19A	1	46	342	392	134.94308	325.718678
8D19A	1	46	393	403	34.509068	325.718678
6X6XA	1	183	15	197	536	999.5
6X6XA	1	183	219	401	463.5	999.5
3VL1A	1	42	180	224	9.417995	143.125835
3VL1A	1	42	225	265	82.147316	143.125835
3VL1A	1	42	266	310	51.560524	143.125835
4E9LA	1	102	9	109	157.72008	921.68533
4E9LA	1	102	110	212	274.34006	921.68533
4E9LA	1	102	213	313	258.42838	921.68533
4E9LA	1	102	314	403	231.19681	921.68533
5WTZA	1	187	7	193	590	1054
5WTZA	1	187	194	398	464	1054
5U4HA	1	68	5	71	70.59929	381.833352
5U4HA	1	68	72	144	25.665035	381.833352
5U4HA	1	68	145	214	98.00205	381.833352
5U4HA	1	68	215	281	65.27088	381.833352
5U4HA	1	68	282	353	27.303482	381.833352
5U4HA	1	68	354	421	94.992615	381.833352
8H1KA	1	62	22	85	116.817566	319.133045
8H1KA	1	62	86	147	94.132835	319.133045
8H1KA	1	62	148	215	62.386528	319.133045
8H1KA	1	62	216	238	45.796116	319.133045
5XGSA	1	58	72	130	39.601772	508.425195
5XGSA	1	58	131	188	94.52413	508.425195
5XGSA	1	58	189	241	105.051125	508.425195
5XGSA	1	58	242	292	19.324123	508.425195
5XGSA	1	58	293	350	72.55595	508.425195
5XGSA	1	58	351	403	64.9736	508.425195
5XGSA	1	58	404	423	31.96904	508.425195
5XGSA	1	58	30	43	26.696325	508.425195
1RF6A	1	144	1	146	197.0928	711.8603
1RF6A	1	144	147	294	346.22665	711.8603
1RF6A	1	144	295	424	168.54085	711.8603
7TEMA	1	56	105	159	98.72417	277.32912
7TEMA	1	56	160	215	101.096695	277.32912
7TEMA	1	56	216	275	77.508255	277.32912
3CX5A	1	153	6	158	189.34106	652.46469
3CX5A	1	153	159	311	400.66678	652.46469
3CX5A	1	153	312	375	62.45685	652.46469
3BWSA	1	91	65	153	9.774147	312.281957
3BWSA	1	91	154	255	34.29992	312.281957
3BWSA	1	91	256	346	81.80182	312.281957
3BWSA	1	91	347	430	186.40607	312.281957
2H6FB	1	48	126	176	122.10422	344.7435955
2H6FB	1	48	177	224	48.80726	344.7435955
2H6FB	1	48	225	272	141.49318	344.7435955
2H6FB	1	48	273	334	2.0529785	344.7435955
2H6FB	1	48	335	371	30.285957	344.7435955
7ESKA	1	125	79	194	102.30609	633.75764
7ESKA	1	125	195	314	355.64163	633.75764
7ESKA	1	125	315	422	175.80992	633.75764
4YARA	1	72	15	86	216.5	427.5
4YARA	1	72	242	315	211	427.5
2PQCA	1	144	16	160	224.30515	719.38457
2PQCA	1	144	161	314	330.11127	719.38457
2PQCA	1	144	315	444	164.96815	719.38457
6XI1AAA	1	106	21	126	516.1721	2066.28095
6XI1AAA	1	106	127	232	519.6893	2066.28095
6XI1AAA	1	106	233	338	510.1903	2066.28095
6XI1AAA	1	106	339	444	520.22925	2066.28095
2O0BA	1	71	36	109	68.76573	333.645646
2O0BA	1	71	110	177	116.211	333.645646
2O0BA	1	71	178	248	58.74669	333.645646
2O0BA	1	71	249	319	58.47686	333.645646
2O0BA	1	71	320	348	31.445366	333.645646
6B9RA	1	150	68	217	460	832.5
6B9RA	1	150	289	428	372.5	832.5
4BQKA	1	43	1	44	14.439566	490.490934
4BQKA	1	43	45	87	67.37298	490.490934
4BQKA	1	43	88	129	55.029785	490.490934
4BQKA	1	43	130	171	46.40285	490.490934
4BQKA	1	43	172	213	73.043526	490.490934
4BQKA	1	43	214	255	73.84947	490.490934
4BQKA	1	43	256	298	76.37814	490.490934
4BQKA	1	43	299	341	63.275253	490.490934
4BQKA	1	43	342	378	20.699364	490.490934
7UDHA	1	61	229	282	110.12547	664.173343
7UDHA	1	61	283	349	132.28197	664.173343
7UDHA	1	61	350	409	71.02771	664.173343
7UDHA	1	61	410	439	68.84719	664.173343
7UDHA	1	61	17	43	78.21375	664.173343
6BW9A	1	42	22	64	32.625496	479.097414
6BW9A	1	42	65	107	78.75963	479.097414
6BW9A	1	42	108	149	40.910313	479.097414
6BW9A	1	42	151	192	30.653425	479.097414
6BW9A	1	42	193	234	79.01479	479.097414
6BW9A	1	42	235	276	61.98151	479.097414
6BW9A	1	42	277	318	85.50061	479.097414
6BW9A	1	42	319	361	69.65164	479.097414
1Z7XW	1	57	4	56	66.27598	939.90557
1Z7XW	1	57	57	113	127.11017	939.90557
1Z7XW	1	57	114	170	145.5543	939.90557
1Z7XW	1	57	171	227	128.25127	939.90557
1Z7XW	1	57	228	284	136.7862	939.90557
1Z7XW	1	57	285	341	134.78104	939.90557
1Z7XW	1	57	342	398	120.59027	939.90557
1Z7XW	1	57	399	455	80.55634	939.90557
1QS1A	1	197	11	196	426.69034	1047.70688
1QS1A	1	197	197	393	477.53955	1047.70688
1QS1A	1	197	394	462	143.47699	1047.70688
1O6VA	1	22	75	96	48.947258	703.153701
1O6VA	1	22	97	118	59.48328	703.153701
1O6VA	1	22	119	140	55.790226	703.153701
1O6VA	1	22	141	162	48.32154	703.153701
1O6VA	1	22	163	183	41.923965	703.153701
1O6VA	1	22	184	205	46.178314	703.153701
1O6VA	1	22	206	227	52.01165	703.153701
1O6VA	1	22	228	249	50.516518	703.153701
1O6VA	1	22	250	271	53.240658	703.153701
1O6VA	1	22	272	293	51.456043	703.153701
1O6VA	1	22	294	315	50.517323	703.153701
1O6VA	1	22	316	337	45.178345	703.153701
1O6VA	1	22	338	359	47.933426	703.153701
1O6VA	1	22	360	381	51.655155	703.153701
1O6VA	2	13	403	415	8.667301	47.246191
1O6VA	2	13	416	428	25.133688	47.246191
1O6VA	2	13	429	441	13.445202	47.246191
4BWRA	1	36	8	43	72.99685	794.603643
4BWRA	1	36	44	79	77.58466	794.603643
4BWRA	1	36	80	115	72.53289	794.603643
4BWRA	1	36	116	151	78.309395	794.603643
4BWRA	1	36	152	187	68.76151	794.603643
4BWRA	1	36	188	223	62.625828	794.603643
4BWRA	1	36	224	259	66.79135	794.603643
4BWRA	1	36	260	296	71.32191	794.603643
4BWRA	1	36	297	331	66.06205	794.603643
4BWRA	1	36	332	367	71.08333	794.603643
4BWRA	1	36	368	403	86.53387	794.603643
4OYBA	1	126	47	172	375.5	683
4OYBA	1	126	287	411	307.5	683
4WJSA	1	42	105	147	72.01836	604.303612
4WJSA	1	42	148	189	93.682594	604.303612
4WJSA	1	42	190	238	59.18547	604.303612
4WJSA	1	42	239	279	68.414986	604.303612
4WJSA	1	42	280	320	35.6054	604.303612
4WJSA	1	42	321	361	11.307587	604.303612
4WJSA	1	42	363	404	87.45725	604.303612
4WJSA	1	42	405	446	93.33448	604.303612
4WJSA	1	42	447	483	83.297485	604.303612
2FR0A	1	185	19	221	436.58704	848.84385
2FR0A	1	185	222	398	359.30276	848.84385
2FR0A	1	185	399	423	52.95405	848.84385
6I18A	1	40	60	100	41.51584	340.404885
6I18A	1	40	142	185	14.989655	340.404885
6I18A	1	40	186	220	42.195633	340.404885
6I18A	1	40	221	262	34.712975	340.404885
6I18A	1	40	263	304	25.262383	340.404885
6I18A	1	40	305	344	48.10722	340.404885
6I18A	1	40	345	384	61.739967	340.404885
6I18A	1	40	385	422	15.365326	340.404885
6I18A	1	40	423	460	34.1355	340.404885
6I18A	1	40	461	492	22.380386	340.404885
7T7AA	1	23	18	40	31.744837	646.413127
7T7AA	1	23	41	63	35.91426	646.413127
7T7AA	1	23	64	86	39.058403	646.413127
7T7AA	1	23	87	109	36.266758	646.413127
7T7AA	1	23	110	132	30.163359	646.413127
7T7AA	1	23	133	155	38.82644	646.413127
7T7AA	1	23	156	178	41.739986	646.413127
7T7AA	1	23	179	201	42.792103	646.413127
7T7AA	1	23	202	224	35.58176	646.413127
7T7AA	1	23	225	248	32.75345	646.413127
7T7AA	1	23	273	296	24.31416	646.413127
7T7AA	1	23	297	319	34.22054	646.413127
7T7AA	1	23	320	342	37.64627	646.413127
7T7AA	1	23	343	365	37.857155	646.413127
7T7AA	1	23	366	388	41.62319	646.413127
7T7AA	1	23	389	411	42.085415	646.413127
7T7AA	1	23	412	434	40.258858	646.413127
7T7AA	1	23	435	458	23.566183	646.413127
3V6TA	1	34	12	45	19.96122	1734.216525
3V6TA	1	34	46	80	65.766	1734.216525
3V6TA	1	34	81	114	147.47887	1734.216525
3V6TA	1	34	115	148	147.02895	1734.216525
3V6TA	1	34	149	182	144.02461	1734.216525
3V6TA	1	34	183	216	148.69815	1734.216525
3V6TA	1	34	217	250	148.69815	1734.216525
3V6TA	1	34	251	284	146.34772	1734.216525
3V6TA	1	34	285	318	148.69815	1734.216525
3V6TA	1	34	319	352	147.47887	1734.216525
3V6TA	1	34	353	386	148.24823	1734.216525
3V6TA	1	34	387	420	147.02895	1734.216525
3V6TA	1	34	421	454	148.69815	1734.216525
3V6TA	1	34	455	488	26.060505	1734.216525
6N1BA	1	86	35	128	174.21924	524.17876
6N1BA	1	86	129	214	263.29352	524.17876
6N1BA	1	86	215	264	86.666	524.17876
6RTEB	1	45	138	181	34.44308	277.7518337
6RTEB	1	45	182	222	47.781258	277.7518337
6RTEB	1	45	223	267	29.573238	277.7518337
6RTEB	1	45	315	359	7.4646797	277.7518337
6RTEB	1	45	360	405	61.372772	277.7518337
6RTEB	1	45	406	449	13.266716	277.7518337
6RTEB	1	45	450	489	83.85009	277.7518337
6YIIA	1	133	30	162	370.5	628.5
6YIIA	1	133	163	266	-70	628.5
6YIIA	1	133	267	392	328	628.5
5UYTA	1	217	3	217	729.84106	1382.58596
5UYTA	1	217	218	442	652.7449	1382.58596
1YQTA	1	219	30	247	801.8182	1298.69705
1YQTA	1	219	248	491	496.87885	1298.69705
2Z81A	1	48	26	73	52.292446	293.103471
2Z81A	1	48	74	122	81.8798	293.103471
2Z81A	1	48	123	171	29.52486	293.103471
2Z81A	1	48	222	263	-5.526165	293.103471
2Z81A	1	48	310	360	16.88424	293.103471
2Z81A	1	48	361	409	57.664383	293.103471
2Z81A	1	48	410	450	20.496761	293.103471
2Z81A	1	48	451	496	39.887146	293.103471
2W3PA	1	179	51	229	495.5	815.5
2W3PA	1	179	230	480	294	815.5
2W3PA	1	179	481	503	26	815.5
2P1MB	1	49	97	147	6.9237404	237.7797554
2P1MB	1	49	148	202	6.788452	237.7797554
2P1MB	1	49	203	250	85.7385	237.7797554
2P1MB	1	49	251	279	4.636631	237.7797554
2P1MB	1	49	281	329	52.28945	237.7797554
2P1MB	1	49	330	388	16.217686	237.7797554
2P1MB	1	49	424	472	34.53255	237.7797554
2P1MB	1	49	473	488	30.652746	237.7797554
6UZTA	1	289	17	308	1023.15515	2048.07645
6UZTA	1	289	309	597	1024.9213	2048.07645
3T6QA	1	75	36	107	46.818626	274.6192086
3T6QA	1	75	108	179	17.28601	274.6192086
3T6QA	1	75	180	254	-2.8745594	274.6192086
3T6QA	1	75	257	327	48.37362	274.6192086
3T6QA	1	75	328	402	43.32219	274.6192086
3T6QA	1	75	403	478	63.323242	274.6192086
3T6QA	1	75	479	549	58.37008	274.6192086
1NR0A	1	42	58	101	15.480076	308.311529
1NR0A	1	42	102	145	8.311813	308.311529
1NR0A	1	42	189	237	32.294525	308.311529
1NR0A	1	42	238	278	64.03425	308.311529
1NR0A	1	42	323	365	38.702984	308.311529
1NR0A	1	42	366	407	21.863216	308.311529
1NR0A	1	42	408	448	-4.496212	308.311529
1NR0A	1	42	449	489	26.649445	308.311529
1NR0A	1	42	490	534	23.66603	308.311529
1NR0A	1	42	535	579	49.60975	308.311529
1NR0A	1	42	580	609	32.195652	308.311529
5IXOA	1	24	75	99	17.609138	786.708251
5IXOA	1	24	100	124	32.64381	786.708251
5IXOA	1	24	125	148	36.13505	786.708251
5IXOA	1	24	149	172	44.860924	786.708251
5IXOA	1	24	173	197	33.301006	786.708251
5IXOA	1	24	198	221	27.454723	786.708251
5IXOA	1	24	222	245	39.251163	786.708251
5IXOA	1	24	246	269	46.16644	786.708251
5IXOA	1	24	270	292	31.900818	786.708251
5IXOA	1	24	293	316	36.579994	786.708251
5IXOA	1	24	317	340	39.657272	786.708251
5IXOA	1	24	341	364	37.22771	786.708251
5IXOA	1	24	365	388	32.00961	786.708251
5IXOA	1	24	389	412	40.15679	786.708251
5IXOA	1	24	413	436	38.476532	786.708251
5IXOA	1	24	437	460	47.243237	786.708251
5IXOA	1	24	461	484	31.037628	786.708251
5IXOA	1	24	485	508	44.188137	786.708251
5IXOA	1	24	509	532	47.58908	786.708251
5IXOA	1	24	533	556	43.907307	786.708251
5IXOA	1	24	557	573	39.311882	786.708251
7O7GA	1	38	181	218	88.744644	165.423791
7O7GA	1	38	252	295	49.467796	165.423791
7O7GA	1	38	301	310	27.211351	165.423791
7O7GA	2	38	495	534	43.172623	276.988143
7O7GA	2	38	537	574	74.73807	276.988143
7O7GA	2	38	575	612	79.369865	276.988143
7O7GA	2	38	613	653	46.35714	276.988143
7O7GA	2	38	654	661	33.350445	276.988143
1CZAN	1	448	1	454	1767.8981	3568.9411
1CZAN	1	448	455	902	1801.043	3568.9411
6I35B	1	278	29	306	870	1568
6I35B	1	278	435	742	698	1568
7CZ9A	1	151	346	496	420.5	710.5
7CZ9A	1	151	497	698	-119.5	710.5
7CZ9A	1	151	882	1032	409.5	710.5
4DX5A	1	208	278	485	578.5	957
4DX5A	1	208	663	815	-120.5	957
4DX5A	1	208	816	1018	499	957
